doc_no,ln,post_dt,doc_dt,per,doc_type,acct,dc,amt_lc,cur,amt_doc,ref,assign,vend_no,txt,usr
09000001,1,2025-01-01,2025-01-01,2025/01,SV,2810,C,420463.19,NVK,420463.19,,4500201800010,79001,Balance carried forward,BATCH
09000001,2,2025-01-01,2025-01-01,2025/01,SV,2810,C,695416.42,NVK,695416.42,,4500201800020,79001,Balance carried forward,BATCH
09000001,3,2025-01-01,2025-01-01,2025/01,SV,2810,C,4704.00,NVK,4704.00,,4500203300010,70013,Balance carried forward,BATCH
09000001,4,2025-01-01,2025-01-01,2025/01,SV,2810,C,1711.64,NVK,1711.64,,4500203300020,70013,Balance carried forward,BATCH
09000001,5,2025-01-01,2025-01-01,2025/01,SV,2810,C,3667.29,NVK,3667.29,,4500203300030,70013,Balance carried forward,BATCH
09000001,6,2025-01-01,2025-01-01,2025/01,SV,2810,C,60553.60,NVK,60553.60,,4500203400010,70023,Balance carried forward,BATCH
09000001,7,2025-01-01,2025-01-01,2025/01,SV,2810,C,67144.14,NVK,67144.14,,4500203600010,70012,Balance carried forward,BATCH
09000001,8,2025-01-01,2025-01-01,2025/01,SV,2810,C,12272.00,NVK,12272.00,,4500203600020,70012,Balance carried forward,BATCH
09000001,9,2025-01-01,2025-01-01,2025/01,SV,2810,C,33045.00,NVK,33045.00,,4500203600030,70012,Balance carried forward,BATCH
10000822,1,2025-01-01,2025-01-01,2025/01,SA,2810,D,889788.53,NVK,889788.53,10000815,4500202100010,79001,Rev. goods in transit group,JKOV
10000822,2,2025-01-01,2025-01-01,2025/01,SA,2810,D,65208.75,NVK,65208.75,10000815,4500202100020,79001,Rev. goods in transit group,JKOV
10000822,3,2025-01-01,2025-01-01,2025/01,SA,2810,D,91120.00,NVK,91120.00,10000815,4500202100030,79001,Rev. goods in transit group,JKOV
10000822,4,2025-01-01,2025-01-01,2025/01,SA,2810,D,490672.26,NVK,490672.26,10000815,4500202100040,79001,Rev. goods in transit group,JKOV
10000822,5,2025-01-01,2025-01-01,2025/01,SA,2810,D,79574.58,NVK,79574.58,10000815,4500202700010,79001,Rev. goods in transit group,JKOV
10000822,6,2025-01-01,2025-01-01,2025/01,SA,2810,D,1468415.90,NVK,1468415.90,10000815,4500202700020,79001,Rev. goods in transit group,JKOV
10000822,7,2025-01-01,2025-01-01,2025/01,SA,2810,D,332884.86,NVK,332884.86,10000815,4500202700030,79001,Rev. goods in transit group,JKOV
10000822,8,2025-01-01,2025-01-01,2025/01,SA,1450,C,3417664.88,NVK,3417664.88,10000815,,,Rev. goods in transit group,JKOV
51007314,1,2025-01-01,2024-12-29,2025/01,RE,3350,C,1035250.24,EUR,92095.92,MSC90052691,,79001,Meridia Supply Chain B.V,MHAL
51007314,2,2025-01-01,2024-12-29,2025/01,RE,2810,D,502639.97,EUR,44714.88,MSC90052691,4500202200010,79001,Meriflux 10 mg tbl 28x,MHAL
51007314,3,2025-01-01,2024-12-29,2025/01,RE,2810,D,478572.54,EUR,42573.84,MSC90052691,4500202200020,79001,Merizol 40 mg caps 30x,MHAL
51007314,4,2025-01-01,2024-12-29,2025/01,RE,2810,D,54037.74,EUR,4807.20,MSC90052691,4500202200030,79001,Mericard crm 30 g,MHAL
51007315,1,2025-01-01,2024-12-30,2025/01,RE,3300,C,138176.52,NVK,138176.52,R/26092/24,,70012,Brenko Pak d.o.o.,TBER
51007315,2,2025-01-01,2024-12-30,2025/01,RE,2810,D,69830.10,NVK,69830.10,R/26092/24,4500203600010,70012,Bubble wrap 1.2 m,TBER
51007315,3,2025-01-01,2024-12-30,2025/01,RE,2810,C,2685.96,NVK,0.00,R/26092/24,4500203600010,70012,Diff. GR/IR,BATCH
51007315,4,2025-01-01,2024-12-30,2025/01,RE,2810,D,12272.00,NVK,12272.00,R/26092/24,4500203600020,70012,Packing tape 48 mm,TBER
51007315,5,2025-01-01,2024-12-30,2025/01,RE,2810,D,33045.00,NVK,33045.00,R/26092/24,4500203600030,70012,Paper filler 70 g,TBER
51007315,6,2025-01-01,2024-12-30,2025/01,RE,5890,D,2685.96,NVK,0.00,R/26092/24,,70012,Diff. GR/IR,BATCH
50013057,1,2025-01-03,2024-12-31,2025/01,WE,2810,C,42958.80,NVK,42958.80,OT578140,4500204800010,70014,Patient leaflet reprint type,WH02
50013057,2,2025-01-03,2024-12-31,2025/01,WE,2810,C,912.25,NVK,912.25,OT578140,4500204800020,70014,Patient leaflet reprint type,WH02
50013057,3,2025-01-03,2024-12-31,2025/01,WE,1410,D,43871.05,NVK,43871.05,OT578140,,70014,Goods receipt 45002048,WH02
51007317,1,2025-01-06,2025-01-02,2025/01,RE,3350,C,2559953.40,EUR,227733.60,MSC90052716,,79001,Meridia Supply Chain B.V,TBER
51007317,2,2025-01-06,2025-01-02,2025/01,RE,2810,D,227222.88,EUR,20213.76,MSC90052716,4500202800010,79001,Meritan 100 mg/5 ml susp 100,TBER
51007317,3,2025-01-06,2025-01-02,2025/01,RE,2810,D,705981.56,EUR,62804.16,MSC90052716,4500202800020,79001,Meriderm 40 mg caps 30x,TBER
51007317,4,2025-01-06,2025-01-02,2025/01,RE,2810,D,291658.09,EUR,25945.92,MSC90052716,4500202800030,79001,Merinor 250 mg inj 5 amp,TBER
51007317,5,2025-01-06,2025-01-02,2025/01,RE,2810,D,1335090.87,EUR,118769.76,MSC90052716,4500202800040,79001,Meripain 10 mg tbl 28x,TBER
51007318,1,2025-01-06,2024-12-31,2025/01,RE,3300,C,72664.32,NVK,72664.32,F-046817,,70023,Analitika Preles d.o.o.,JKOV
51007318,2,2025-01-06,2024-12-31,2025/01,RE,2810,D,60553.60,NVK,60553.60,F-046817,4500203400010,70023,HPLC column C18,JKOV
50013059,1,2025-01-07,2025-01-06,2025/01,WE,2810,C,5966.84,NVK,5966.84,OT767596,4500204200010,70031,Envelopes C4,WH02
50013059,2,2025-01-07,2025-01-06,2025/01,WE,2810,C,3016.30,NVK,3016.30,OT767596,4500204200020,70031,Copy paper A4 80 g,WH02
50013059,3,2025-01-07,2025-01-06,2025/01,WE,1410,D,8983.14,NVK,8983.14,OT767596,,70031,Goods receipt 45002042,WH02
50013062,1,2025-01-07,2025-01-06,2025/01,WE,2810,C,20775.60,NVK,20775.60,D-962883,4500205100010,70022,Reference standard kit,WH01
50013062,2,2025-01-07,2025-01-06,2025/01,WE,2810,C,12457.80,NVK,12457.80,D-962883,4500205100020,70022,Solvent HPLC grade 2.5 l,WH01
50013062,3,2025-01-07,2025-01-06,2025/01,WE,1410,D,33233.40,NVK,33233.40,D-962883,,70022,Goods receipt 45002051,WH01
51007320,1,2025-01-07,2025-01-04,2025/01,RE,3300,C,12099.52,NVK,12099.52,2025/37067,,70013,Etiketa Sorvin d.o.o.,JKOV
51007320,2,2025-01-07,2025-01-04,2025/01,RE,2810,D,4704.00,NVK,4704.00,2025/37067,4500203300010,70013,Label cold-chain warning,JKOV
51007320,3,2025-01-07,2025-01-04,2025/01,RE,2810,D,1711.64,NVK,1711.64,2025/37067,4500203300020,70013,Label thermal 100x60,JKOV
51007320,4,2025-01-07,2025-01-04,2025/01,RE,2810,D,3667.29,NVK,3667.29,2025/37067,4500203300030,70013,Label serialisation blank 50,JKOV
51007321,1,2025-01-07,2025-01-05,2025/01,RE,3300,C,49800.00,NVK,49800.00,F-045082,,70054,Autolease Vendra d.o.o.,JKOV
51007322,1,2025-01-07,2025-01-02,2025/01,RE,3300,C,14880.00,NVK,14880.00,R/17779/25,,70056,Varnost Tregal d.o.o.,MHAL
50013063,1,2025-01-09,2025-01-07,2025/01,WE,2810,C,891970.65,EUR,79349.76,MSC-DN-419062,4500202100010,79001,Meritan 40 mg caps 30x,WH02
50013063,2,2025-01-09,2025-01-07,2025/01,WE,2810,D,2182.12,EUR,0.00,MSC-DN-419062,4500202100010,79001,Diff. GR/IR,BATCH
50013063,3,2025-01-09,2025-01-07,2025/01,WE,2810,C,65368.66,EUR,5815.20,MSC-DN-419062,4500202100020,79001,Meriderm 40 mg caps 30x,WH02
50013063,4,2025-01-09,2025-01-07,2025/01,WE,2810,D,159.91,EUR,0.00,MSC-DN-419062,4500202100020,79001,Diff. GR/IR,BATCH
50013063,5,2025-01-09,2025-01-07,2025/01,WE,2810,C,91343.47,EUR,8125.92,MSC-DN-419062,4500202100030,79001,Merivent 40 mg caps 30x,WH02
50013063,6,2025-01-09,2025-01-07,2025/01,WE,2810,D,223.47,EUR,0.00,MSC-DN-419062,4500202100030,79001,Diff. GR/IR,BATCH
50013063,7,2025-01-09,2025-01-07,2025/01,WE,2810,C,491875.58,EUR,43757.28,MSC-DN-419062,4500202100040,79001,Meripain 10 mg tbl 28x,WH02
50013063,8,2025-01-09,2025-01-07,2025/01,WE,2810,D,1203.32,EUR,0.00,MSC-DN-419062,4500202100040,79001,Diff. GR/IR,BATCH
50013063,9,2025-01-09,2025-01-07,2025/01,WE,1400,D,1540558.36,EUR,0.00,MSC-DN-419062,,79001,Goods receipt 45002021,WH02
50013063,10,2025-01-09,2025-01-07,2025/01,WE,6950,C,3768.82,EUR,0.00,MSC-DN-419062,,79001,Diff. GR/IR,BATCH
51007324,1,2025-01-09,2025-01-05,2025/01,RE,3350,C,1118616.19,EUR,99512.16,MSC90052740,,79001,Meridia Supply Chain B.V,MHAL
51007324,2,2025-01-09,2025-01-05,2025/01,RE,2810,D,421494.33,EUR,37496.16,MSC90052740,4500201800010,79001,,MHAL
51007324,3,2025-01-09,2025-01-05,2025/01,RE,2810,C,1031.14,EUR,0.00,MSC90052740,4500201800010,79001,Diff. GR/IR,BATCH
51007324,4,2025-01-09,2025-01-05,2025/01,RE,2810,D,697121.86,EUR,62016.00,MSC90052740,4500201800020,79001,Merinor crm 30 g,MHAL
51007324,5,2025-01-09,2025-01-05,2025/01,RE,2810,C,1705.44,EUR,0.00,MSC90052740,4500201800020,79001,Diff. GR/IR,BATCH
51007324,6,2025-01-09,2025-01-05,2025/01,RE,6950,D,2736.58,EUR,0.00,MSC90052740,,79001,Diff. GR/IR,BATCH
50013066,1,2025-01-10,2025-01-07,2025/01,WE,2810,C,79769.73,EUR,7096.32,MSC-DN-452543,4500202700010,79001,Meritan 100 mg/5 ml susp 100,WH01
50013066,2,2025-01-10,2025-01-07,2025/01,WE,2810,D,195.15,EUR,0.00,MSC-DN-452543,4500202700010,79001,Diff. GR/IR,BATCH
50013066,3,2025-01-10,2025-01-07,2025/01,WE,2810,C,1472017.04,EUR,130950.72,MSC-DN-452543,4500202700020,79001,Meriflux 10 mg tbl 28x,WH01
50013066,4,2025-01-10,2025-01-07,2025/01,WE,2810,D,3601.14,EUR,0.00,MSC-DN-452543,4500202700020,79001,Diff. GR/IR,BATCH
50013066,5,2025-01-10,2025-01-07,2025/01,WE,2810,C,372960.19,EUR,33178.56,MSC-DN-452543,4500202700030,79001,Merizol 10 mg tbl 28x,WH01
50013066,6,2025-01-10,2025-01-07,2025/01,WE,2810,D,816.36,EUR,0.00,MSC-DN-452543,4500202700030,79001,Diff. GR/IR,BATCH
50013066,7,2025-01-10,2025-01-07,2025/01,WE,1400,D,1924746.96,EUR,0.00,MSC-DN-452543,,79001,Goods receipt 45002027,WH01
50013066,8,2025-01-10,2025-01-07,2025/01,WE,6950,C,4612.65,EUR,0.00,MSC-DN-452543,,79001,Diff. GR/IR,BATCH
50013067,1,2025-01-10,2025-01-07,2025/01,WE,2810,D,79769.73,EUR,7096.32,MSC-DN-452543,4500202700010,79001,Meritan 100 mg/5 ml susp 100,WH01
50013067,2,2025-01-10,2025-01-07,2025/01,WE,2810,C,195.15,EUR,0.00,MSC-DN-452543,4500202700010,79001,Diff. GR/IR,BATCH
50013067,3,2025-01-10,2025-01-07,2025/01,WE,2810,D,1472017.04,EUR,130950.72,MSC-DN-452543,4500202700020,79001,Meriflux 10 mg tbl 28x,WH01
50013067,4,2025-01-10,2025-01-07,2025/01,WE,2810,C,3601.14,EUR,0.00,MSC-DN-452543,4500202700020,79001,Diff. GR/IR,BATCH
50013067,5,2025-01-10,2025-01-07,2025/01,WE,2810,D,372960.19,EUR,33178.56,MSC-DN-452543,4500202700030,79001,Merizol 10 mg tbl 28x,WH01
50013067,6,2025-01-10,2025-01-07,2025/01,WE,2810,C,816.36,EUR,0.00,MSC-DN-452543,4500202700030,79001,Diff. GR/IR,BATCH
50013067,7,2025-01-10,2025-01-07,2025/01,WE,1400,C,1924746.96,EUR,0.00,MSC-DN-452543,,79001,Goods receipt 45002027,WH01
50013067,8,2025-01-10,2025-01-07,2025/01,WE,6950,D,4612.65,EUR,0.00,MSC-DN-452543,,79001,Diff. GR/IR,BATCH
50013069,1,2025-01-10,2025-01-07,2025/01,WE,2810,C,79769.73,EUR,7096.32,MSC-DN-452543,4500202700010,79001,Meritan 100 mg/5 ml susp 100,WH01
50013069,2,2025-01-10,2025-01-07,2025/01,WE,2810,D,195.15,EUR,0.00,MSC-DN-452543,4500202700010,79001,Diff. GR/IR,BATCH
50013069,3,2025-01-10,2025-01-07,2025/01,WE,2810,C,1472017.04,EUR,130950.72,MSC-DN-452543,4500202700020,79001,Meriflux 10 mg tbl 28x,WH01
50013069,4,2025-01-10,2025-01-07,2025/01,WE,2810,D,3601.14,EUR,0.00,MSC-DN-452543,4500202700020,79001,Diff. GR/IR,BATCH
50013069,5,2025-01-10,2025-01-07,2025/01,WE,2810,C,333701.23,EUR,29686.08,MSC-DN-452543,4500202700030,79001,,WH01
50013069,6,2025-01-10,2025-01-07,2025/01,WE,2810,D,816.37,EUR,0.00,MSC-DN-452543,4500202700030,79001,Diff. GR/IR,BATCH
50013069,7,2025-01-10,2025-01-07,2025/01,WE,1400,D,1885488.00,EUR,0.00,MSC-DN-452543,,79001,Goods receipt 45002027,WH01
50013069,8,2025-01-10,2025-01-07,2025/01,WE,6950,C,4612.66,EUR,0.00,MSC-DN-452543,,79001,Diff. GR/IR,BATCH
50013070,1,2025-01-13,2025-01-13,2025/01,WE,2810,C,13453.44,NVK,13453.44,D-809022,4500203300010,70013,,WH01
50013070,2,2025-01-13,2025-01-13,2025/01,WE,2810,C,47498.01,NVK,47498.01,D-809022,4500203300020,70013,Label thermal 100x60,WH01
50013070,3,2025-01-13,2025-01-13,2025/01,WE,2810,C,10779.61,NVK,10779.61,D-809022,4500203300030,70013,Label serialisation blank 50,WH01
50013070,4,2025-01-13,2025-01-13,2025/01,WE,1410,D,71731.06,NVK,71731.06,D-809022,,70013,Goods receipt 45002033,WH01
50013071,1,2025-01-13,2025-01-13,2025/01,WE,2810,C,1054.70,NVK,1054.70,DN146477,4500206300010,70032,Archive box,WH01
50013071,2,2025-01-13,2025-01-13,2025/01,WE,2810,C,4815.00,NVK,4815.00,DN146477,4500206300020,70032,Ring binder A4,WH01
50013071,3,2025-01-13,2025-01-13,2025/01,WE,1410,D,5869.70,NVK,5869.70,DN146477,,70032,Goods receipt 45002063,WH01
50013073,1,2025-01-13,2025-01-10,2025/01,WE,2810,C,18318.96,NVK,18318.96,D-574430,4500206400010,70015,Shrink hood pallet,WH02
50013073,2,2025-01-13,2025-01-10,2025/01,WE,2810,C,20314.35,NVK,20314.35,D-574430,4500206400020,70015,Stretch film 500 mm 23 my,WH02
50013073,3,2025-01-13,2025-01-10,2025/01,WE,1410,D,38633.31,NVK,38633.31,D-574430,,70015,Goods receipt 45002064,WH02
51007326,1,2025-01-13,2025-01-07,2025/01,RE,3350,C,640407.86,EUR,56970.72,MSC90052756,,79001,Meridia Supply Chain B.V,TBER
51007326,2,2025-01-13,2025-01-07,2025/01,RE,2810,D,130532.29,EUR,11612.16,MSC90052756,4500202100010,79001,,TBER
51007326,3,2025-01-13,2025-01-07,2025/01,RE,2810,C,278.57,EUR,0.00,MSC90052756,4500202100010,79001,Diff. GR/IR,BATCH
51007326,4,2025-01-13,2025-01-07,2025/01,RE,2810,D,509875.57,EUR,45358.56,MSC90052756,4500202100020,79001,Meriderm 40 mg caps 30x,TBER
51007326,5,2025-01-13,2025-01-07,2025/01,RE,2810,C,141.74,EUR,0.00,MSC90052756,4500202100020,79001,Diff. GR/IR,BATCH
51007326,6,2025-01-13,2025-01-07,2025/01,RE,6950,D,420.31,EUR,0.00,MSC90052756,,79001,Diff. GR/IR,BATCH
51007327,1,2025-01-13,2025-01-08,2025/01,RE,3300,C,52512.37,NVK,52512.37,F-004567,,70014,Tisk Lumar d.o.o.,TBER
51007327,2,2025-01-13,2025-01-08,2025/01,RE,2810,D,42848.06,NVK,42848.06,F-004567,4500204800010,70014,Patient leaflet reprint type,TBER
51007327,3,2025-01-13,2025-01-08,2025/01,RE,2810,D,912.25,NVK,912.25,F-004567,4500204800020,70014,Patient leaflet reprint type,TBER
51007328,1,2025-01-13,2025-01-07,2025/01,RE,3300,C,8161.52,NVK,8161.52,0060320,,70053,Norvatel d.d.,TBER
51007329,1,2025-01-13,2025-01-09,2025/01,RE,3300,C,9360.00,NVK,9360.00,INV-2025-24697,,70055,Cisto Servis Malen d.o.o,TBER
50013076,1,2025-01-14,2025-01-13,2025/01,WE,2810,C,14880.00,NVK,14880.00,D-310830,4500205700010,70021,Nitrile gloves M,WH01
50013076,2,2025-01-14,2025-01-13,2025/01,WE,1410,D,14880.00,NVK,14880.00,D-310830,,70021,Goods receipt 45002057,WH01
50013079,1,2025-01-14,2025-01-13,2025/01,WE,2810,C,10093.94,NVK,10093.94,LS541964,4500205800010,70032,Ring binder A4,WH01
50013079,2,2025-01-14,2025-01-13,2025/01,WE,2810,C,1025.00,NVK,1025.00,LS541964,4500205800020,70032,Archive box,WH01
50013079,3,2025-01-14,2025-01-13,2025/01,WE,1410,D,11118.94,NVK,11118.94,LS541964,,70032,Goods receipt 45002058,WH01
50013082,1,2025-01-14,2025-01-14,2025/01,WE,2810,C,7504.00,NVK,7504.00,OT803150,4500206900010,70031,Envelopes C4,WH01
50013082,2,2025-01-14,2025-01-14,2025/01,WE,2810,C,6249.60,NVK,6249.60,OT803150,4500206900020,70031,Copy paper A4 80 g,WH01
50013082,3,2025-01-14,2025-01-14,2025/01,WE,1410,D,13753.60,NVK,13753.60,OT803150,,70031,Goods receipt 45002069,WH01
51007330,1,2025-01-14,2025-01-12,2025/01,RE,3350,C,446031.19,EUR,39678.96,MSC90052789,,79001,Meridia Supply Chain B.V,TBER
51007330,2,2025-01-14,2025-01-12,2025/01,RE,2810,D,93690.59,EUR,8334.72,MSC90052789,4500204500010,79001,Meripain 10 mg tbl 28x,TBER
51007330,3,2025-01-14,2025-01-12,2025/01,RE,2810,D,4135.79,EUR,367.92,MSC90052789,4500204500020,79001,,TBER
51007330,4,2025-01-14,2025-01-12,2025/01,RE,2810,D,348204.81,EUR,30976.32,MSC90052789,4500204500030,79001,Merinor inhal 120 dos,TBER
51007331,1,2025-01-14,2025-01-08,2025/01,RE,3300,C,103200.00,NVK,103200.00,R/44180/25,,70051,Nepremicnine Castrum d.o,TBER
51007332,1,2025-01-14,2025-01-08,2025/01,RE,3300,C,12762.05,NVK,12762.05,2025/54561,,70052,Energija Norvania d.d.,TBER
51007334,1,2025-01-14,2025-01-13,2025/01,RE,3300,C,9516.19,NVK,9516.19,0022183,,70064,Prevodi Semra s.p.,TBER
50013084,1,2025-01-15,2025-01-13,2025/01,WE,2810,D,1054.70,NVK,1054.70,DN146477,4500206300010,70032,Archive box,WH01
50013084,2,2025-01-15,2025-01-13,2025/01,WE,2810,D,4815.00,NVK,4815.00,DN146477,4500206300020,70032,Ring binder A4,WH01
50013084,3,2025-01-15,2025-01-13,2025/01,WE,1410,C,5869.70,NVK,5869.70,DN146477,,70032,Goods receipt 45002063,WH01
50013087,1,2025-01-15,2025-01-13,2025/01,WE,2810,C,1054.70,NVK,1054.70,DN146477,4500206300010,70032,Archive box,WH01
50013087,2,2025-01-15,2025-01-13,2025/01,WE,2810,C,2140.00,NVK,2140.00,DN146477,4500206300020,70032,Ring binder A4,WH01
50013087,3,2025-01-15,2025-01-13,2025/01,WE,1410,D,3194.70,NVK,3194.70,DN146477,,70032,Goods receipt 45002063,WH01
50013089,1,2025-01-16,2025-01-16,2025/01,WE,2810,C,502639.97,EUR,44714.88,MSC-DN-445189,4500202200010,79001,Meriflux 10 mg tbl 28x,WH01
50013089,2,2025-01-16,2025-01-16,2025/01,WE,2810,C,478572.54,EUR,42573.84,MSC-DN-445189,4500202200020,79001,Merizol 40 mg caps 30x,WH01
50013089,3,2025-01-16,2025-01-16,2025/01,WE,2810,C,54037.74,EUR,4807.20,MSC-DN-445189,4500202200030,79001,Mericard crm 30 g,WH01
50013089,4,2025-01-16,2025-01-16,2025/01,WE,1400,D,1035250.25,EUR,0.00,MSC-DN-445189,,79001,Goods receipt 45002022,WH01
50013090,1,2025-01-16,2025-01-16,2025/01,WE,2810,C,51362.10,NVK,51362.10,OT998455,4500207200010,70015,Stretch film 500 mm 23 my,WH01
50013090,2,2025-01-16,2025-01-16,2025/01,WE,2810,C,39613.60,NVK,39613.60,OT998455,4500207200020,70015,Shrink hood pallet,WH01
50013090,3,2025-01-16,2025-01-16,2025/01,WE,1410,D,90975.70,NVK,90975.70,OT998455,,70015,Goods receipt 45002072,WH01
51007335,1,2025-01-16,2025-01-10,2025/01,RE,3300,C,39880.08,NVK,39880.08,2025/18867,,70022,Reagens Mivor d.o.o.,MHAL
51007335,2,2025-01-16,2025-01-10,2025/01,RE,2810,D,20775.60,NVK,20775.60,2025/18867,4500205100010,70022,Reference standard kit,MHAL
51007335,3,2025-01-16,2025-01-10,2025/01,RE,2810,D,12457.80,NVK,12457.80,2025/18867,4500205100020,70022,Solvent HPLC grade 2.5 l,MHAL
50013091,1,2025-01-17,2025-01-17,2025/01,WE,2810,C,227222.88,EUR,20213.76,MSC-DN-421324,4500202800010,79001,Meritan 100 mg/5 ml susp 100,WH01
50013091,2,2025-01-17,2025-01-17,2025/01,WE,2810,C,705981.56,EUR,62804.16,MSC-DN-421324,4500202800020,79001,Meriderm 40 mg caps 30x,WH01
50013091,3,2025-01-17,2025-01-17,2025/01,WE,2810,C,291658.09,EUR,25945.92,MSC-DN-421324,4500202800030,79001,Merinor 250 mg inj 5 amp,WH01
50013091,4,2025-01-17,2025-01-17,2025/01,WE,2810,C,1335090.87,EUR,118769.76,MSC-DN-421324,4500202800040,79001,Meripain 10 mg tbl 28x,WH01
50013091,5,2025-01-17,2025-01-17,2025/01,WE,1400,D,2559953.40,EUR,0.00,MSC-DN-421324,,79001,Goods receipt 45002028,WH01
50013092,1,2025-01-17,2025-01-15,2025/01,WE,2810,C,22477.44,NVK,22477.44,OT936783,4500203900010,70033,Toner cartridge colour set,WH01
50013092,2,2025-01-17,2025-01-15,2025/01,WE,2810,C,4360.00,NVK,4360.00,OT936783,4500203900020,70033,Toner cartridge black,WH01
50013092,3,2025-01-17,2025-01-15,2025/01,WE,1410,D,26837.44,NVK,26837.44,OT936783,,70033,,WH01
50013093,1,2025-01-17,2025-01-17,2025/01,WE,2810,C,31977.72,NVK,31977.72,OT870187,4500206600010,70022,Reference standard kit,WH01
50013093,2,2025-01-17,2025-01-17,2025/01,WE,1410,D,31977.72,NVK,31977.72,OT870187,,70022,Goods receipt 45002066,WH01
51007336,1,2025-01-17,2025-01-13,2025/01,RE,3300,C,13342.73,NVK,13342.73,F-037439,,70032,Biro Dalven d.o.o.,TBER
51007336,2,2025-01-17,2025-01-13,2025/01,RE,2810,D,10093.94,NVK,10093.94,F-037439,4500205800010,70032,Ring binder A4,TBER
51007336,3,2025-01-17,2025-01-13,2025/01,RE,2810,D,1025.00,NVK,1025.00,F-037439,4500205800020,70032,Archive box,TBER
50013095,1,2025-01-20,2025-01-20,2025/01,WE,2810,C,8331.20,NVK,8331.20,LS396479,4500207000010,70032,Archive box,WH01
50013095,2,2025-01-20,2025-01-20,2025/01,WE,2810,C,3210.00,NVK,3210.00,LS396479,4500207000020,70032,Ring binder A4,WH01
50013095,3,2025-01-20,2025-01-20,2025/01,WE,1410,D,11541.20,NVK,11541.20,LS396479,,70032,Goods receipt 45002070,WH01
50013098,1,2025-01-20,2025-01-20,2025/01,WE,2810,C,11026.20,NVK,11026.20,DN433073,4500207500010,70015,Shrink hood pallet,WH01
50013098,2,2025-01-20,2025-01-20,2025/01,WE,1410,D,11026.20,NVK,11026.20,DN433073,,70015,,WH01
50013100,1,2025-01-20,2025-01-20,2025/01,WE,2810,C,1988.00,NVK,1988.00,DN50626,4500208400010,70034,Whiteboard markers,WH01
50013100,2,2025-01-20,2025-01-20,2025/01,WE,2810,C,5985.00,NVK,5985.00,DN50626,4500208400020,70034,Desk organiser set,WH01
50013100,3,2025-01-20,2025-01-20,2025/01,WE,1410,D,7973.00,NVK,7973.00,DN50626,,70034,Goods receipt 45002084,WH01
51007337,1,2025-01-20,2025-01-12,2025/01,RE,3300,C,10779.77,NVK,10779.77,2025/24921,,70031,Papirnica Osrek d.o.o.,TBER
51007337,2,2025-01-20,2025-01-12,2025/01,RE,2810,D,5966.84,NVK,5966.84,2025/24921,4500204200010,70031,Envelopes C4,TBER
51007337,3,2025-01-20,2025-01-12,2025/01,RE,2810,D,3016.30,NVK,3016.30,2025/24921,4500204200020,70031,Copy paper A4 80 g,TBER
51007338,1,2025-01-20,2025-01-17,2025/01,RE,3350,C,856110.96,EUR,76159.68,MSC90052820,,79001,Meridia Supply Chain B.V,TBER
51007338,2,2025-01-20,2025-01-17,2025/01,RE,2810,D,328877.49,EUR,29256.96,MSC90052820,4500206000010,79001,Meriflux 5 mg tbl 28x,TBER
51007338,3,2025-01-20,2025-01-17,2025/01,RE,2810,D,120627.17,EUR,10731.00,MSC90052820,4500206000020,79001,Mericard inhal 120 dos,TBER
51007338,4,2025-01-20,2025-01-17,2025/01,RE,2810,D,188546.64,EUR,16773.12,MSC90052820,4500206000030,79001,Meritan 100 mg/5 ml susp 100,TBER
51007338,5,2025-01-20,2025-01-17,2025/01,RE,2810,D,218059.66,EUR,19398.60,MSC90052820,4500206000040,79001,Merilip 250 mg inj 5 amp,TBER
51007339,1,2025-01-20,2025-01-16,2025/01,RE,3300,C,46359.97,NVK,46359.97,0013736,,70015,Folia Trand d.o.o.,TBER
51007339,2,2025-01-20,2025-01-16,2025/01,RE,2810,D,18318.96,NVK,18318.96,0013736,4500206400010,70015,Shrink hood pallet,TBER
51007339,3,2025-01-20,2025-01-16,2025/01,RE,2810,D,20314.35,NVK,20314.35,0013736,4500206400020,70015,Stretch film 500 mm 23 my,TBER
51007340,1,2025-01-20,2025-01-15,2025/01,RE,3300,C,16504.32,NVK,16504.32,2025/24943,,70031,Papirnica Osrek d.o.o.,TBER
51007340,2,2025-01-20,2025-01-15,2025/01,RE,2810,D,7504.00,NVK,7504.00,2025/24943,4500206900010,70031,Envelopes C4,TBER
51007340,3,2025-01-20,2025-01-15,2025/01,RE,2810,D,6249.60,NVK,6249.60,2025/24943,4500206900020,70031,Copy paper A4 80 g,TBER
51007342,1,2025-01-20,2025-01-17,2025/01,RE,3350,C,1409792.71,EUR,125415.24,MSC90052821,,79001,Meridia Supply Chain B.V,TBER
51007342,2,2025-01-20,2025-01-17,2025/01,RE,2810,D,358963.80,EUR,31933.44,MSC90052821,4500208100010,79001,Meritan 40 mg caps 30x,TBER
51007342,3,2025-01-20,2025-01-17,2025/01,RE,2810,D,120863.23,EUR,10752.00,MSC90052821,4500208100020,79001,Meritan 100 mg/5 ml susp 100,TBER
51007342,4,2025-01-20,2025-01-17,2025/01,RE,2810,D,44210.85,EUR,3933.00,MSC90052821,4500208100030,79001,Merivent 100 mg/5 ml susp 10,TBER
51007342,5,2025-01-20,2025-01-17,2025/01,RE,2810,D,885754.83,EUR,78796.80,MSC90052821,4500208100040,79001,Merinor crm 30 g,TBER
50013103,1,2025-01-21,2025-01-21,2025/01,WE,2810,C,130532.29,EUR,11612.16,MSC-DN-490304,4500202100010,79001,Meritan 40 mg caps 30x,WH01
50013103,2,2025-01-21,2025-01-21,2025/01,WE,2810,D,278.57,EUR,0.00,MSC-DN-490304,4500202100010,79001,Diff. GR/IR,BATCH
50013103,3,2025-01-21,2025-01-21,2025/01,WE,2810,C,509875.57,EUR,45358.56,MSC-DN-490304,4500202100020,79001,Meriderm 40 mg caps 30x,WH01
50013103,4,2025-01-21,2025-01-21,2025/01,WE,2810,D,141.74,EUR,0.00,MSC-DN-490304,4500202100020,79001,Diff. GR/IR,BATCH
50013103,5,2025-01-21,2025-01-21,2025/01,WE,1400,D,640407.86,EUR,0.00,MSC-DN-490304,,79001,Goods receipt 45002021,WH01
50013103,6,2025-01-21,2025-01-21,2025/01,WE,6950,C,420.31,EUR,0.00,MSC-DN-490304,,79001,Diff. GR/IR,BATCH
50013106,1,2025-01-21,2025-01-20,2025/01,WE,2810,C,1000747.56,EUR,89026.56,MSC-DN-472658,4500203000010,79001,Meritan 40 mg caps 30x,WH02
50013106,2,2025-01-21,2025-01-20,2025/01,WE,2810,C,1663007.93,EUR,147941.28,MSC-DN-472658,4500203000020,79001,Meripain 10 mg tbl 28x,WH02
50013106,3,2025-01-21,2025-01-20,2025/01,WE,2810,C,56587.19,EUR,5034.00,MSC-DN-472658,4500203000030,79001,Merivent 20 mg tbl 56x,WH02
50013106,4,2025-01-21,2025-01-20,2025/01,WE,1400,D,2720342.68,EUR,0.00,MSC-DN-472658,,79001,Goods receipt 45002030,WH02
50013109,1,2025-01-21,2025-01-21,2025/01,WE,2810,C,30838.59,NVK,30838.59,DN490264,4500203400020,70023,Filter membranes 0.45,WH02
50013109,2,2025-01-21,2025-01-21,2025/01,WE,1410,D,30838.59,NVK,30838.59,DN490264,,70023,Goods receipt 45002034,WH02
50013112,1,2025-01-21,2025-01-20,2025/01,WE,2810,D,1988.00,NVK,1988.00,DN50626,4500208400010,70034,Whiteboard markers,WH01
50013112,2,2025-01-21,2025-01-20,2025/01,WE,2810,D,5985.00,NVK,5985.00,DN50626,4500208400020,70034,,WH01
50013112,3,2025-01-21,2025-01-20,2025/01,WE,1410,C,7973.00,NVK,7973.00,DN50626,,70034,Goods receipt 45002084,WH01
50013113,1,2025-01-21,2025-01-20,2025/01,WE,2810,C,1704.00,NVK,1704.00,DN50626,4500208400010,70034,Whiteboard markers,WH01
50013113,2,2025-01-21,2025-01-20,2025/01,WE,2810,C,5985.00,NVK,5985.00,DN50626,4500208400020,70034,Desk organiser set,WH01
50013113,3,2025-01-21,2025-01-20,2025/01,WE,1410,D,7689.00,NVK,7689.00,DN50626,,70034,Goods receipt 45002084,WH01
51007343,1,2025-01-21,2025-01-18,2025/01,RE,3300,C,32204.93,NVK,32204.93,0006357,,70033,Toner Servis Plavic d.o.,JKOV
51007343,2,2025-01-21,2025-01-18,2025/01,RE,2810,D,22477.44,NVK,22477.44,0006357,4500203900010,70033,Toner cartridge colour set,JKOV
51007343,3,2025-01-21,2025-01-18,2025/01,RE,2810,D,4360.00,NVK,4360.00,0006357,4500203900020,70033,,JKOV
51007344,1,2025-01-21,2025-01-17,2025/01,RE,3300,C,3833.64,NVK,3833.64,F-037464,,70032,Biro Dalven d.o.o.,TBER
51007344,2,2025-01-21,2025-01-17,2025/01,RE,2810,D,1054.70,NVK,1054.70,F-037464,4500206300010,70032,Archive box,TBER
51007344,3,2025-01-21,2025-01-17,2025/01,RE,2810,D,2140.00,NVK,2140.00,F-037464,4500206300020,70032,Ring binder A4,TBER
50013116,1,2025-01-22,2025-01-22,2025/01,WE,2810,C,16420.50,NVK,16420.50,OT203140,4500204800020,70014,Patient leaflet reprint type,WH02
50013116,2,2025-01-22,2025-01-22,2025/01,WE,1410,D,16420.50,NVK,16420.50,OT203140,,70014,Goods receipt 45002048,WH02
51007346,1,2025-01-22,2025-01-16,2025/01,RE,3300,C,86072.30,NVK,86072.30,2025/37151,,70013,Etiketa Sorvin d.o.o.,TBER
51007346,2,2025-01-22,2025-01-16,2025/01,RE,2810,D,13449.30,NVK,13449.30,2025/37151,4500203300010,70013,Label cold-chain warning,TBER
51007346,3,2025-01-22,2025-01-16,2025/01,RE,2810,D,47498.01,NVK,47498.01,2025/37151,4500203300020,70013,Label thermal 100x60,TBER
51007346,4,2025-01-22,2025-01-16,2025/01,RE,2810,D,10779.61,NVK,10779.61,2025/37151,4500203300030,70013,Label serialisation blank 50,TBER
50013118,1,2025-01-23,2025-01-23,2025/01,WE,2810,D,535.00,NVK,535.00,DN146477,4500206300020,70032,Ring binder A4,WH01
50013118,2,2025-01-23,2025-01-23,2025/01,WE,1410,C,535.00,NVK,535.00,DN146477,,70032,Goods receipt 45002063,WH01
51007347,1,2025-01-23,2025-01-17,2025/01,RE,3300,C,38373.26,NVK,38373.26,2025/18921,,70022,Reagens Mivor d.o.o.,TBER
51007347,2,2025-01-23,2025-01-17,2025/01,RE,2810,D,31977.72,NVK,31977.72,2025/18921,4500206600010,70022,Reference standard kit,TBER
51007348,1,2025-01-23,2025-01-22,2025/01,RE,3300,C,30816.00,NVK,30816.00,R/26168/25,,70026,Medilab Torvan d.o.o.,TBER
51007348,2,2025-01-23,2025-01-22,2025/01,RE,2810,D,25680.00,NVK,25680.00,R/26168/25,4500209100010,70026,Microbiology test kit,TBER
50013119,1,2025-01-24,2025-01-23,2025/01,WE,2810,C,1240.00,NVK,1240.00,D-10688,4500205700010,70021,Nitrile gloves M,WH01
50013119,2,2025-01-24,2025-01-23,2025/01,WE,1410,D,1240.00,NVK,1240.00,D-10688,,70021,Goods receipt 45002057,WH01
50013122,1,2025-01-24,2025-01-23,2025/01,WE,2810,C,80540.25,NVK,80540.25,LS162292,4500208200010,70011,Shipping carton 600x400x300,WH02
50013122,2,2025-01-24,2025-01-23,2025/01,WE,2810,C,31592.29,NVK,31592.29,LS162292,4500208200020,70011,Carton divider set,WH02
50013122,3,2025-01-24,2025-01-23,2025/01,WE,2810,C,54084.24,NVK,54084.24,LS162292,4500208200030,70011,Pallet box heavy duty,WH02
50013122,4,2025-01-24,2025-01-23,2025/01,WE,1410,D,166216.78,NVK,166216.78,LS162292,,70011,Goods receipt 45002082,WH02
51007349,1,2025-01-24,2025-01-22,2025/01,RE,3350,C,220565.96,EUR,19621.56,MSC90052858,,79001,Meridia Supply Chain B.V,TBER
51007349,2,2025-01-24,2025-01-22,2025/01,RE,2810,D,163958.53,EUR,14585.76,MSC90052858,4500204500010,79001,Meripain 10 mg tbl 28x,TBER
51007349,3,2025-01-24,2025-01-22,2025/01,RE,2810,D,26882.63,EUR,2391.48,MSC90052858,4500204500020,79001,Meriderm 100 mg/5 ml susp 10,TBER
51007349,4,2025-01-24,2025-01-22,2025/01,RE,2810,D,29724.80,EUR,2644.32,MSC90052858,4500204500030,79001,Merinor inhal 120 dos,TBER
51007351,1,2025-01-24,2025-01-20,2025/01,RE,3350,C,978557.83,EUR,87052.56,MSC90052847,,79001,Meridia Supply Chain B.V,TBER
51007351,2,2025-01-24,2025-01-20,2025/01,RE,2810,D,124200.46,EUR,11048.88,MSC90052847,4500207800010,79001,Meriderm 40 mg caps 30x,TBER
51007351,3,2025-01-24,2025-01-20,2025/01,RE,2810,D,158444.14,EUR,14095.20,MSC90052847,4500207800020,79001,Merivent 20 mg tbl 56x,TBER
51007351,4,2025-01-24,2025-01-20,2025/01,RE,2810,D,11071.94,EUR,984.96,MSC90052847,4500207800030,79001,Merivent 40 mg caps 30x,TBER
51007351,5,2025-01-24,2025-01-20,2025/01,RE,2810,D,684841.29,EUR,60923.52,MSC90052847,4500207800040,79001,Meripain 5 mg tbl 28x,TBER
51007353,1,2025-01-27,2025-01-23,2025/01,RE,3300,C,19704.60,NVK,19704.60,F-004673,,70014,Tisk Lumar d.o.o.,TBER
51007353,2,2025-01-27,2025-01-23,2025/01,RE,2810,D,16420.50,NVK,16420.50,F-004673,4500204800020,70014,Patient leaflet reprint type,TBER
51007354,1,2025-01-27,2025-01-21,2025/01,RE,3300,C,17856.00,NVK,17856.00,R/58854/25,,70021,Labtek Soran d.o.o.,TBER
51007354,2,2025-01-27,2025-01-21,2025/01,RE,2810,D,14880.00,NVK,14880.00,R/58854/25,4500205700010,70021,Nitrile gloves M,TBER
51007355,1,2025-01-27,2025-01-25,2025/01,RE,3300,C,1488.00,NVK,1488.00,R/58879/25,,70021,Labtek Soran d.o.o.,TBER
51007355,2,2025-01-27,2025-01-25,2025/01,RE,2810,D,1240.00,NVK,1240.00,R/58879/25,4500205700010,70021,Nitrile gloves M,TBER
51007356,1,2025-01-27,2025-01-21,2025/01,RE,3300,C,8200.01,NVK,8200.01,0022240,,70064,,TBER
51007357,1,2025-01-28,2025-01-23,2025/01,RE,3350,C,1119911.15,EUR,99627.36,MSC90052863,,79001,Meridia Supply Chain B.V,TBER
51007357,2,2025-01-28,2025-01-23,2025/01,RE,2810,D,61812.91,EUR,5498.88,MSC90052863,4500204000010,79001,Merigast inhal 120 dos,TBER
51007357,3,2025-01-28,2025-01-23,2025/01,RE,2810,D,172343.41,EUR,15331.68,MSC90052863,4500204000020,79001,Merinor 250 mg inj 5 amp,TBER
51007357,4,2025-01-28,2025-01-23,2025/01,RE,2810,D,885754.83,EUR,78796.80,MSC90052863,4500204000030,79001,Merinor crm 30 g,TBER
50013124,1,2025-01-29,2025-01-27,2025/01,WE,2810,C,2768.40,NVK,2768.40,OT152739,4500205100020,70022,Solvent HPLC grade 2.5 l,WH02
50013124,2,2025-01-29,2025-01-27,2025/01,WE,1410,D,2768.40,NVK,2768.40,OT152739,,70022,Goods receipt 45002051,WH02
51007358,1,2025-01-29,2025-01-24,2025/01,RE,3350,C,1165812.20,EUR,103710.72,MSC90052875,,79001,Meridia Supply Chain B.V,TBER
51007358,2,2025-01-29,2025-01-24,2025/01,RE,2810,D,1165812.20,EUR,103710.72,MSC90052875,4500205200010,79001,Merigast 10 mg tbl 28x,TBER
51007359,1,2025-01-29,2025-01-26,2025/01,RE,3350,C,1104000.64,EUR,98211.96,MSC90052887,,79001,Meridia Supply Chain B.V,TBER
51007359,2,2025-01-29,2025-01-26,2025/01,RE,2810,D,63432.96,EUR,5643.00,MSC90052887,4500205400020,79001,Merivent 100 mg/5 ml susp 10,TBER
51007359,3,2025-01-29,2025-01-26,2025/01,RE,2810,D,1040567.68,EUR,92568.96,MSC90052887,4500205400030,79001,Meripain 20 mg tbl 56x,TBER
50013125,1,2025-01-30,2025-01-27,2025/01,WE,2810,C,93690.59,EUR,8334.72,MSC-DN-436522,4500204500010,79001,Meripain 10 mg tbl 28x,WH01
50013125,2,2025-01-30,2025-01-27,2025/01,WE,2810,C,4135.79,EUR,367.92,MSC-DN-436522,4500204500020,79001,Meriderm 100 mg/5 ml susp 10,WH01
50013125,3,2025-01-30,2025-01-27,2025/01,WE,2810,C,348204.81,EUR,30976.32,MSC-DN-436522,4500204500030,79001,Merinor inhal 120 dos,WH01
50013125,4,2025-01-30,2025-01-27,2025/01,WE,1400,D,446031.19,EUR,0.00,MSC-DN-436522,,79001,Goods receipt 45002045,WH01
51007361,1,2025-01-30,2025-01-28,2025/01,RE,3350,C,1541351.53,EUR,137118.72,MSC90052899,,79001,Meridia Supply Chain B.V,TBER
51007361,2,2025-01-30,2025-01-28,2025/01,RE,2810,D,156884.79,EUR,13956.48,MSC90052899,4500207800010,79001,Meriderm 40 mg caps 30x,TBER
51007361,3,2025-01-30,2025-01-28,2025/01,RE,2810,D,22634.88,EUR,2013.60,MSC90052899,4500207800020,79001,Merivent 20 mg tbl 56x,TBER
51007361,4,2025-01-30,2025-01-28,2025/01,RE,2810,D,16607.90,EUR,1477.44,MSC90052899,4500207800030,79001,,TBER
51007361,5,2025-01-30,2025-01-28,2025/01,RE,2810,D,1345223.96,EUR,119671.20,MSC90052899,4500207800040,79001,Meripain 5 mg tbl 28x,TBER
51007362,1,2025-01-31,2025-01-27,2025/01,RE,3300,C,14449.44,NVK,14449.44,F-037533,,70032,Biro Dalven d.o.o.,TBER
51007362,2,2025-01-31,2025-01-27,2025/01,RE,2810,D,8831.20,NVK,8831.20,F-037533,4500207000010,70032,Archive box,TBER
51007362,3,2025-01-31,2025-01-27,2025/01,RE,2810,C,500.00,NVK,0.00,F-037533,4500207000010,70032,Diff. GR/IR,BATCH
51007362,4,2025-01-31,2025-01-27,2025/01,RE,2810,D,3210.00,NVK,3210.00,F-037533,4500207000020,70032,Ring binder A4,TBER
51007362,5,2025-01-31,2025-01-27,2025/01,RE,5890,D,500.00,NVK,0.00,F-037533,,70032,Diff. GR/IR,BATCH
51007363,1,2025-01-31,2025-01-24,2025/01,RE,3300,C,109170.84,NVK,109170.84,0013789,,70015,Folia Trand d.o.o.,JKOV
51007363,2,2025-01-31,2025-01-24,2025/01,RE,2810,D,51362.10,NVK,51362.10,0013789,4500207200010,70015,Stretch film 500 mm 23 my,JKOV
51007363,3,2025-01-31,2025-01-24,2025/01,RE,2810,D,39613.60,NVK,39613.60,0013789,4500207200020,70015,Shrink hood pallet,JKOV
51007364,1,2025-01-31,2025-01-28,2025/01,RE,3300,C,13231.44,NVK,13231.44,0013821,,70015,Folia Trand d.o.o.,MHAL
51007364,2,2025-01-31,2025-01-28,2025/01,RE,2810,D,11026.20,NVK,11026.20,0013821,4500207500010,70015,Shrink hood pallet,MHAL
10000830,1,2025-01-31,2025-01-31,2025/01,SA,2810,D,110.74,NVK,110.74,,4500204800010,70014,GR/IR diff cleared,JKOV
10000830,2,2025-01-31,2025-01-31,2025/01,SA,5890,C,110.74,NVK,110.74,,4500204800010,,GR/IR diff cleared,JKOV
50013126,1,2025-02-03,2025-02-03,2025/02,WE,2810,C,2953.16,NVK,2953.16,OT277701,4500206300010,70032,Archive box,WH02
50013126,2,2025-02-03,2025-02-03,2025/02,WE,2810,C,4280.00,NVK,4280.00,OT277701,4500206300020,70032,,WH02
50013126,3,2025-02-03,2025-02-03,2025/02,WE,1410,D,7233.16,NVK,7233.16,OT277701,,70032,Goods receipt 45002063,WH02
51007366,1,2025-02-03,2025-01-29,2025/02,RE,3350,C,2731958.77,EUR,242001.84,MSC90052910,,79001,,TBER
51007366,2,2025-02-03,2025-01-29,2025/02,RE,2810,D,1005020.84,EUR,89026.56,MSC90052910,4500203000010,79001,Meritan 40 mg caps 30x,TBER
51007366,3,2025-02-03,2025-01-29,2025/02,RE,2810,C,4273.28,EUR,0.00,MSC90052910,4500203000010,79001,,BATCH
51007366,4,2025-02-03,2025-01-29,2025/02,RE,2810,D,1670109.11,EUR,147941.28,MSC90052910,4500203000020,79001,Meripain 10 mg tbl 28x,TBER
51007366,5,2025-02-03,2025-01-29,2025/02,RE,2810,C,7101.18,EUR,0.00,MSC90052910,4500203000020,79001,,BATCH
51007366,6,2025-02-03,2025-01-29,2025/02,RE,2810,D,56828.83,EUR,5034.00,MSC90052910,4500203000030,79001,Merivent 20 mg tbl 56x,TBER
51007366,7,2025-02-03,2025-01-29,2025/02,RE,2810,C,241.64,EUR,0.00,MSC90052910,4500203000030,79001,Diff. GR/IR,BATCH
51007366,8,2025-02-03,2025-01-29,2025/02,RE,6950,D,11616.10,EUR,0.00,MSC90052910,,79001,Diff. GR/IR,BATCH
51007367,1,2025-02-03,2025-01-26,2025/02,RE,3300,C,37006.31,NVK,37006.31,F-047000,,70023,Analitika Preles d.o.o.,TBER
51007367,2,2025-02-03,2025-01-26,2025/02,RE,2810,D,30838.59,NVK,30838.59,F-047000,4500203400020,70023,Filter membranes 0.45,TBER
51007368,1,2025-02-03,2025-01-31,2025/02,KG,3300,D,642.00,NVK,642.00,F-037564,,70032,Biro Dalven d.o.o.,TBER
51007368,2,2025-02-03,2025-01-31,2025/02,KG,2810,C,535.00,NVK,535.00,F-037564,4500206300020,70032,Ring binder A4,TBER
51007370,1,2025-02-03,2025-01-28,2025/02,RE,3300,C,201735.00,NVK,201735.00,INV-2025-23211,,70011,Kartonaza Velmir d.o.o.,TBER
51007370,2,2025-02-03,2025-01-28,2025/02,RE,2810,D,80540.25,NVK,80540.25,INV-2025-23211,4500208200010,70011,Shipping carton 600x400x300,TBER
51007370,3,2025-02-03,2025-01-28,2025/02,RE,2810,D,33488.01,NVK,33488.01,INV-2025-23211,4500208200020,70011,Carton divider set,TBER
51007370,4,2025-02-03,2025-01-28,2025/02,RE,2810,C,1895.72,NVK,0.00,INV-2025-23211,4500208200020,70011,Diff. GR/IR,BATCH
51007370,5,2025-02-03,2025-01-28,2025/02,RE,2810,D,54084.24,NVK,54084.24,INV-2025-23211,4500208200030,70011,Pallet box heavy duty,TBER
51007370,6,2025-02-03,2025-01-28,2025/02,RE,5890,D,1895.72,NVK,0.00,INV-2025-23211,,70011,Diff. GR/IR,BATCH
51007372,1,2025-02-03,2025-01-28,2025/02,RE,3300,C,9226.80,NVK,9226.80,INV-2025-32476,,70034,,TBER
51007372,2,2025-02-03,2025-01-28,2025/02,RE,2810,D,1704.00,NVK,1704.00,INV-2025-32476,4500208400010,70034,Whiteboard markers,TBER
51007372,3,2025-02-03,2025-01-28,2025/02,RE,2810,D,5985.00,NVK,5985.00,INV-2025-32476,4500208400020,70034,Desk organiser set,TBER
51007374,1,2025-02-04,2025-02-03,2025/02,RE,3300,C,183192.17,NVK,183192.17,F-013243,,70063,Kongres Servis Lipan d.o,TBER
50013128,1,2025-02-05,2025-02-05,2025/02,WE,2810,D,4960.00,NVK,4960.00,D-310830,4500205700010,70021,Nitrile gloves M,WH01
50013128,2,2025-02-05,2025-02-05,2025/02,WE,1410,C,4960.00,NVK,4960.00,D-310830,,70021,Goods receipt 45002057,WH01
50013130,1,2025-02-05,2025-02-03,2025/02,WE,2810,C,330281.82,EUR,29256.96,MSC-DN-414796,4500206000010,79001,Meriflux 5 mg tbl 28x,WH02
50013130,2,2025-02-05,2025-02-03,2025/02,WE,2810,D,1404.33,EUR,0.00,MSC-DN-414796,4500206000010,79001,Diff. GR/IR,BATCH
50013130,3,2025-02-05,2025-02-03,2025/02,WE,2810,C,121142.26,EUR,10731.00,MSC-DN-414796,4500206000020,79001,Mericard inhal 120 dos,WH02
50013130,4,2025-02-05,2025-02-03,2025/02,WE,2810,D,515.09,EUR,0.00,MSC-DN-414796,4500206000020,79001,Diff. GR/IR,BATCH
50013130,5,2025-02-05,2025-02-03,2025/02,WE,2810,C,189351.75,EUR,16773.12,MSC-DN-414796,4500206000030,79001,Meritan 100 mg/5 ml susp 100,WH02
50013130,6,2025-02-05,2025-02-03,2025/02,WE,2810,D,805.11,EUR,0.00,MSC-DN-414796,4500206000030,79001,Diff. GR/IR,BATCH
50013130,7,2025-02-05,2025-02-03,2025/02,WE,2810,C,218990.80,EUR,19398.60,MSC-DN-414796,4500206000040,79001,,WH02
50013130,8,2025-02-05,2025-02-03,2025/02,WE,2810,D,931.14,EUR,0.00,MSC-DN-414796,4500206000040,79001,Diff. GR/IR,BATCH
50013130,9,2025-02-05,2025-02-03,2025/02,WE,1400,D,859766.63,EUR,0.00,MSC-DN-414796,,79001,Goods receipt 45002060,WH02
50013130,10,2025-02-05,2025-02-03,2025/02,WE,6950,C,3655.67,EUR,0.00,MSC-DN-414796,,79001,Diff. GR/IR,BATCH
50013132,1,2025-02-05,2025-02-05,2025/02,WE,2810,C,26299.80,NVK,26299.80,DN679252,4500209400010,70022,Solvent HPLC grade 2.5 l,WH01
50013132,2,2025-02-05,2025-02-05,2025/02,WE,2810,C,17591.40,NVK,17591.40,DN679252,4500209400020,70022,Reference standard kit,WH01
50013132,3,2025-02-05,2025-02-05,2025/02,WE,1410,D,43891.20,NVK,43891.20,DN679252,,70022,Goods receipt 45002094,WH01
51007376,1,2025-02-05,2025-02-04,2025/02,RE,3300,C,9360.00,NVK,9360.00,INV-2025-24879,,70055,Cisto Servis Malen d.o.o,TBER
51007378,1,2025-02-05,2025-02-02,2025/02,RE,3300,C,14880.00,NVK,14880.00,R/17997/25,,70056,Varnost Tregal d.o.o.,TBER
50013135,1,2025-02-06,2025-02-03,2025/02,WE,2810,C,62076.86,EUR,5498.88,MSC-DN-494506,4500204000010,79001,Merigast inhal 120 dos,WH01
50013135,2,2025-02-06,2025-02-03,2025/02,WE,2810,D,263.95,EUR,0.00,MSC-DN-494506,4500204000010,79001,Diff. GR/IR,BATCH
50013135,3,2025-02-06,2025-02-03,2025/02,WE,2810,C,173079.34,EUR,15331.68,MSC-DN-494506,4500204000020,79001,Merinor 250 mg inj 5 amp,WH01
50013135,4,2025-02-06,2025-02-03,2025/02,WE,2810,D,735.93,EUR,0.00,MSC-DN-494506,4500204000020,79001,Diff. GR/IR,BATCH
50013135,5,2025-02-06,2025-02-03,2025/02,WE,2810,C,889537.08,EUR,78796.80,MSC-DN-494506,4500204000030,79001,Merinor crm 30 g,WH01
50013135,6,2025-02-06,2025-02-03,2025/02,WE,2810,D,3782.25,EUR,0.00,MSC-DN-494506,4500204000030,79001,Diff. GR/IR,BATCH
50013135,7,2025-02-06,2025-02-03,2025/02,WE,1400,D,1124693.28,EUR,0.00,MSC-DN-494506,,79001,Goods receipt 45002040,WH01
50013135,8,2025-02-06,2025-02-03,2025/02,WE,6950,C,4782.13,EUR,0.00,MSC-DN-494506,,79001,Diff. GR/IR,BATCH
50013137,1,2025-02-06,2025-02-06,2025/02,WE,2810,C,63703.83,EUR,5643.00,MSC-DN-417636,4500205400020,79001,Merivent 100 mg/5 ml susp 10,WH02
50013137,2,2025-02-06,2025-02-06,2025/02,WE,2810,D,270.87,EUR,0.00,MSC-DN-417636,4500205400020,79001,Diff. GR/IR,BATCH
50013137,3,2025-02-06,2025-02-06,2025/02,WE,2810,C,1045010.99,EUR,92568.96,MSC-DN-417636,4500205400030,79001,Meripain 20 mg tbl 56x,WH02
50013137,4,2025-02-06,2025-02-06,2025/02,WE,2810,D,4443.31,EUR,0.00,MSC-DN-417636,4500205400030,79001,Diff. GR/IR,BATCH
50013137,5,2025-02-06,2025-02-06,2025/02,WE,1400,D,1108714.82,EUR,0.00,MSC-DN-417636,,79001,Goods receipt 45002054,WH02
50013137,6,2025-02-06,2025-02-06,2025/02,WE,6950,C,4714.18,EUR,0.00,MSC-DN-417636,,79001,Diff. GR/IR,BATCH
50013138,1,2025-02-06,2025-02-03,2025/02,WE,2810,C,124730.81,EUR,11048.88,MSC-DN-438306,4500207800010,79001,Meriderm 40 mg caps 30x,WH01
50013138,2,2025-02-06,2025-02-03,2025/02,WE,2810,D,530.35,EUR,0.00,MSC-DN-438306,4500207800010,79001,Diff. GR/IR,BATCH
50013138,3,2025-02-06,2025-02-03,2025/02,WE,2810,C,159120.71,EUR,14095.20,MSC-DN-438306,4500207800020,79001,Merivent 20 mg tbl 56x,WH01
50013138,4,2025-02-06,2025-02-03,2025/02,WE,2810,D,676.57,EUR,0.00,MSC-DN-438306,4500207800020,79001,Diff. GR/IR,BATCH
50013138,5,2025-02-06,2025-02-03,2025/02,WE,2810,C,11119.21,EUR,984.96,MSC-DN-438306,4500207800030,79001,Merivent 40 mg caps 30x,WH01
50013138,6,2025-02-06,2025-02-03,2025/02,WE,2810,D,47.27,EUR,0.00,MSC-DN-438306,4500207800030,79001,Diff. GR/IR,BATCH
50013138,7,2025-02-06,2025-02-03,2025/02,WE,2810,C,687765.62,EUR,60923.52,MSC-DN-438306,4500207800040,79001,Meripain 5 mg tbl 28x,WH01
50013138,8,2025-02-06,2025-02-03,2025/02,WE,2810,D,2924.33,EUR,0.00,MSC-DN-438306,4500207800040,79001,Diff. GR/IR,BATCH
50013138,9,2025-02-06,2025-02-03,2025/02,WE,1400,D,982736.35,EUR,0.00,MSC-DN-438306,,79001,Goods receipt 45002078,WH01
50013138,10,2025-02-06,2025-02-03,2025/02,WE,6950,C,4178.52,EUR,0.00,MSC-DN-438306,,79001,Diff. GR/IR,BATCH
50013139,1,2025-02-06,2025-02-03,2025/02,WE,2810,C,360496.60,EUR,31933.44,MSC-DN-429108,4500208100010,79001,,WH02
50013139,2,2025-02-06,2025-02-03,2025/02,WE,2810,D,1532.80,EUR,0.00,MSC-DN-429108,4500208100010,79001,Diff. GR/IR,BATCH
50013139,3,2025-02-06,2025-02-03,2025/02,WE,2810,C,121379.33,EUR,10752.00,MSC-DN-429108,4500208100020,79001,Meritan 100 mg/5 ml susp 100,WH02
50013139,4,2025-02-06,2025-02-03,2025/02,WE,2810,D,516.10,EUR,0.00,MSC-DN-429108,4500208100020,79001,Diff. GR/IR,BATCH
50013139,5,2025-02-06,2025-02-03,2025/02,WE,2810,C,44399.64,EUR,3933.00,MSC-DN-429108,4500208100030,79001,Merivent 100 mg/5 ml susp 10,WH02
50013139,6,2025-02-06,2025-02-03,2025/02,WE,2810,D,188.79,EUR,0.00,MSC-DN-429108,4500208100030,79001,Diff. GR/IR,BATCH
50013139,7,2025-02-06,2025-02-03,2025/02,WE,2810,C,889537.08,EUR,78796.80,MSC-DN-429108,4500208100040,79001,Merinor crm 30 g,WH02
50013139,8,2025-02-06,2025-02-03,2025/02,WE,2810,D,3782.25,EUR,0.00,MSC-DN-429108,4500208100040,79001,Diff. GR/IR,BATCH
50013139,9,2025-02-06,2025-02-03,2025/02,WE,1400,D,1415812.65,EUR,0.00,MSC-DN-429108,,79001,Goods receipt 45002081,WH02
50013139,10,2025-02-06,2025-02-03,2025/02,WE,6950,C,6019.94,EUR,0.00,MSC-DN-429108,,79001,Diff. GR/IR,BATCH
50013141,1,2025-02-06,2025-02-06,2025/02,WE,2810,C,16075.35,NVK,16075.35,LS818419,4500208800010,70013,Label thermal 100x60,WH01
50013141,2,2025-02-06,2025-02-06,2025/02,WE,2810,C,57435.84,NVK,57435.84,LS818419,4500208800020,70013,Label serialisation blank 50,WH01
50013141,3,2025-02-06,2025-02-06,2025/02,WE,2810,C,26688.00,NVK,26688.00,LS818419,4500208800030,70013,Label cold-chain warning,WH01
50013141,4,2025-02-06,2025-02-06,2025/02,WE,1410,D,100199.19,NVK,100199.19,LS818419,,70013,Goods receipt 45002088,WH01
50013144,1,2025-02-06,2025-02-03,2025/02,WE,2810,C,10432.50,NVK,10432.50,DN154692,4500209000010,70045,Logger docking station,WH01
50013144,2,2025-02-06,2025-02-03,2025/02,WE,2810,C,131120.00,NVK,131120.00,DN154692,4500209000020,70045,Temperature data logger,WH01
50013144,3,2025-02-06,2025-02-03,2025/02,WE,2810,C,4450.00,NVK,4450.00,DN154692,4500209000030,70045,Humidity indicator card,WH01
50013144,4,2025-02-06,2025-02-03,2025/02,WE,1410,D,146002.50,NVK,146002.50,DN154692,,70045,Goods receipt 45002090,WH01
51007380,1,2025-02-06,2025-02-02,2025/02,RE,3300,C,17616.18,NVK,17616.18,2025/54736,,70052,Energija Norvania d.d.,MHAL
51007381,1,2025-02-06,2025-02-05,2025/02,RE,3300,C,67954.86,NVK,67954.86,F-048969,,70068,Zavarovalnica Tirna d.d.,TBER
51007382,1,2025-02-07,2025-01-31,2025/02,RE,3300,C,3322.08,NVK,3322.08,2025/19014,,70022,Reagens Mivor d.o.o.,TBER
51007382,2,2025-02-07,2025-01-31,2025/02,RE,2810,D,2768.40,NVK,2768.40,2025/19014,4500205100020,70022,Solvent HPLC grade 2.5 l,TBER
51007384,1,2025-02-07,2025-02-02,2025/02,RE,3300,C,103200.00,NVK,103200.00,R/44356/25,,70051,Nepremicnine Castrum d.o,TBER
51007385,1,2025-02-07,2025-02-06,2025/02,RE,3300,C,5898.11,NVK,5898.11,R/14623/25,,70061,Hitra Dostava Norvania d,MHAL
50013147,1,2025-02-10,2025-02-07,2025/02,WE,2810,C,164658.64,EUR,14585.76,MSC-DN-487692,4500204500010,79001,Meripain 10 mg tbl 28x,WH01
50013147,2,2025-02-10,2025-02-07,2025/02,WE,2810,D,700.11,EUR,0.00,MSC-DN-487692,4500204500010,79001,Diff. GR/IR,BATCH
50013147,3,2025-02-10,2025-02-07,2025/02,WE,2810,C,26997.42,EUR,2391.48,MSC-DN-487692,4500204500020,79001,Meriderm 100 mg/5 ml susp 10,WH01
50013147,4,2025-02-10,2025-02-07,2025/02,WE,2810,D,114.79,EUR,0.00,MSC-DN-487692,4500204500020,79001,Diff. GR/IR,BATCH
50013147,5,2025-02-10,2025-02-07,2025/02,WE,2810,C,29851.73,EUR,2644.32,MSC-DN-487692,4500204500030,79001,Merinor inhal 120 dos,WH01
50013147,6,2025-02-10,2025-02-07,2025/02,WE,2810,D,126.93,EUR,0.00,MSC-DN-487692,4500204500030,79001,Diff. GR/IR,BATCH
50013147,7,2025-02-10,2025-02-07,2025/02,WE,1400,D,221507.79,EUR,0.00,MSC-DN-487692,,79001,Goods receipt 45002045,WH01
50013147,8,2025-02-10,2025-02-07,2025/02,WE,6950,C,941.83,EUR,0.00,MSC-DN-487692,,79001,Diff. GR/IR,BATCH
50013148,1,2025-02-10,2025-02-07,2025/02,WE,2810,C,1170790.32,EUR,103710.72,MSC-DN-495405,4500205200010,79001,Merigast 10 mg tbl 28x,WH01
50013148,2,2025-02-10,2025-02-07,2025/02,WE,2810,D,4978.12,EUR,0.00,MSC-DN-495405,4500205200010,79001,Diff. GR/IR,BATCH
50013148,3,2025-02-10,2025-02-07,2025/02,WE,1400,D,1170790.32,EUR,0.00,MSC-DN-495405,,79001,Goods receipt 45002052,WH01
50013148,4,2025-02-10,2025-02-07,2025/02,WE,6950,C,4978.12,EUR,0.00,MSC-DN-495405,,79001,Diff. GR/IR,BATCH
50013150,1,2025-02-10,2025-02-10,2025/02,WE,2810,C,25680.00,NVK,25680.00,OT782158,4500209100010,70026,,WH01
50013150,2,2025-02-10,2025-02-10,2025/02,WE,1410,D,25680.00,NVK,25680.00,OT782158,,70026,Goods receipt 45002091,WH01
51007386,1,2025-02-10,2025-02-07,2025/02,RE,3350,C,1104715.80,EUR,97857.72,MSC90052970,,79001,Meridia Supply Chain B.V,TBER
51007386,2,2025-02-10,2025-02-07,2025/02,RE,2810,D,59842.99,EUR,5301.00,MSC90052970,4500204600010,79001,Merivent 100 mg/5 ml susp 10,TBER
51007386,3,2025-02-10,2025-02-07,2025/02,RE,2810,D,163171.21,EUR,14454.00,MSC90052970,4500204600030,79001,Mericard inhal 120 dos,TBER
51007386,4,2025-02-10,2025-02-07,2025/02,RE,2810,D,881701.61,EUR,78102.72,MSC90052970,4500204600040,79001,Meriflux 20 mg tbl 56x,TBER
51007388,1,2025-02-10,2025-02-05,2025/02,RE,3350,C,1151537.61,EUR,102005.28,MSC90052958,,79001,Meridia Supply Chain B.V,JKOV
51007388,2,2025-02-10,2025-02-05,2025/02,RE,2810,D,108412.33,EUR,9603.36,MSC90052958,4500207600010,79001,Merivent 40 mg caps 30x,JKOV
51007388,3,2025-02-10,2025-02-05,2025/02,RE,2810,D,570005.99,EUR,50492.16,MSC90052958,4500207600020,79001,,JKOV
51007388,4,2025-02-10,2025-02-05,2025/02,RE,2810,D,473119.28,EUR,41909.76,MSC90052958,4500207600030,79001,Merizol 10 mg tbl 28x,JKOV
51007390,1,2025-02-10,2025-02-08,2025/02,RE,3300,C,52669.44,NVK,52669.44,2025/19075,,70022,Reagens Mivor d.o.o.,MHAL
51007390,2,2025-02-10,2025-02-08,2025/02,RE,2810,D,26299.80,NVK,26299.80,2025/19075,4500209400010,70022,Solvent HPLC grade 2.5 l,MHAL
51007390,3,2025-02-10,2025-02-08,2025/02,RE,2810,D,17591.40,NVK,17591.40,2025/19075,4500209400020,70022,Reference standard kit,MHAL
51007392,1,2025-02-10,2025-02-07,2025/02,RE,3300,C,49800.00,NVK,49800.00,F-045312,,70054,Autolease Vendra d.o.o.,TBER
51007393,1,2025-02-10,2025-02-07,2025/02,RE,3300,C,139362.58,NVK,139362.58,INV-2025-54524,,70060,Agencija Pikto d.o.o.,TBER
50013151,1,2025-02-12,2025-02-12,2025/02,WE,2810,C,6700.00,NVK,6700.00,DN23028,4500210700010,70031,Envelopes C4,WH01
50013151,2,2025-02-12,2025-02-12,2025/02,WE,1410,D,6700.00,NVK,6700.00,DN23028,,70031,,WH01
51007395,1,2025-02-12,2025-02-07,2025/02,RE,3300,C,8365.36,NVK,8365.36,0060534,,70053,Norvatel d.d.,MHAL
51007397,1,2025-02-12,2025-02-07,2025/02,RE,3300,C,35960.93,NVK,35960.93,0042642,,70059,Odvetniki Strelan in par,TBER
50013154,1,2025-02-13,2025-02-13,2025/02,WE,2810,C,45793.44,NVK,45793.44,OT964163,4500210300010,70011,Shipping carton 400x300x250,WH01
50013154,2,2025-02-13,2025-02-13,2025/02,WE,2810,C,21828.88,NVK,21828.88,OT964163,4500210300020,70011,Carton divider set,WH01
50013154,3,2025-02-13,2025-02-13,2025/02,WE,2810,C,44895.00,NVK,44895.00,OT964163,4500210300030,70011,Pallet box heavy duty,WH01
50013154,4,2025-02-13,2025-02-13,2025/02,WE,1410,D,112517.32,NVK,112517.32,OT964163,,70011,Goods receipt 45002103,WH01
50013156,1,2025-02-13,2025-02-12,2025/02,WE,2810,C,6700.00,NVK,6700.00,DN23028,4500210700010,70031,Envelopes C4,WH02
50013156,2,2025-02-13,2025-02-12,2025/02,WE,1410,D,6700.00,NVK,6700.00,DN23028,,70031,Goods receipt 45002107,WH02
51007398,1,2025-02-13,2025-02-08,2025/02,RE,3300,C,8679.79,NVK,8679.79,F-037621,,70032,Biro Dalven d.o.o.,JKOV
51007398,2,2025-02-13,2025-02-08,2025/02,RE,2810,D,2953.16,NVK,2953.16,F-037621,4500206300010,70032,Archive box,JKOV
51007398,3,2025-02-13,2025-02-08,2025/02,RE,2810,D,4280.00,NVK,4280.00,F-037621,4500206300020,70032,Ring binder A4,JKOV
51007400,1,2025-02-13,2025-02-06,2025/02,RE,3300,C,175578.60,NVK,175578.60,INV-2025-10058,,70045,Senzor Tehnika Olvar d.o,JKOV
51007400,2,2025-02-13,2025-02-06,2025/02,RE,2810,D,10745.50,NVK,10745.50,INV-2025-10058,4500209000010,70045,Logger docking station,JKOV
51007400,3,2025-02-13,2025-02-06,2025/02,RE,2810,C,313.00,NVK,0.00,INV-2025-10058,4500209000010,70045,Diff. GR/IR,BATCH
51007400,4,2025-02-13,2025-02-06,2025/02,RE,2810,D,131120.00,NVK,131120.00,INV-2025-10058,4500209000020,70045,Temperature data logger,JKOV
51007400,5,2025-02-13,2025-02-06,2025/02,RE,2810,D,4450.00,NVK,4450.00,INV-2025-10058,4500209000030,70045,,JKOV
51007400,6,2025-02-13,2025-02-06,2025/02,RE,5890,D,313.00,NVK,0.00,INV-2025-10058,,70045,Diff. GR/IR,BATCH
50013159,1,2025-02-14,2025-02-14,2025/02,WE,2810,C,157554.70,EUR,13956.48,MSC-DN-473950,4500207800010,79001,Meriderm 40 mg caps 30x,WH01
50013159,2,2025-02-14,2025-02-14,2025/02,WE,2810,D,669.91,EUR,0.00,MSC-DN-473950,4500207800010,79001,Diff. GR/IR,BATCH
50013159,3,2025-02-14,2025-02-14,2025/02,WE,2810,C,22731.53,EUR,2013.60,MSC-DN-473950,4500207800020,79001,Merivent 20 mg tbl 56x,WH01
50013159,4,2025-02-14,2025-02-14,2025/02,WE,2810,D,96.65,EUR,0.00,MSC-DN-473950,4500207800020,79001,Diff. GR/IR,BATCH
50013159,5,2025-02-14,2025-02-14,2025/02,WE,2810,C,16678.82,EUR,1477.44,MSC-DN-473950,4500207800030,79001,Merivent 40 mg caps 30x,WH01
50013159,6,2025-02-14,2025-02-14,2025/02,WE,2810,D,70.92,EUR,0.00,MSC-DN-473950,4500207800030,79001,Diff. GR/IR,BATCH
50013159,7,2025-02-14,2025-02-14,2025/02,WE,2810,C,1596598.75,EUR,141429.60,MSC-DN-473950,4500207800040,79001,Meripain 5 mg tbl 28x,WH01
50013159,8,2025-02-14,2025-02-14,2025/02,WE,2810,D,5744.21,EUR,0.00,MSC-DN-473950,4500207800040,79001,Diff. GR/IR,BATCH
50013159,9,2025-02-14,2025-02-14,2025/02,WE,1400,D,1793563.80,EUR,0.00,MSC-DN-473950,,79001,Goods receipt 45002078,WH01
50013159,10,2025-02-14,2025-02-14,2025/02,WE,6950,C,6581.69,EUR,0.00,MSC-DN-473950,,79001,Diff. GR/IR,BATCH
50013160,1,2025-02-14,2025-02-14,2025/02,WE,2810,D,157554.70,EUR,13956.48,MSC-DN-473950,4500207800010,79001,Meriderm 40 mg caps 30x,WH01
50013160,2,2025-02-14,2025-02-14,2025/02,WE,2810,C,669.91,EUR,0.00,MSC-DN-473950,4500207800010,79001,Diff. GR/IR,BATCH
50013160,3,2025-02-14,2025-02-14,2025/02,WE,2810,D,22731.53,EUR,2013.60,MSC-DN-473950,4500207800020,79001,Merivent 20 mg tbl 56x,WH01
50013160,4,2025-02-14,2025-02-14,2025/02,WE,2810,C,96.65,EUR,0.00,MSC-DN-473950,4500207800020,79001,Diff. GR/IR,BATCH
50013160,5,2025-02-14,2025-02-14,2025/02,WE,2810,D,16678.82,EUR,1477.44,MSC-DN-473950,4500207800030,79001,Merivent 40 mg caps 30x,WH01
50013160,6,2025-02-14,2025-02-14,2025/02,WE,2810,C,70.92,EUR,0.00,MSC-DN-473950,4500207800030,79001,Diff. GR/IR,BATCH
50013160,7,2025-02-14,2025-02-14,2025/02,WE,2810,D,1596598.75,EUR,141429.60,MSC-DN-473950,4500207800040,79001,Meripain 5 mg tbl 28x,WH01
50013160,8,2025-02-14,2025-02-14,2025/02,WE,2810,C,5744.21,EUR,0.00,MSC-DN-473950,4500207800040,79001,Diff. GR/IR,BATCH
50013160,9,2025-02-14,2025-02-14,2025/02,WE,1400,C,1793563.80,EUR,0.00,MSC-DN-473950,,79001,Goods receipt 45002078,WH01
50013160,10,2025-02-14,2025-02-14,2025/02,WE,6950,D,6581.69,EUR,0.00,MSC-DN-473950,,79001,Diff. GR/IR,BATCH
50013162,1,2025-02-14,2025-02-14,2025/02,WE,2810,C,157554.70,EUR,13956.48,MSC-DN-473950,4500207800010,79001,Meriderm 40 mg caps 30x,WH01
50013162,2,2025-02-14,2025-02-14,2025/02,WE,2810,D,669.91,EUR,0.00,MSC-DN-473950,4500207800010,79001,Diff. GR/IR,BATCH
50013162,3,2025-02-14,2025-02-14,2025/02,WE,2810,C,22731.53,EUR,2013.60,MSC-DN-473950,4500207800020,79001,Merivent 20 mg tbl 56x,WH01
50013162,4,2025-02-14,2025-02-14,2025/02,WE,2810,D,96.65,EUR,0.00,MSC-DN-473950,4500207800020,79001,Diff. GR/IR,BATCH
50013162,5,2025-02-14,2025-02-14,2025/02,WE,2810,C,16678.82,EUR,1477.44,MSC-DN-473950,4500207800030,79001,Merivent 40 mg caps 30x,WH01
50013162,6,2025-02-14,2025-02-14,2025/02,WE,2810,D,70.92,EUR,0.00,MSC-DN-473950,4500207800030,79001,Diff. GR/IR,BATCH
50013162,7,2025-02-14,2025-02-14,2025/02,WE,2810,C,1350968.18,EUR,119671.20,MSC-DN-473950,4500207800040,79001,Meripain 5 mg tbl 28x,WH01
50013162,8,2025-02-14,2025-02-14,2025/02,WE,2810,D,5744.22,EUR,0.00,MSC-DN-473950,4500207800040,79001,,BATCH
50013162,9,2025-02-14,2025-02-14,2025/02,WE,1400,D,1547933.23,EUR,0.00,MSC-DN-473950,,79001,Goods receipt 45002078,WH01
50013162,10,2025-02-14,2025-02-14,2025/02,WE,6950,C,6581.70,EUR,0.00,MSC-DN-473950,,79001,Diff. GR/IR,BATCH
50013164,1,2025-02-14,2025-02-14,2025/02,WE,2810,C,75512.92,NVK,75512.92,OT687856,4500210000010,70012,Paper filler 70 g,WH02
50013164,2,2025-02-14,2025-02-14,2025/02,WE,2810,C,99814.68,NVK,99814.68,OT687856,4500210000020,70012,Bubble wrap 1.2 m,WH02
50013164,3,2025-02-14,2025-02-14,2025/02,WE,2810,C,12872.44,NVK,12872.44,OT687856,4500210000030,70012,Packing tape 48 mm,WH02
50013164,4,2025-02-14,2025-02-14,2025/02,WE,1410,D,188200.04,NVK,188200.04,OT687856,,70012,Goods receipt 45002100,WH02
50013167,1,2025-02-14,2025-02-14,2025/02,WE,2810,C,1027.05,NVK,1027.05,D-967217,4500211400010,70032,Archive box,WH02
50013167,2,2025-02-14,2025-02-14,2025/02,WE,2810,C,2099.36,NVK,2099.36,D-967217,4500211400020,70032,Ring binder A4,WH02
50013167,3,2025-02-14,2025-02-14,2025/02,WE,1410,D,3126.41,NVK,3126.41,D-967217,,70032,Goods receipt 45002114,WH02
50013169,1,2025-02-17,2025-02-17,2025/02,WE,2810,C,13512.93,EUR,1197.00,MSC-DN-467305,4500204600010,79001,Merivent 100 mg/5 ml susp 10,WH02
50013169,2,2025-02-17,2025-02-17,2025/02,WE,2810,C,535025.45,EUR,47393.52,MSC-DN-467305,4500204600020,79001,Merizol 40 mg caps 30x,WH02
50013169,3,2025-02-17,2025-02-17,2025/02,WE,2810,C,93798.04,EUR,8308.80,MSC-DN-467305,4500204600040,79001,Meriflux 20 mg tbl 56x,WH02
50013169,4,2025-02-17,2025-02-17,2025/02,WE,1400,D,642336.42,EUR,0.00,MSC-DN-467305,,79001,Goods receipt 45002046,WH02
50013172,1,2025-02-17,2025-02-17,2025/02,WE,2810,D,535.00,NVK,535.00,OT277701,4500206300020,70032,Ring binder A4,WH02
50013172,2,2025-02-17,2025-02-17,2025/02,WE,1410,C,535.00,NVK,535.00,OT277701,,70032,Goods receipt 45002063,WH02
50013173,1,2025-02-17,2025-02-14,2025/02,WE,2810,C,86994.84,EUR,7706.16,OT537983,4500210100010,70024,Volumetric flask set,WH01
50013173,2,2025-02-17,2025-02-14,2025/02,WE,2810,C,18083.17,EUR,1601.84,OT537983,4500210100020,70024,,WH01
50013173,3,2025-02-17,2025-02-14,2025/02,WE,1410,D,105078.01,EUR,0.00,OT537983,,70024,Goods receipt 45002101,WH01
51007401,1,2025-02-17,2025-02-14,2025/02,KG,3300,D,394.09,NVK,394.09,F-004824,,70014,,TBER
51007401,2,2025-02-17,2025-02-14,2025/02,KG,2810,C,328.41,NVK,328.41,F-004824,4500204800020,70014,Patient leaflet reprint type,TBER
51007401,3,2025-02-17,2025-02-14,2025/02,KG,2810,D,328.41,NVK,0.00,F-004824,4500204800020,70014,Diff. GR/IR,BATCH
51007401,4,2025-02-17,2025-02-14,2025/02,KG,5890,C,328.41,NVK,0.00,F-004824,,70014,Diff. GR/IR,BATCH
51007403,1,2025-02-17,2025-02-10,2025/02,RE,3300,C,120206.33,NVK,120206.33,2025/37326,,70013,Etiketa Sorvin d.o.o.,TBER
51007403,2,2025-02-17,2025-02-10,2025/02,RE,2810,D,16067.41,NVK,16067.41,2025/37326,4500208800010,70013,Label thermal 100x60,TBER
51007403,3,2025-02-17,2025-02-10,2025/02,RE,2810,D,57416.53,NVK,57416.53,2025/37326,4500208800020,70013,Label serialisation blank 50,TBER
51007403,4,2025-02-17,2025-02-10,2025/02,RE,2810,D,26688.00,NVK,26688.00,2025/37326,4500208800030,70013,,TBER
51007404,1,2025-02-18,2025-02-14,2025/02,RE,3350,C,503893.55,EUR,44635.80,MSC90053017,,79001,Meridia Supply Chain B.V,TBER
51007404,2,2025-02-18,2025-02-14,2025/02,RE,2810,D,319531.08,EUR,28304.64,MSC90053017,4500205400010,79001,Merinor 250 mg inj 5 amp,TBER
51007404,3,2025-02-18,2025-02-14,2025/02,RE,2810,D,113894.72,EUR,10089.00,MSC90053017,4500205400020,79001,Merivent 100 mg/5 ml susp 10,TBER
51007404,4,2025-02-18,2025-02-14,2025/02,RE,2810,C,173.71,EUR,0.00,MSC90053017,4500205400020,79001,Diff. GR/IR,BATCH
51007404,5,2025-02-18,2025-02-14,2025/02,RE,2810,D,70467.74,EUR,6242.16,MSC90053017,4500205400040,79001,Merivent 20 mg tbl 56x,TBER
51007404,6,2025-02-18,2025-02-14,2025/02,RE,6950,D,173.71,EUR,0.00,MSC90053017,,79001,Diff. GR/IR,BATCH
51007406,1,2025-02-18,2025-02-13,2025/02,RE,3350,C,746722.65,EUR,66146.04,MSC90053011,,79001,Meridia Supply Chain B.V,TBER
51007406,2,2025-02-18,2025-02-13,2025/02,RE,2810,D,331293.77,EUR,29346.60,MSC90053011,4500208700010,79001,Merilip 250 mg inj 5 amp,TBER
51007406,3,2025-02-18,2025-02-13,2025/02,RE,2810,D,270193.64,EUR,23934.24,MSC90053011,4500208700020,79001,Meripain 5 mg tbl 28x,TBER
51007406,4,2025-02-18,2025-02-13,2025/02,RE,2810,D,53875.62,EUR,4772.40,MSC90053011,4500208700030,79001,Meriderm 250 mg inj 5 amp,TBER
51007406,5,2025-02-18,2025-02-13,2025/02,RE,2810,D,91359.62,EUR,8092.80,MSC90053011,4500208700040,79001,Meritan 250 mg inj 5 amp,TBER
51007408,1,2025-02-18,2025-02-15,2025/02,RE,3350,C,3954057.59,EUR,350257.56,MSC90053023,,79001,Meridia Supply Chain B.V,TBER
51007408,2,2025-02-18,2025-02-15,2025/02,RE,2810,D,1740677.10,EUR,154192.32,MSC90053023,4500209700010,79001,Meripain 10 mg tbl 28x,TBER
51007408,3,2025-02-18,2025-02-15,2025/02,RE,2810,D,296231.94,EUR,26240.76,MSC90053023,4500209700020,79001,Merinor 250 mg inj 5 amp,TBER
51007408,4,2025-02-18,2025-02-15,2025/02,RE,2810,D,69495.08,EUR,6156.00,MSC90053023,4500209700030,79001,Merivent 100 mg/5 ml susp 10,TBER
51007408,5,2025-02-18,2025-02-15,2025/02,RE,2810,D,1847653.47,EUR,163668.48,MSC90053023,4500209700040,79001,Merigast 10 mg tbl 28x,TBER
51007410,1,2025-02-18,2025-02-15,2025/02,RE,3300,C,135020.78,NVK,135020.78,INV-2025-23334,,70011,Kartonaza Velmir d.o.o.,JKOV
51007410,2,2025-02-18,2025-02-15,2025/02,RE,2810,D,45793.44,NVK,45793.44,INV-2025-23334,4500210300010,70011,Shipping carton 400x300x250,JKOV
51007410,3,2025-02-18,2025-02-15,2025/02,RE,2810,D,21828.88,NVK,21828.88,INV-2025-23334,4500210300020,70011,,JKOV
51007410,4,2025-02-18,2025-02-15,2025/02,RE,2810,D,44895.00,NVK,44895.00,INV-2025-23334,4500210300030,70011,,JKOV
50013176,1,2025-02-19,2025-02-17,2025/02,WE,2810,C,108412.33,EUR,9603.36,MSC-DN-460068,4500207600010,79001,Merivent 40 mg caps 30x,WH02
50013176,2,2025-02-19,2025-02-17,2025/02,WE,2810,C,570005.99,EUR,50492.16,MSC-DN-460068,4500207600020,79001,Meripain 20 mg tbl 56x,WH02
50013176,3,2025-02-19,2025-02-17,2025/02,WE,2810,C,512545.89,EUR,45402.24,MSC-DN-460068,4500207600030,79001,Merizol 10 mg tbl 28x,WH02
50013176,4,2025-02-19,2025-02-17,2025/02,WE,1400,D,1190964.21,EUR,0.00,MSC-DN-460068,,79001,Goods receipt 45002076,WH02
50013178,1,2025-02-19,2025-02-17,2025/02,WE,2810,C,31280.00,NVK,31280.00,DN265953,4500210600010,70041,Pallet collar,WH01
50013178,2,2025-02-19,2025-02-17,2025/02,WE,2810,C,67061.50,NVK,67061.50,DN265953,4500210600020,70041,EUR pallet new,WH01
50013178,3,2025-02-19,2025-02-17,2025/02,WE,1410,D,98341.50,NVK,98341.50,DN265953,,70041,,WH01
51007411,1,2025-02-20,2025-02-16,2025/02,RE,3300,C,8040.00,NVK,8040.00,2025/25170,,70031,Papirnica Osrek d.o.o.,TBER
51007411,2,2025-02-20,2025-02-16,2025/02,RE,2810,D,6700.00,NVK,6700.00,2025/25170,4500210700010,70031,Envelopes C4,TBER
50013179,1,2025-02-21,2025-02-20,2025/02,WE,2810,C,45925.76,NVK,45925.76,OT44678,4500211300010,70011,Pallet box heavy duty,WH01
50013179,2,2025-02-21,2025-02-20,2025/02,WE,2810,C,73281.56,NVK,73281.56,OT44678,4500211300020,70011,Carton divider set,WH01
50013179,3,2025-02-21,2025-02-20,2025/02,WE,1410,D,119207.32,NVK,119207.32,OT44678,,70011,Goods receipt 45002113,WH01
50013180,1,2025-02-24,2025-02-17,2025/02,WE,2810,D,108412.33,EUR,9603.36,MSC-DN-460068,4500207600010,79001,Merivent 40 mg caps 30x,WH02
50013180,2,2025-02-24,2025-02-17,2025/02,WE,2810,D,570005.99,EUR,50492.16,MSC-DN-460068,4500207600020,79001,Meripain 20 mg tbl 56x,WH02
50013180,3,2025-02-24,2025-02-17,2025/02,WE,2810,D,512545.89,EUR,45402.24,MSC-DN-460068,4500207600030,79001,Merizol 10 mg tbl 28x,WH02
50013180,4,2025-02-24,2025-02-17,2025/02,WE,1400,C,1190964.21,EUR,0.00,MSC-DN-460068,,79001,Goods receipt 45002076,WH02
50013182,1,2025-02-24,2025-02-17,2025/02,WE,2810,C,108412.33,EUR,9603.36,MSC-DN-460068,4500207600010,79001,Merivent 40 mg caps 30x,WH02
50013182,2,2025-02-24,2025-02-17,2025/02,WE,2810,C,570005.99,EUR,50492.16,MSC-DN-460068,4500207600020,79001,Meripain 20 mg tbl 56x,WH02
50013182,3,2025-02-24,2025-02-17,2025/02,WE,2810,C,473119.28,EUR,41909.76,MSC-DN-460068,4500207600030,79001,Merizol 10 mg tbl 28x,WH02
50013182,4,2025-02-24,2025-02-17,2025/02,WE,1400,D,1151537.60,EUR,0.00,MSC-DN-460068,,79001,Goods receipt 45002076,WH02
51007413,1,2025-02-24,2025-02-20,2025/02,RE,3300,C,3751.69,NVK,3751.69,F-037703,,70032,Biro Dalven d.o.o.,TBER
51007413,2,2025-02-24,2025-02-20,2025/02,RE,2810,D,1027.05,NVK,1027.05,F-037703,4500211400010,70032,Archive box,TBER
51007413,3,2025-02-24,2025-02-20,2025/02,RE,2810,D,2099.36,NVK,2099.36,F-037703,4500211400020,70032,Ring binder A4,TBER
50013183,1,2025-02-25,2025-02-24,2025/02,WE,2810,C,59842.99,EUR,5301.00,MSC-DN-447471,4500204600010,79001,Merivent 100 mg/5 ml susp 10,WH01
50013183,2,2025-02-25,2025-02-24,2025/02,WE,2810,C,163171.21,EUR,14454.00,MSC-DN-447471,4500204600030,79001,Mericard inhal 120 dos,WH01
50013183,3,2025-02-25,2025-02-24,2025/02,WE,2810,C,881701.61,EUR,78102.72,MSC-DN-447471,4500204600040,79001,Meriflux 20 mg tbl 56x,WH01
50013183,4,2025-02-25,2025-02-24,2025/02,WE,1400,D,1104715.81,EUR,0.00,MSC-DN-447471,,79001,Goods receipt 45002046,WH01
50013186,1,2025-02-25,2025-02-24,2025/02,WE,2810,C,331293.77,EUR,29346.60,MSC-DN-432132,4500208700010,79001,Merilip 250 mg inj 5 amp,WH02
50013186,2,2025-02-25,2025-02-24,2025/02,WE,2810,C,270193.64,EUR,23934.24,MSC-DN-432132,4500208700020,79001,Meripain 5 mg tbl 28x,WH02
50013186,3,2025-02-25,2025-02-24,2025/02,WE,2810,C,53875.62,EUR,4772.40,MSC-DN-432132,4500208700030,79001,Meriderm 250 mg inj 5 amp,WH02
50013186,4,2025-02-25,2025-02-24,2025/02,WE,2810,C,91359.62,EUR,8092.80,MSC-DN-432132,4500208700040,79001,Meritan 250 mg inj 5 amp,WH02
50013186,5,2025-02-25,2025-02-24,2025/02,WE,1400,D,746722.65,EUR,0.00,MSC-DN-432132,,79001,Goods receipt 45002087,WH02
50013189,1,2025-02-25,2025-02-25,2025/02,WE,2810,C,64332.28,NVK,64332.28,OT44340,4500211000010,70041,EUR pallet new,WH02
50013189,2,2025-02-25,2025-02-25,2025/02,WE,2810,C,16100.00,NVK,16100.00,OT44340,4500211000020,70041,Pallet collar,WH02
50013189,3,2025-02-25,2025-02-25,2025/02,WE,1410,D,80432.28,NVK,80432.28,OT44340,,70041,Goods receipt 45002110,WH02
50013192,1,2025-02-26,2025-02-24,2025/02,WE,2810,C,109761.59,EUR,9722.88,MSC-DN-411385,4500205200010,79001,Merigast 10 mg tbl 28x,WH01
50013192,2,2025-02-26,2025-02-24,2025/02,WE,2810,C,907787.32,EUR,80413.44,MSC-DN-411385,4500205200020,79001,Meripain 20 mg tbl 56x,WH01
50013192,3,2025-02-26,2025-02-24,2025/02,WE,1400,D,1017548.91,EUR,0.00,MSC-DN-411385,,79001,Goods receipt 45002052,WH01
51007414,1,2025-02-26,2025-02-20,2025/02,KG,3300,D,5952.00,NVK,5952.00,R/59060/25,,70021,Labtek Soran d.o.o.,TBER
51007414,2,2025-02-26,2025-02-20,2025/02,KG,2810,C,4960.00,NVK,4960.00,R/59060/25,4500205700010,70021,Nitrile gloves M,TBER
51007416,1,2025-02-26,2025-02-22,2025/02,RE,3300,C,225840.05,NVK,225840.05,R/26469/25,,70012,Brenko Pak d.o.o.,TBER
51007416,2,2025-02-26,2025-02-22,2025/02,RE,2810,D,75512.92,NVK,75512.92,R/26469/25,4500210000010,70012,Paper filler 70 g,TBER
51007416,3,2025-02-26,2025-02-22,2025/02,RE,2810,D,99814.68,NVK,99814.68,R/26469/25,4500210000020,70012,Bubble wrap 1.2 m,TBER
51007416,4,2025-02-26,2025-02-22,2025/02,RE,2810,D,12872.44,NVK,12872.44,R/26469/25,4500210000030,70012,Packing tape 48 mm,TBER
51007418,1,2025-02-26,2025-02-22,2025/02,RE,3310,C,105078.01,EUR,9308.00,0017567,,70024,Vitrum Laborbedarf Halde,TBER
51007418,2,2025-02-26,2025-02-22,2025/02,RE,2810,D,86994.84,EUR,7706.16,0017567,4500210100010,70024,Volumetric flask set,TBER
51007418,3,2025-02-26,2025-02-22,2025/02,RE,2810,D,18083.17,EUR,1601.84,0017567,4500210100020,70024,Desiccator 300 mm,TBER
51007419,1,2025-02-26,2025-02-22,2025/02,RE,3300,C,69840.00,NVK,69840.00,R/31244/25,,70041,Paleta Drovnik d.o.o.,TBER
51007419,2,2025-02-26,2025-02-22,2025/02,RE,2810,D,58200.00,NVK,58200.00,R/31244/25,4500212100010,70041,EUR pallet new,TBER
50013193,1,2025-02-27,2025-02-24,2025/02,WE,2810,C,319531.08,EUR,28304.64,MSC-DN-487881,4500205400010,79001,Merinor 250 mg inj 5 amp,WH02
50013193,2,2025-02-27,2025-02-24,2025/02,WE,2810,C,113894.72,EUR,10089.00,MSC-DN-487881,4500205400020,79001,Merivent 100 mg/5 ml susp 10,WH02
50013193,3,2025-02-27,2025-02-24,2025/02,WE,2810,D,173.71,EUR,0.00,MSC-DN-487881,4500205400020,79001,Diff. GR/IR,BATCH
50013193,4,2025-02-27,2025-02-24,2025/02,WE,2810,C,70467.74,EUR,6242.16,MSC-DN-487881,4500205400040,79001,Merivent 20 mg tbl 56x,WH02
50013193,5,2025-02-27,2025-02-24,2025/02,WE,1400,D,503893.54,EUR,0.00,MSC-DN-487881,,79001,Goods receipt 45002054,WH02
50013193,6,2025-02-27,2025-02-24,2025/02,WE,6950,C,173.71,EUR,0.00,MSC-DN-487881,,79001,Diff. GR/IR,BATCH
50013195,1,2025-02-27,2025-02-24,2025/02,WE,2810,C,9024.00,NVK,9024.00,OT725847,4500211600010,70013,Label cold-chain warning,WH02
50013195,2,2025-02-27,2025-02-24,2025/02,WE,2810,C,38025.02,NVK,38025.02,OT725847,4500211600020,70013,Label thermal 100x60,WH02
50013195,3,2025-02-27,2025-02-24,2025/02,WE,1410,D,47049.02,NVK,47049.02,OT725847,,70013,Goods receipt 45002116,WH02
51007421,1,2025-02-27,2025-02-20,2025/02,RE,3300,C,118009.80,NVK,118009.80,R/31224/25,,70041,Paleta Drovnik d.o.o.,TBER
51007421,2,2025-02-27,2025-02-20,2025/02,RE,2810,D,31280.00,NVK,31280.00,R/31224/25,4500210600010,70041,Pallet collar,TBER
51007421,3,2025-02-27,2025-02-20,2025/02,RE,2810,D,67061.50,NVK,67061.50,R/31224/25,4500210600020,70041,EUR pallet new,TBER
51007423,1,2025-02-27,2025-02-22,2025/02,RE,3300,C,143048.78,NVK,143048.78,INV-2025-23388,,70011,Kartonaza Velmir d.o.o.,TBER
51007423,2,2025-02-27,2025-02-22,2025/02,RE,2810,D,45925.76,NVK,45925.76,INV-2025-23388,4500211300010,70011,Pallet box heavy duty,TBER
51007423,3,2025-02-27,2025-02-22,2025/02,RE,2810,D,73281.56,NVK,73281.56,INV-2025-23388,4500211300020,70011,Carton divider set,TBER
51007425,1,2025-02-27,2025-02-21,2025/02,RE,3300,C,104964.04,NVK,104964.04,F-019609,,70058,Revizija Holmek d.o.o.,TBER
10000839,1,2025-02-28,2025-02-28,2025/02,SA,2810,D,4.14,NVK,4.14,,4500203300010,70013,clearing GR/IR diff,JKOV
10000839,2,2025-02-28,2025-02-28,2025/02,SA,5890,C,4.14,NVK,4.14,,4500203300010,,clearing GR/IR diff,JKOV
10000840,1,2025-02-28,2025-02-28,2025/02,SA,2810,D,7.94,NVK,7.94,,4500208800010,70013,GR/IR diff cleared,JKOV
10000840,2,2025-02-28,2025-02-28,2025/02,SA,5890,C,7.94,NVK,7.94,,4500208800010,,GR/IR diff cleared,JKOV
10000848,1,2025-02-28,2025-02-28,2025/02,SA,2810,D,19.31,NVK,19.31,,4500208800020,70013,GR/IR clearing,MHAL
10000848,2,2025-02-28,2025-02-28,2025/02,SA,5890,C,19.31,NVK,19.31,,4500208800020,,GR/IR clearing,MHAL
51007427,1,2025-03-03,2025-02-27,2025/03,KG,3300,D,529.26,NVK,529.26,0014026,,70015,Folia Trand d.o.o.,TBER
51007427,2,2025-03-03,2025-02-27,2025/03,KG,2810,C,441.05,NVK,441.05,0014026,4500207500010,70015,Shrink hood pallet,TBER
51007427,3,2025-03-03,2025-02-27,2025/03,KG,2810,D,441.05,NVK,0.00,0014026,4500207500010,70015,Diff. GR/IR,BATCH
51007427,4,2025-03-03,2025-02-27,2025/03,KG,5890,C,441.05,NVK,0.00,0014026,,70015,Diff. GR/IR,BATCH
50013198,1,2025-03-04,2025-03-03,2025/03,WE,2810,C,1747384.47,EUR,154192.32,MSC-DN-436974,4500209700010,79001,Meripain 10 mg tbl 28x,WH01
50013198,2,2025-03-04,2025-03-03,2025/03,WE,2810,D,6707.37,EUR,0.00,MSC-DN-436974,4500209700010,79001,Diff. GR/IR,BATCH
50013198,3,2025-03-04,2025-03-03,2025/03,WE,2810,C,297373.41,EUR,26240.76,MSC-DN-436974,4500209700020,79001,Merinor 250 mg inj 5 amp,WH01
50013198,4,2025-03-04,2025-03-03,2025/03,WE,2810,D,1141.47,EUR,0.00,MSC-DN-436974,4500209700020,79001,Diff. GR/IR,BATCH
50013198,5,2025-03-04,2025-03-03,2025/03,WE,2810,C,69762.87,EUR,6156.00,MSC-DN-436974,4500209700030,79001,Merivent 100 mg/5 ml susp 10,WH01
50013198,6,2025-03-04,2025-03-03,2025/03,WE,2810,D,267.79,EUR,0.00,MSC-DN-436974,4500209700030,79001,Diff. GR/IR,BATCH
50013198,7,2025-03-04,2025-03-03,2025/03,WE,2810,C,1854773.05,EUR,163668.48,MSC-DN-436974,4500209700040,79001,Merigast 10 mg tbl 28x,WH01
50013198,8,2025-03-04,2025-03-03,2025/03,WE,2810,D,7119.58,EUR,0.00,MSC-DN-436974,4500209700040,79001,Diff. GR/IR,BATCH
50013198,9,2025-03-04,2025-03-03,2025/03,WE,1400,D,3969293.80,EUR,0.00,MSC-DN-436974,,79001,Goods receipt 45002097,WH01
50013198,10,2025-03-04,2025-03-03,2025/03,WE,6950,C,15236.21,EUR,0.00,MSC-DN-436974,,79001,Diff. GR/IR,BATCH
50013199,1,2025-03-05,2025-03-04,2025/03,WE,2810,C,97290.11,NVK,97290.11,OT95486,4500210800010,70041,EUR pallet new,WH02
50013199,2,2025-03-05,2025-03-04,2025/03,WE,2810,C,32660.00,NVK,32660.00,OT95486,4500210800020,70041,Pallet collar,WH02
50013199,3,2025-03-05,2025-03-04,2025/03,WE,1410,D,129950.11,NVK,129950.11,OT95486,,70041,Goods receipt 45002108,WH02
51007428,1,2025-03-05,2025-03-02,2025/03,RE,3300,C,49800.00,NVK,49800.00,F-045472,,70054,Autolease Vendra d.o.o.,TBER
51007429,1,2025-03-06,2025-03-04,2025/03,RE,3350,C,1021469.85,EUR,90136.32,MSC90053147,,79001,Meridia Supply Chain B.V,MHAL
51007429,2,2025-03-06,2025-03-04,2025/03,RE,2810,D,110184.54,EUR,9722.88,MSC90053147,4500205200010,79001,Merigast 10 mg tbl 28x,MHAL
51007429,3,2025-03-06,2025-03-04,2025/03,RE,2810,C,422.95,EUR,0.00,MSC90053147,4500205200010,79001,Diff. GR/IR,BATCH
51007429,4,2025-03-06,2025-03-04,2025/03,RE,2810,D,911285.31,EUR,80413.44,MSC90053147,4500205200020,79001,,MHAL
51007429,5,2025-03-06,2025-03-04,2025/03,RE,2810,C,3497.99,EUR,0.00,MSC90053147,4500205200020,79001,Diff. GR/IR,BATCH
51007429,6,2025-03-06,2025-03-04,2025/03,RE,6950,D,3920.94,EUR,0.00,MSC90053147,,79001,Diff. GR/IR,BATCH
51007431,1,2025-03-06,2025-02-28,2025/03,RE,3300,C,96518.74,NVK,96518.74,R/31284/25,,70041,Paleta Drovnik d.o.o.,TBER
51007431,2,2025-03-06,2025-02-28,2025/03,RE,2810,D,64332.28,NVK,64332.28,R/31284/25,4500211000010,70041,EUR pallet new,TBER
51007431,3,2025-03-06,2025-02-28,2025/03,RE,2810,D,16100.00,NVK,16100.00,R/31284/25,4500211000020,70041,Pallet collar,TBER
51007432,1,2025-03-06,2025-03-05,2025/03,RE,3300,C,8050.44,NVK,8050.44,0060718,,70053,Norvatel d.d.,TBER
51007433,1,2025-03-06,2025-03-05,2025/03,RE,3300,C,24120.00,NVK,24120.00,0020105,,70044,Logistika Materijal Benk,TBER
51007433,2,2025-03-06,2025-03-05,2025/03,RE,2810,D,20100.00,NVK,20100.00,0020105,4500213100010,70044,Roll container,TBER
50013202,1,2025-03-07,2025-03-04,2025/03,WE,2810,C,28290.00,NVK,28290.00,D-627974,4500212600010,70016,Gel pack 500 g,WH02
50013202,2,2025-03-07,2025-03-04,2025/03,WE,2810,C,25151.70,NVK,25151.70,D-627974,4500212600020,70016,Thermal blanket pallet,WH02
50013202,3,2025-03-07,2025-03-04,2025/03,WE,1410,D,53441.70,NVK,53441.70,D-627974,,70016,Goods receipt 45002126,WH02
51007434,1,2025-03-07,2025-03-02,2025/03,KG,3300,D,642.00,NVK,642.00,F-037777,,70032,Biro Dalven d.o.o.,TBER
51007434,2,2025-03-07,2025-03-02,2025/03,KG,2810,C,535.00,NVK,535.00,F-037777,4500206300020,70032,Ring binder A4,TBER
51007435,1,2025-03-07,2025-03-03,2025/03,RE,3300,C,14733.97,NVK,14733.97,2025/54939,,70052,,TBER
50013203,1,2025-03-10,2025-03-07,2025/03,WE,2810,C,95840.31,EUR,8457.12,MSC-DN-487366,4500209500010,79001,Merivent 20 mg tbl 56x,WH01
50013203,2,2025-03-10,2025-03-07,2025/03,WE,2810,C,161632.27,EUR,14262.72,MSC-DN-487366,4500209500020,79001,Merigast inhal 120 dos,WH01
50013203,3,2025-03-10,2025-03-07,2025/03,WE,2810,C,518880.72,EUR,45786.96,MSC-DN-487366,4500209500030,79001,Merizol 40 mg caps 30x,WH01
50013203,4,2025-03-10,2025-03-07,2025/03,WE,2810,C,186013.92,EUR,16414.20,MSC-DN-487366,4500209500040,79001,Merilip 250 mg inj 5 amp,WH01
50013203,5,2025-03-10,2025-03-07,2025/03,WE,1400,D,962367.22,EUR,0.00,MSC-DN-487366,,79001,Goods receipt 45002095,WH01
51007437,1,2025-03-10,2025-03-06,2025/03,RE,3300,C,155940.13,NVK,155940.13,R/31322/25,,70041,Paleta Drovnik d.o.o.,TBER
51007437,2,2025-03-10,2025-03-06,2025/03,RE,2810,D,97290.11,NVK,97290.11,R/31322/25,4500210800010,70041,EUR pallet new,TBER
51007437,3,2025-03-10,2025-03-06,2025/03,RE,2810,D,32660.00,NVK,32660.00,R/31322/25,4500210800020,70041,Pallet collar,TBER
51007439,1,2025-03-10,2025-03-04,2025/03,RE,3300,C,56339.83,NVK,56339.83,2025/37479,,70013,Etiketa Sorvin d.o.o.,JKOV
51007439,2,2025-03-10,2025-03-04,2025/03,RE,2810,D,8928.00,NVK,8928.00,2025/37479,4500211600010,70013,Label cold-chain warning,JKOV
51007439,3,2025-03-10,2025-03-04,2025/03,RE,2810,D,38021.86,NVK,38021.86,2025/37479,4500211600020,70013,Label thermal 100x60,JKOV
51007441,1,2025-03-10,2025-03-03,2025/03,RE,3350,C,649265.22,EUR,57292.32,MSC90053135,,79001,,TBER
51007441,2,2025-03-10,2025-03-03,2025/03,RE,2810,D,160495.40,EUR,14162.40,MSC90053135,4500211900010,79001,Meritan 250 mg inj 5 amp,TBER
51007441,3,2025-03-10,2025-03-03,2025/03,RE,2810,D,294032.14,EUR,25945.92,MSC90053135,4500211900020,79001,Merinor 250 mg inj 5 amp,TBER
51007441,4,2025-03-10,2025-03-03,2025/03,RE,2810,D,194737.68,EUR,17184.00,MSC90053135,4500211900030,79001,Merigast inhal 120 dos,TBER
51007442,1,2025-03-10,2025-03-04,2025/03,RE,3300,C,103200.00,NVK,103200.00,R/44566/25,,70051,Nepremicnine Castrum d.o,TBER
51007443,1,2025-03-11,2025-03-06,2025/03,RE,3300,C,9360.00,NVK,9360.00,INV-2025-25086,,70055,Cisto Servis Malen d.o.o,TBER
50013206,1,2025-03-12,2025-03-10,2025/03,WE,2810,C,54230.00,NVK,54230.00,LS364029,4500212300010,70014,Patient leaflet reprint type,WH01
50013206,2,2025-03-12,2025-03-10,2025/03,WE,2810,C,50560.00,NVK,50560.00,LS364029,4500212300020,70014,,WH01
50013206,3,2025-03-12,2025-03-10,2025/03,WE,2810,C,29487.48,NVK,29487.48,LS364029,4500212300030,70014,Patient leaflet reprint type,WH01
50013206,4,2025-03-12,2025-03-10,2025/03,WE,1410,D,134277.48,NVK,134277.48,LS364029,,70014,Goods receipt 45002123,WH01
51007444,1,2025-03-12,2025-03-09,2025/03,RE,3300,C,14880.00,NVK,14880.00,R/18245/25,,70056,Varnost Tregal d.o.o.,TBER
51007445,1,2025-03-13,2025-03-09,2025/03,RE,3350,C,644811.54,EUR,56899.32,MSC90053181,,79001,Meridia Supply Chain B.V,JKOV
51007445,2,2025-03-13,2025-03-09,2025/03,RE,2810,D,13565.00,EUR,1197.00,MSC90053181,4500204600010,79001,Merivent 100 mg/5 ml susp 10,JKOV
51007445,3,2025-03-13,2025-03-09,2025/03,RE,2810,C,52.07,EUR,0.00,MSC90053181,4500204600010,79001,Diff. GR/IR,BATCH
51007445,4,2025-03-13,2025-03-09,2025/03,RE,2810,D,537087.07,EUR,47393.52,MSC90053181,4500204600020,79001,Merizol 40 mg caps 30x,JKOV
51007445,5,2025-03-13,2025-03-09,2025/03,RE,2810,C,2061.62,EUR,0.00,MSC90053181,4500204600020,79001,Diff. GR/IR,BATCH
51007445,6,2025-03-13,2025-03-09,2025/03,RE,2810,D,94159.48,EUR,8308.80,MSC90053181,4500204600040,79001,Meriflux 20 mg tbl 56x,JKOV
51007445,7,2025-03-13,2025-03-09,2025/03,RE,2810,C,361.44,EUR,0.00,MSC90053181,4500204600040,79001,Diff. GR/IR,BATCH
51007445,8,2025-03-13,2025-03-09,2025/03,RE,6950,D,2475.13,EUR,0.00,MSC90053181,,79001,Diff. GR/IR,BATCH
51007447,1,2025-03-14,2025-03-09,2025/03,RE,3350,C,788611.45,EUR,69588.48,MSC90053178,,79001,Meridia Supply Chain B.V,TBER
51007447,2,2025-03-14,2025-03-09,2025/03,RE,2810,D,487823.33,EUR,43046.40,MSC90053178,4500212000010,79001,Merinor crm 30 g,TBER
51007447,3,2025-03-14,2025-03-09,2025/03,RE,2810,D,240571.75,EUR,21228.48,MSC90053178,4500212000020,79001,Merinor 250 mg inj 5 amp,TBER
51007447,4,2025-03-14,2025-03-09,2025/03,RE,2810,D,60216.37,EUR,5313.60,MSC90053178,4500212000030,79001,Meriderm 250 mg inj 5 amp,TBER
50013208,1,2025-03-17,2025-03-17,2025/03,WE,2810,D,24320.74,NVK,24320.74,OT44340,4500211000010,70041,EUR pallet new,WH02
50013208,2,2025-03-17,2025-03-17,2025/03,WE,1410,C,24320.74,NVK,24320.74,OT44340,,70041,,WH02
51007449,1,2025-03-17,2025-03-11,2025/03,RE,3350,C,962367.23,EUR,84921.00,MSC90053195,,79001,Meridia Supply Chain B.V,TBER
51007449,2,2025-03-17,2025-03-11,2025/03,RE,2810,D,95840.31,EUR,8457.12,MSC90053195,4500209500010,79001,Merivent 20 mg tbl 56x,TBER
51007449,3,2025-03-17,2025-03-11,2025/03,RE,2810,D,161632.27,EUR,14262.72,MSC90053195,4500209500020,79001,Merigast inhal 120 dos,TBER
51007449,4,2025-03-17,2025-03-11,2025/03,RE,2810,D,518880.72,EUR,45786.96,MSC90053195,4500209500030,79001,Merizol 40 mg caps 30x,TBER
51007449,5,2025-03-17,2025-03-11,2025/03,RE,2810,D,186013.92,EUR,16414.20,MSC90053195,4500209500040,79001,Merilip 250 mg inj 5 amp,TBER
51007450,1,2025-03-17,2025-03-12,2025/03,RE,3300,C,63224.60,NVK,63224.60,INV-2025-57023,,70016,Ambalaza Krestov d.d.,TBER
51007450,2,2025-03-17,2025-03-12,2025/03,RE,2810,D,28290.00,NVK,28290.00,INV-2025-57023,4500212600010,70016,Gel pack 500 g,TBER
51007450,3,2025-03-17,2025-03-12,2025/03,RE,2810,D,24397.17,NVK,24397.17,INV-2025-57023,4500212600020,70016,Thermal blanket pallet,TBER
51007450,4,2025-03-17,2025-03-12,2025/03,RE,2810,D,754.53,NVK,0.00,INV-2025-57023,4500212600020,70016,Diff. GR/IR,BATCH
51007450,5,2025-03-17,2025-03-12,2025/03,RE,5890,C,754.53,NVK,0.00,INV-2025-57023,,70016,Diff. GR/IR,BATCH
50013211,1,2025-03-18,2025-03-17,2025/03,WE,2810,C,160495.40,EUR,14162.40,MSC-DN-425855,4500211900010,79001,Meritan 250 mg inj 5 amp,WH01
50013211,2,2025-03-18,2025-03-17,2025/03,WE,2810,C,294032.14,EUR,25945.92,MSC-DN-425855,4500211900020,79001,,WH01
50013211,3,2025-03-18,2025-03-17,2025/03,WE,2810,C,194737.68,EUR,17184.00,MSC-DN-425855,4500211900030,79001,Merigast inhal 120 dos,WH01
50013211,4,2025-03-18,2025-03-17,2025/03,WE,1400,D,649265.22,EUR,0.00,MSC-DN-425855,,79001,Goods receipt 45002119,WH01
51007452,1,2025-03-18,2025-03-17,2025/03,RE,3300,C,48295.34,NVK,48295.34,F-049247,,70068,Zavarovalnica Tirna d.d.,TBER
50013214,1,2025-03-19,2025-03-17,2025/03,WE,2810,C,2870.36,NVK,2870.36,LS469325,4500211300010,70011,,WH02
50013214,2,2025-03-19,2025-03-17,2025/03,WE,1410,D,2870.36,NVK,2870.36,LS469325,,70011,Goods receipt 45002113,WH02
50013217,1,2025-03-19,2025-03-19,2025/03,WE,2810,C,2460.00,NVK,2460.00,DN266991,4500213900010,70032,Archive box,WH01
50013217,2,2025-03-19,2025-03-19,2025/03,WE,2810,C,2140.00,NVK,2140.00,DN266991,4500213900020,70032,Ring binder A4,WH01
50013217,3,2025-03-19,2025-03-19,2025/03,WE,1410,D,4600.00,NVK,4600.00,DN266991,,70032,Goods receipt 45002139,WH01
51007454,1,2025-03-19,2025-03-12,2025/03,RE,3300,C,160922.04,NVK,160922.04,F-005010,,70014,Tisk Lumar d.o.o.,MHAL
51007454,2,2025-03-19,2025-03-12,2025/03,RE,2810,D,54054.22,NVK,54054.22,F-005010,4500212300010,70014,Patient leaflet reprint type,MHAL
51007454,3,2025-03-19,2025-03-12,2025/03,RE,2810,D,50560.00,NVK,50560.00,F-005010,4500212300020,70014,Outer sticker NVK price,MHAL
51007454,4,2025-03-19,2025-03-12,2025/03,RE,2810,D,29487.48,NVK,29487.48,F-005010,4500212300030,70014,Patient leaflet reprint type,MHAL
51007455,1,2025-03-19,2025-03-17,2025/03,RE,3300,C,95098.01,NVK,95098.01,F-049246,,70068,Zavarovalnica Tirna d.d.,TBER
50013219,1,2025-03-20,2025-03-20,2025/03,WE,2810,C,570505.25,EUR,50342.40,MSC-DN-412566,4500212000010,79001,Merinor crm 30 g,WH02
50013219,2,2025-03-20,2025-03-20,2025/03,WE,2810,C,240571.75,EUR,21228.48,MSC-DN-412566,4500212000020,79001,,WH02
50013219,3,2025-03-20,2025-03-20,2025/03,WE,2810,C,60216.37,EUR,5313.60,MSC-DN-412566,4500212000030,79001,Meriderm 250 mg inj 5 amp,WH02
50013219,4,2025-03-20,2025-03-20,2025/03,WE,1400,D,871293.37,EUR,0.00,MSC-DN-412566,,79001,Goods receipt 45002120,WH02
50013222,1,2025-03-21,2025-03-21,2025/03,WE,2810,C,36400.00,NVK,36400.00,DN770941,4500213700010,70011,Shipping carton 400x300x250,WH01
50013222,2,2025-03-21,2025-03-21,2025/03,WE,1410,D,36400.00,NVK,36400.00,DN770941,,70011,Goods receipt 45002137,WH01
50013225,1,2025-03-24,2025-03-20,2025/03,WE,2810,D,570505.25,EUR,50342.40,MSC-DN-412566,4500212000010,79001,Merinor crm 30 g,WH02
50013225,2,2025-03-24,2025-03-20,2025/03,WE,2810,D,240571.75,EUR,21228.48,MSC-DN-412566,4500212000020,79001,Merinor 250 mg inj 5 amp,WH02
50013225,3,2025-03-24,2025-03-20,2025/03,WE,2810,D,60216.37,EUR,5313.60,MSC-DN-412566,4500212000030,79001,,WH02
50013225,4,2025-03-24,2025-03-20,2025/03,WE,1400,C,871293.37,EUR,0.00,MSC-DN-412566,,79001,Goods receipt 45002120,WH02
50013226,1,2025-03-24,2025-03-20,2025/03,WE,2810,C,487823.33,EUR,43046.40,MSC-DN-412566,4500212000010,79001,Merinor crm 30 g,WH02
50013226,2,2025-03-24,2025-03-20,2025/03,WE,2810,C,240571.75,EUR,21228.48,MSC-DN-412566,4500212000020,79001,Merinor 250 mg inj 5 amp,WH02
50013226,3,2025-03-24,2025-03-20,2025/03,WE,2810,C,60216.37,EUR,5313.60,MSC-DN-412566,4500212000030,79001,Meriderm 250 mg inj 5 amp,WH02
50013226,4,2025-03-24,2025-03-20,2025/03,WE,1400,D,788611.45,EUR,0.00,MSC-DN-412566,,79001,Goods receipt 45002120,WH02
50013227,1,2025-03-24,2025-03-24,2025/03,WE,2810,C,46560.00,NVK,46560.00,DN280870,4500214400010,70011,Carton divider set,WH01
50013227,2,2025-03-24,2025-03-24,2025/03,WE,1410,D,46560.00,NVK,46560.00,DN280870,,70011,Goods receipt 45002144,WH01
51007457,1,2025-03-24,2025-03-17,2025/03,RE,3300,C,9278.39,NVK,9278.39,0022621,,70064,Prevodi Semra s.p.,TBER
51007459,1,2025-03-24,2025-03-18,2025/03,RE,3300,C,39572.62,NVK,39572.62,INV-2025-37834,,70065,Spedicija Karvel d.o.o.,TBER
50013229,1,2025-03-25,2025-03-25,2025/03,WE,2810,C,14170.00,NVK,14170.00,DN827900,4500212700010,70033,Toner cartridge black,WH01
50013229,2,2025-03-25,2025-03-25,2025/03,WE,2810,C,16560.00,NVK,16560.00,DN827900,4500212700020,70033,Toner cartridge colour set,WH01
50013229,3,2025-03-25,2025-03-25,2025/03,WE,1410,D,30730.00,NVK,30730.00,DN827900,,70033,Goods receipt 45002127,WH01
50013231,1,2025-03-26,2025-03-25,2025/03,WE,2810,C,1435.18,NVK,1435.18,DN867557,4500211300010,70011,Pallet box heavy duty,WH02
50013231,2,2025-03-26,2025-03-25,2025/03,WE,1410,D,1435.18,NVK,1435.18,DN867557,,70011,Goods receipt 45002113,WH02
50013233,1,2025-03-26,2025-03-24,2025/03,WE,2810,C,38130.00,NVK,38130.00,D-816204,4500213400010,70016,Gel pack 500 g,WH01
50013233,2,2025-03-26,2025-03-24,2025/03,WE,1410,D,38130.00,NVK,38130.00,D-816204,,70016,Goods receipt 45002134,WH01
50013234,1,2025-03-26,2025-03-25,2025/03,WE,2810,C,40141.80,NVK,40141.80,LS935047,4500214800010,70022,Solvent HPLC grade 2.5 l,WH01
50013234,2,2025-03-26,2025-03-25,2025/03,WE,2810,C,14165.25,NVK,14165.25,LS935047,4500214800020,70022,Buffer solution pH 7,WH01
50013234,3,2025-03-26,2025-03-25,2025/03,WE,2810,C,48037.92,NVK,48037.92,LS935047,4500214800030,70022,Reference standard kit,WH01
50013234,4,2025-03-26,2025-03-25,2025/03,WE,1410,D,102344.97,NVK,102344.97,LS935047,,70022,Goods receipt 45002148,WH01
50013235,1,2025-03-27,2025-03-27,2025/03,WE,2810,C,20100.00,NVK,20100.00,D-770814,4500213100010,70044,Roll container,WH01
50013235,2,2025-03-27,2025-03-27,2025/03,WE,1410,D,20100.00,NVK,20100.00,D-770814,,70044,,WH01
51007461,1,2025-03-27,2025-03-23,2025/03,RE,3300,C,5520.00,NVK,5520.00,F-037924,,70032,Biro Dalven d.o.o.,TBER
51007461,2,2025-03-27,2025-03-23,2025/03,RE,2810,D,2460.00,NVK,2460.00,F-037924,4500213900010,70032,Archive box,TBER
51007461,3,2025-03-27,2025-03-23,2025/03,RE,2810,D,2140.00,NVK,2140.00,F-037924,4500213900020,70032,Ring binder A4,TBER
51007462,1,2025-03-28,2025-03-25,2025/03,RE,3300,C,48501.36,NVK,48501.36,INV-2025-57113,,70016,Ambalaza Krestov d.d.,MHAL
51007462,2,2025-03-28,2025-03-25,2025/03,RE,2810,D,40417.80,NVK,40417.80,INV-2025-57113,4500213400010,70016,Gel pack 500 g,MHAL
51007462,3,2025-03-28,2025-03-25,2025/03,RE,2810,C,2287.80,NVK,0.00,INV-2025-57113,4500213400010,70016,Diff. GR/IR,BATCH
51007462,4,2025-03-28,2025-03-25,2025/03,RE,5890,D,2287.80,NVK,0.00,INV-2025-57113,,70016,Diff. GR/IR,BATCH
50013238,1,2025-03-31,2025-03-25,2025/03,WE,2810,D,1435.18,NVK,1435.18,DN867557,4500211300010,70011,Pallet box heavy duty,WH02
50013238,2,2025-03-31,2025-03-25,2025/03,WE,1410,C,1435.18,NVK,1435.18,DN867557,,70011,Goods receipt 45002113,WH02
50013239,1,2025-03-31,2025-03-25,2025/03,WE,2810,C,2870.36,NVK,2870.36,DN867557,4500211300010,70011,Pallet box heavy duty,WH02
50013239,2,2025-03-31,2025-03-25,2025/03,WE,1410,D,2870.36,NVK,2870.36,DN867557,,70011,Goods receipt 45002113,WH02
50013241,1,2025-03-31,2025-03-31,2025/03,WE,2810,C,5900.00,NVK,5900.00,LS281102,4500215400010,70016,Thermal blanket pallet,WH01
50013241,2,2025-03-31,2025-03-31,2025/03,WE,2810,C,9916.00,NVK,9916.00,LS281102,4500215400020,70016,Insulated shipper 12 l,WH01
50013241,3,2025-03-31,2025-03-31,2025/03,WE,1410,D,15816.00,NVK,15816.00,LS281102,,70016,Goods receipt 45002154,WH01
51007464,1,2025-03-31,2025-03-23,2025/03,RE,3300,C,3444.43,NVK,3444.43,INV-2025-23586,,70011,Kartonaza Velmir d.o.o.,TBER
51007464,2,2025-03-31,2025-03-23,2025/03,RE,2810,D,2870.36,NVK,2870.36,INV-2025-23586,4500211300010,70011,Pallet box heavy duty,TBER
51007465,1,2025-03-31,2025-03-26,2025/03,RE,3300,C,99552.00,NVK,99552.00,INV-2025-23609,,70011,Kartonaza Velmir d.o.o.,TBER
51007465,2,2025-03-31,2025-03-26,2025/03,RE,2810,D,36400.00,NVK,36400.00,INV-2025-23609,4500213700010,70011,Shipping carton 400x300x250,TBER
51007465,3,2025-03-31,2025-03-26,2025/03,RE,2810,D,46560.00,NVK,46560.00,INV-2025-23609,4500214400010,70011,Carton divider set,TBER
10000856,1,2025-03-31,2025-03-31,2025/03,SA,2810,D,3.16,NVK,3.16,,4500211600020,70013,Clear. GR/IR,JKOV
10000856,2,2025-03-31,2025-03-31,2025/03,SA,5890,C,3.16,NVK,3.16,,4500211600020,,Clear. GR/IR,JKOV
51007466,1,2025-04-03,2025-03-30,2025/04,RE,3300,C,36876.00,NVK,36876.00,0006857,,70033,Toner Servis Plavic d.o.,TBER
51007466,2,2025-04-03,2025-03-30,2025/04,RE,2810,D,14170.00,NVK,14170.00,0006857,4500212700010,70033,,TBER
51007466,3,2025-04-03,2025-03-30,2025/04,RE,2810,D,16560.00,NVK,16560.00,0006857,4500212700020,70033,Toner cartridge colour set,TBER
51007468,1,2025-04-03,2025-03-29,2025/04,RE,3300,C,122813.96,NVK,122813.96,2025/19414,,70022,Reagens Mivor d.o.o.,MHAL
51007468,2,2025-04-03,2025-03-29,2025/04,RE,2810,D,40141.80,NVK,40141.80,2025/19414,4500214800010,70022,Solvent HPLC grade 2.5 l,MHAL
51007468,3,2025-04-03,2025-03-29,2025/04,RE,2810,D,14165.25,NVK,14165.25,2025/19414,4500214800020,70022,Buffer solution pH 7,MHAL
51007468,4,2025-04-03,2025-03-29,2025/04,RE,2810,D,48037.92,NVK,48037.92,2025/19414,4500214800030,70022,Reference standard kit,MHAL
51007470,1,2025-04-03,2025-04-02,2025/04,RE,3300,C,9360.00,NVK,9360.00,INV-2025-25278,,70055,Cisto Servis Malen d.o.o,TBER
50013242,1,2025-04-04,2025-04-04,2025/04,WE,2810,C,2472.30,NVK,2472.30,LS170047,4500215300010,70031,,WH02
50013242,2,2025-04-04,2025-04-04,2025/04,WE,2810,C,11171.16,NVK,11171.16,LS170047,4500215300020,70031,Copy paper A4 80 g,WH02
50013242,3,2025-04-04,2025-04-04,2025/04,WE,1410,D,13643.46,NVK,13643.46,LS170047,,70031,Goods receipt 45002153,WH02
51007472,1,2025-04-04,2025-03-28,2025/04,RE,3300,C,3444.43,NVK,3444.43,INV-2025-23621,,70011,Kartonaza Velmir d.o.o.,TBER
51007472,2,2025-04-04,2025-03-28,2025/04,RE,2810,D,2870.36,NVK,2870.36,INV-2025-23621,4500211300010,70011,Pallet box heavy duty,TBER
51007473,1,2025-04-04,2025-03-31,2025/04,RE,3300,C,21558.49,NVK,21558.49,2025/21980,,70067,Farma Odpad Rekol d.o.o.,TBER
50013245,1,2025-04-07,2025-03-31,2025/04,WE,2810,D,5900.00,NVK,5900.00,LS281102,4500215400010,70016,Thermal blanket pallet,WH01
50013245,2,2025-04-07,2025-03-31,2025/04,WE,2810,D,9916.00,NVK,9916.00,LS281102,4500215400020,70016,Insulated shipper 12 l,WH01
50013245,3,2025-04-07,2025-03-31,2025/04,WE,1410,C,15816.00,NVK,15816.00,LS281102,,70016,Goods receipt 45002154,WH01
50013246,1,2025-04-07,2025-03-31,2025/04,WE,2810,C,5900.00,NVK,5900.00,LS281102,4500215400010,70016,Thermal blanket pallet,WH01
50013246,2,2025-04-07,2025-03-31,2025/04,WE,2810,C,8576.00,NVK,8576.00,LS281102,4500215400020,70016,Insulated shipper 12 l,WH01
50013246,3,2025-04-07,2025-03-31,2025/04,WE,1410,D,14476.00,NVK,14476.00,LS281102,,70016,Goods receipt 45002154,WH01
51007475,1,2025-04-07,2025-03-31,2025/04,KG,3300,D,29184.89,NVK,29184.89,R/31500/25,,70041,,MHAL
51007475,2,2025-04-07,2025-03-31,2025/04,KG,2810,C,24320.74,NVK,24320.74,R/31500/25,4500211000010,70041,EUR pallet new,MHAL
51007476,1,2025-04-07,2025-03-31,2025/04,RE,3350,C,319621.16,EUR,28258.80,MSC90053337,,79001,Meridia Supply Chain B.V,TBER
51007476,2,2025-04-07,2025-03-31,2025/04,RE,2810,D,21151.54,EUR,1870.08,MSC90053337,4500212900010,79001,Meripain 20 mg tbl 56x,TBER
51007476,3,2025-04-07,2025-03-31,2025/04,RE,2810,D,178555.70,EUR,15786.72,MSC90053337,4500212900020,79001,Meriflux 20 mg tbl 56x,TBER
51007476,4,2025-04-07,2025-03-31,2025/04,RE,2810,D,119913.92,EUR,10602.00,MSC90053337,4500212900030,79001,Merivent 100 mg/5 ml susp 10,TBER
51007478,1,2025-04-07,2025-04-05,2025/04,RE,3300,C,17371.20,NVK,17371.20,INV-2025-57191,,70016,Ambalaza Krestov d.d.,TBER
51007478,2,2025-04-07,2025-04-05,2025/04,RE,2810,D,5900.00,NVK,5900.00,INV-2025-57191,4500215400010,70016,Thermal blanket pallet,TBER
51007478,3,2025-04-07,2025-04-05,2025/04,RE,2810,D,8576.00,NVK,8576.00,INV-2025-57191,4500215400020,70016,Insulated shipper 12 l,TBER
51007480,1,2025-04-07,2025-04-02,2025/04,RE,3300,C,17610.14,NVK,17610.14,2025/55144,,70052,Energija Norvania d.d.,TBER
51007482,1,2025-04-07,2025-04-02,2025/04,RE,3300,C,49800.00,NVK,49800.00,F-045694,,70054,Autolease Vendra d.o.o.,TBER
51007484,1,2025-04-07,2025-04-06,2025/04,RE,3300,C,14880.00,NVK,14880.00,R/18438/25,,70056,Varnost Tregal d.o.o.,TBER
51007486,1,2025-04-07,2025-03-31,2025/04,RE,3300,C,8767.79,NVK,8767.79,2025/21983,,70067,Farma Odpad Rekol d.o.o.,TBER
50013247,1,2025-04-09,2025-04-08,2025/04,WE,2810,C,13483.50,NVK,13483.50,OT831524,4500216000010,70014,Patient leaflet reprint type,WH02
50013247,2,2025-04-09,2025-04-08,2025/04,WE,1410,D,13483.50,NVK,13483.50,OT831524,,70014,Goods receipt 45002160,WH02
50013249,1,2025-04-09,2025-04-08,2025/04,WE,2810,C,85439.25,NVK,85439.25,D-444610,4500216200010,70011,Shipping carton 600x400x300,WH02
50013249,2,2025-04-09,2025-04-08,2025/04,WE,2810,C,125560.00,NVK,125560.00,D-444610,4500216200020,70011,Pallet box heavy duty,WH02
50013249,3,2025-04-09,2025-04-08,2025/04,WE,1410,D,210999.25,NVK,210999.25,D-444610,,70011,,WH02
50013250,1,2025-04-09,2025-04-09,2025/04,WE,2810,C,14117.40,NVK,14117.40,LS388671,4500216500010,70033,Toner cartridge colour set,WH02
50013250,2,2025-04-09,2025-04-09,2025/04,WE,2810,C,14170.00,NVK,14170.00,LS388671,4500216500020,70033,Toner cartridge black,WH02
50013250,3,2025-04-09,2025-04-09,2025/04,WE,1410,D,28287.40,NVK,28287.40,LS388671,,70033,Goods receipt 45002165,WH02
51007487,1,2025-04-09,2025-04-07,2025/04,RE,3350,C,1136956.34,EUR,100522.20,MSC90053381,,79001,Meridia Supply Chain B.V,TBER
51007487,2,2025-04-09,2025-04-07,2025/04,RE,2810,D,336813.57,EUR,29778.84,MSC90053381,4500213500010,79001,Merinor 250 mg inj 5 amp,TBER
51007487,3,2025-04-09,2025-04-07,2025/04,RE,2810,D,526958.91,EUR,46590.24,MSC90053381,4500213500020,79001,,TBER
51007487,4,2025-04-09,2025-04-07,2025/04,RE,2810,D,29493.26,EUR,2607.60,MSC90053381,4500213500030,79001,Meriderm 250 mg inj 5 amp,TBER
51007487,5,2025-04-09,2025-04-07,2025/04,RE,2810,D,243690.60,EUR,21545.52,MSC90053381,4500213500040,79001,,TBER
51007489,1,2025-04-09,2025-04-07,2025/04,RE,3300,C,103200.00,NVK,103200.00,R/44799/25,,70051,Nepremicnine Castrum d.o,TBER
50013252,1,2025-04-10,2025-04-07,2025/04,WE,2810,C,21251.88,NVK,21251.88,D-561392,4500215900010,70023,Filter membranes 0.45,WH01
50013252,2,2025-04-10,2025-04-07,2025/04,WE,2810,C,21604.75,NVK,21604.75,D-561392,4500215900020,70023,Syringe filters,WH01
50013252,3,2025-04-10,2025-04-07,2025/04,WE,1410,D,42856.63,NVK,42856.63,D-561392,,70023,Goods receipt 45002159,WH01
51007491,1,2025-04-10,2025-04-06,2025/04,RE,3300,C,8566.52,NVK,8566.52,0060943,,70053,Norvatel d.d.,TBER
50013253,1,2025-04-11,2025-04-11,2025/04,WE,2810,C,21151.54,EUR,1870.08,MSC-DN-475341,4500212900010,79001,Meripain 20 mg tbl 56x,WH02
50013253,2,2025-04-11,2025-04-11,2025/04,WE,2810,C,178555.70,EUR,15786.72,MSC-DN-475341,4500212900020,79001,Meriflux 20 mg tbl 56x,WH02
50013253,3,2025-04-11,2025-04-11,2025/04,WE,2810,C,119913.92,EUR,10602.00,MSC-DN-475341,4500212900030,79001,Merivent 100 mg/5 ml susp 10,WH02
50013253,4,2025-04-11,2025-04-11,2025/04,WE,1400,D,319621.16,EUR,0.00,MSC-DN-475341,,79001,Goods receipt 45002129,WH02
50013255,1,2025-04-11,2025-04-10,2025/04,WE,2810,C,15544.00,NVK,15544.00,D-338611,4500215400020,70016,,WH02
50013255,2,2025-04-11,2025-04-10,2025/04,WE,1410,D,15544.00,NVK,15544.00,D-338611,,70016,Goods receipt 45002154,WH02
50013258,1,2025-04-14,2025-04-11,2025/04,WE,2810,C,10036.80,NVK,10036.80,LS551770,4500215000010,70022,Buffer solution pH 7,WH02
50013258,2,2025-04-14,2025-04-11,2025/04,WE,2810,C,24895.92,NVK,24895.92,LS551770,4500215000020,70022,Reference standard kit,WH02
50013258,3,2025-04-14,2025-04-11,2025/04,WE,1410,D,34932.72,NVK,34932.72,LS551770,,70022,,WH02
50013261,1,2025-04-14,2025-04-11,2025/04,WE,2810,C,62943.40,NVK,62943.40,LS530597,4500215600010,70013,Label serialisation blank 50,WH01
50013261,2,2025-04-14,2025-04-11,2025/04,WE,2810,C,17568.00,NVK,17568.00,LS530597,4500215600020,70013,Label cold-chain warning,WH01
50013261,3,2025-04-14,2025-04-11,2025/04,WE,2810,C,58918.64,NVK,58918.64,LS530597,4500215600030,70013,Label thermal 100x60,WH01
50013261,4,2025-04-14,2025-04-11,2025/04,WE,1410,D,139430.04,NVK,139430.04,LS530597,,70013,Goods receipt 45002156,WH01
50013264,1,2025-04-14,2025-04-10,2025/04,WE,2810,C,4682.80,NVK,4682.80,LS837571,4500216600010,70041,Pallet collar,WH01
50013264,2,2025-04-14,2025-04-10,2025/04,WE,2810,C,36949.83,NVK,36949.83,LS837571,4500216600020,70041,EUR pallet new,WH01
50013264,3,2025-04-14,2025-04-10,2025/04,WE,1410,D,41632.63,NVK,41632.63,LS837571,,70041,Goods receipt 45002166,WH01
51007492,1,2025-04-14,2025-04-09,2025/04,RE,3300,C,16180.20,NVK,16180.20,F-005201,,70014,Tisk Lumar d.o.o.,TBER
51007492,2,2025-04-14,2025-04-09,2025/04,RE,2810,D,13483.50,NVK,13483.50,F-005201,4500216000010,70014,Patient leaflet reprint type,TBER
51007493,1,2025-04-14,2025-04-11,2025/04,RE,3300,C,253199.10,NVK,253199.10,INV-2025-23719,,70011,Kartonaza Velmir d.o.o.,TBER
51007493,2,2025-04-14,2025-04-11,2025/04,RE,2810,D,85439.25,NVK,85439.25,INV-2025-23719,4500216200010,70011,Shipping carton 600x400x300,TBER
51007493,3,2025-04-14,2025-04-11,2025/04,RE,2810,D,125560.00,NVK,125560.00,INV-2025-23719,4500216200020,70011,Pallet box heavy duty,TBER
51007494,1,2025-04-14,2025-04-08,2025/04,RE,3300,C,28630.32,NVK,28630.32,2025/17771,,70057,Konsalt Ribar d.o.o.,JKOV
50013266,1,2025-04-15,2025-04-14,2025/04,WE,2810,C,251733.73,EUR,22256.64,MSC-DN-458116,4500214100010,79001,Meritan 40 mg caps 30x,WH01
50013266,2,2025-04-15,2025-04-14,2025/04,WE,2810,C,243690.60,EUR,21545.52,MSC-DN-458116,4500214100020,79001,Merivent 20 mg tbl 56x,WH01
50013266,3,2025-04-15,2025-04-14,2025/04,WE,1400,D,495424.33,EUR,0.00,MSC-DN-458116,,79001,Goods receipt 45002141,WH01
51007495,1,2025-04-16,2025-04-14,2025/04,RE,3350,C,774096.95,EUR,68440.56,MSC90053430,,79001,Meridia Supply Chain B.V,TBER
51007495,2,2025-04-16,2025-04-14,2025/04,RE,2810,D,592243.12,EUR,52362.24,MSC90053430,4500212900010,79001,Meripain 20 mg tbl 56x,TBER
51007495,3,2025-04-16,2025-04-14,2025/04,RE,2810,D,131567.36,EUR,11632.32,MSC90053430,4500212900020,79001,Meriflux 20 mg tbl 56x,TBER
51007495,4,2025-04-16,2025-04-14,2025/04,RE,2810,D,50286.48,EUR,4446.00,MSC90053430,4500212900030,79001,Merivent 100 mg/5 ml susp 10,TBER
51007497,1,2025-04-16,2025-04-09,2025/04,RE,3300,C,16372.15,NVK,16372.15,2025/25534,,70031,Papirnica Osrek d.o.o.,TBER
51007497,2,2025-04-16,2025-04-09,2025/04,RE,2810,D,2472.30,NVK,2472.30,2025/25534,4500215300010,70031,Envelopes C4,TBER
51007497,3,2025-04-16,2025-04-09,2025/04,RE,2810,D,11171.16,NVK,11171.16,2025/25534,4500215300020,70031,Copy paper A4 80 g,TBER
50013267,1,2025-04-17,2025-04-15,2025/04,WE,2810,C,15661.80,NVK,15661.80,DN127078,4500213400020,70016,Insulated shipper 12 l,WH01
50013267,2,2025-04-17,2025-04-15,2025/04,WE,1410,D,15661.80,NVK,15661.80,DN127078,,70016,Goods receipt 45002134,WH01
51007499,1,2025-04-18,2025-04-11,2025/04,RE,3300,C,41919.26,NVK,41919.26,2025/19508,,70022,Reagens Mivor d.o.o.,TBER
51007499,2,2025-04-18,2025-04-11,2025/04,RE,2810,D,10036.80,NVK,10036.80,2025/19508,4500215000010,70022,Buffer solution pH 7,TBER
51007499,3,2025-04-18,2025-04-11,2025/04,RE,2810,D,24895.92,NVK,24895.92,2025/19508,4500215000020,70022,Reference standard kit,TBER
51007500,1,2025-04-18,2025-04-12,2025/04,RE,3300,C,51427.96,NVK,51427.96,F-047535,,70023,,TBER
51007500,2,2025-04-18,2025-04-12,2025/04,RE,2810,D,21251.88,NVK,21251.88,F-047535,4500215900010,70023,,TBER
51007500,3,2025-04-18,2025-04-12,2025/04,RE,2810,D,21604.75,NVK,21604.75,F-047535,4500215900020,70023,Syringe filters,TBER
50013268,1,2025-04-21,2025-04-16,2025/04,WE,2810,C,4920.00,NVK,4920.00,OT105012,4500214700010,70032,Archive box,WH02
50013268,2,2025-04-21,2025-04-16,2025/04,WE,1410,D,4920.00,NVK,4920.00,OT105012,,70032,Goods receipt 45002147,WH02
51007502,1,2025-04-21,2025-04-18,2025/04,RE,3300,C,18652.80,NVK,18652.80,INV-2025-57285,,70016,Ambalaza Krestov d.d.,MHAL
51007502,2,2025-04-21,2025-04-18,2025/04,RE,2810,D,15544.00,NVK,15544.00,INV-2025-57285,4500215400020,70016,Insulated shipper 12 l,MHAL
51007503,1,2025-04-21,2025-04-16,2025/04,RE,3300,C,33944.88,NVK,33944.88,0006971,,70033,Toner Servis Plavic d.o.,TBER
51007503,2,2025-04-21,2025-04-16,2025/04,RE,2810,D,14117.40,NVK,14117.40,0006971,4500216500010,70033,Toner cartridge colour set,TBER
51007503,3,2025-04-21,2025-04-16,2025/04,RE,2810,D,14170.00,NVK,14170.00,0006971,4500216500020,70033,Toner cartridge black,TBER
51007505,1,2025-04-21,2025-04-16,2025/04,RE,3300,C,134512.38,NVK,134512.38,INV-2025-55002,,70060,Agencija Pikto d.o.o.,TBER
50013271,1,2025-04-22,2025-04-21,2025/04,WE,2810,C,336813.57,EUR,29778.84,MSC-DN-436175,4500213500010,79001,Merinor 250 mg inj 5 amp,WH01
50013271,2,2025-04-22,2025-04-21,2025/04,WE,2810,C,526958.91,EUR,46590.24,MSC-DN-436175,4500213500020,79001,Merizol 40 mg caps 30x,WH01
50013271,3,2025-04-22,2025-04-21,2025/04,WE,2810,C,29493.26,EUR,2607.60,MSC-DN-436175,4500213500030,79001,Meriderm 250 mg inj 5 amp,WH01
50013271,4,2025-04-22,2025-04-21,2025/04,WE,2810,C,243690.60,EUR,21545.52,MSC-DN-436175,4500213500040,79001,Merivent 20 mg tbl 56x,WH01
50013271,5,2025-04-22,2025-04-21,2025/04,WE,1400,D,1136956.34,EUR,0.00,MSC-DN-436175,,79001,Goods receipt 45002135,WH01
50013274,1,2025-04-22,2025-04-22,2025/04,WE,2810,D,1180.00,NVK,1180.00,LS281102,4500215400010,70016,Thermal blanket pallet,WH01
50013274,2,2025-04-22,2025-04-22,2025/04,WE,1410,C,1180.00,NVK,1180.00,LS281102,,70016,Goods receipt 45002154,WH01
50013276,1,2025-04-22,2025-04-21,2025/04,WE,2810,C,7960.76,NVK,7960.76,OT131929,4500216600010,70041,Pallet collar,WH01
50013276,2,2025-04-22,2025-04-21,2025/04,WE,1410,D,7960.76,NVK,7960.76,OT131929,,70041,Goods receipt 45002166,WH01
50013279,1,2025-04-22,2025-04-22,2025/04,WE,2810,C,32040.00,NVK,32040.00,OT385638,4500217400010,70014,Patient leaflet reprint type,WH01
50013279,2,2025-04-22,2025-04-22,2025/04,WE,1410,D,32040.00,NVK,32040.00,OT385638,,70014,Goods receipt 45002174,WH01
51007506,1,2025-04-22,2025-04-17,2025/04,RE,3300,C,49959.16,NVK,49959.16,R/31622/25,,70041,Paleta Drovnik d.o.o.,MHAL
51007506,2,2025-04-22,2025-04-17,2025/04,RE,2810,D,4682.80,NVK,4682.80,R/31622/25,4500216600010,70041,Pallet collar,MHAL
51007506,3,2025-04-22,2025-04-17,2025/04,RE,2810,D,36949.83,NVK,36949.83,R/31622/25,4500216600020,70041,EUR pallet new,MHAL
51007508,1,2025-04-22,2025-04-18,2025/04,RE,3300,C,14323.50,NVK,14323.50,R/15123/25,,70061,,TBER
51007509,1,2025-04-22,2025-03-23,2025/04,RE,3300,C,5520.00,NVK,5520.00,F-37924,,70032,Biro Dalven d.o.o.,TBER
51007509,2,2025-04-22,2025-03-23,2025/04,RE,2810,D,2460.00,NVK,2460.00,F-37924,4500213900010,70032,Archive box,TBER
51007509,3,2025-04-22,2025-03-23,2025/04,RE,2810,D,2140.00,NVK,2140.00,F-37924,4500213900020,70032,Ring binder A4,TBER
50013280,1,2025-04-23,2025-04-21,2025/04,WE,2810,C,212550.00,NVK,212550.00,OT927773,4500217100010,70043,Cool container liner,WH01
50013280,2,2025-04-23,2025-04-21,2025/04,WE,2810,C,15685.54,NVK,15685.54,OT927773,4500217100020,70043,Transport seal numbered,WH01
50013280,3,2025-04-23,2025-04-21,2025/04,WE,1410,D,228235.54,NVK,228235.54,OT927773,,70043,Goods receipt 45002171,WH01
50013283,1,2025-04-23,2025-04-21,2025/04,WE,2810,C,49913.60,NVK,49913.60,LS832049,4500218700010,70015,Stretch film 500 mm 23 my,WH01
50013283,2,2025-04-23,2025-04-21,2025/04,WE,2810,C,58773.33,NVK,58773.33,LS832049,4500218700020,70015,Shrink hood pallet,WH01
50013283,3,2025-04-23,2025-04-21,2025/04,WE,1410,D,108686.93,NVK,108686.93,LS832049,,70015,Goods receipt 45002187,WH01
51007511,1,2025-04-23,2025-04-17,2025/04,RE,3300,C,166952.44,NVK,166952.44,2025/37790,,70013,Etiketa Sorvin d.o.o.,TBER
51007511,2,2025-04-23,2025-04-17,2025/04,RE,2810,D,62929.70,NVK,62929.70,2025/37790,4500215600010,70013,Label serialisation blank 50,TBER
51007511,3,2025-04-23,2025-04-17,2025/04,RE,2810,D,17280.00,NVK,17280.00,2025/37790,4500215600020,70013,,TBER
51007511,4,2025-04-23,2025-04-17,2025/04,RE,2810,D,58917.33,NVK,58917.33,2025/37790,4500215600030,70013,Label thermal 100x60,TBER
50013284,1,2025-04-25,2025-04-25,2025/04,WE,2810,C,82960.00,NVK,82960.00,D-187802,4500219300010,70043,,WH02
50013284,2,2025-04-25,2025-04-25,2025/04,WE,2810,C,46952.84,NVK,46952.84,D-187802,4500219300020,70043,Cool container liner,WH02
50013284,3,2025-04-25,2025-04-25,2025/04,WE,1410,D,129912.84,NVK,129912.84,D-187802,,70043,Goods receipt 45002193,WH02
50013287,1,2025-04-28,2025-04-28,2025/04,WE,2810,D,549.40,NVK,549.40,LS170047,4500215300010,70031,Envelopes C4,WH02
50013287,2,2025-04-28,2025-04-28,2025/04,WE,1410,C,549.40,NVK,549.40,LS170047,,70031,Goods receipt 45002153,WH02
50013290,1,2025-04-28,2025-04-25,2025/04,WE,2810,C,3480.00,NVK,3480.00,DN49032,4500218800020,70022,Reference standard kit,WH01
50013290,2,2025-04-28,2025-04-25,2025/04,WE,1410,D,3480.00,NVK,3480.00,DN49032,,70022,Goods receipt 45002188,WH01
51007512,1,2025-04-28,2025-04-23,2025/04,RE,3300,C,18794.16,NVK,18794.16,INV-2025-57318,,70016,Ambalaza Krestov d.d.,TBER
51007512,2,2025-04-28,2025-04-23,2025/04,RE,2810,D,15661.80,NVK,15661.80,INV-2025-57318,4500213400020,70016,Insulated shipper 12 l,TBER
51007513,1,2025-04-28,2025-04-24,2025/04,RE,3300,C,9552.91,NVK,9552.91,R/31666/25,,70041,Paleta Drovnik d.o.o.,TBER
51007513,2,2025-04-28,2025-04-24,2025/04,RE,2810,D,7960.76,NVK,7960.76,R/31666/25,4500216600010,70041,Pallet collar,TBER
51007514,1,2025-04-28,2025-04-22,2025/04,RE,3300,C,273882.65,NVK,273882.65,F-014151,,70043,Termo Log Savrin d.o.o.,TBER
51007514,2,2025-04-28,2025-04-22,2025/04,RE,2810,D,212550.00,NVK,212550.00,F-014151,4500217100010,70043,Cool container liner,TBER
51007514,3,2025-04-28,2025-04-22,2025/04,RE,2810,D,15685.54,NVK,15685.54,F-014151,4500217100020,70043,Transport seal numbered,TBER
51007515,1,2025-04-28,2025-04-24,2025/04,RE,3300,C,30600.00,NVK,30600.00,2025/19599,,70022,Reagens Mivor d.o.o.,TBER
51007515,2,2025-04-28,2025-04-24,2025/04,RE,2810,D,25500.00,NVK,25500.00,2025/19599,4500218400010,70022,Buffer solution pH 7,TBER
51007516,1,2025-04-29,2025-04-27,2025/04,RE,3350,C,1419871.76,EUR,125535.72,MSC90053526,,79001,Meridia Supply Chain B.V,TBER
51007516,2,2025-04-29,2025-04-27,2025/04,RE,2810,D,687425.04,EUR,60777.60,MSC90053526,4500216800010,79001,Meripain 20 mg tbl 56x,TBER
51007516,3,2025-04-29,2025-04-27,2025/04,RE,2810,D,86694.98,EUR,7665.00,MSC90053526,4500216800020,79001,Mericard inhal 120 dos,TBER
51007516,4,2025-04-29,2025-04-27,2025/04,RE,2810,D,645751.73,EUR,57093.12,MSC90053526,4500216800030,79001,Meritan 40 mg caps 30x,TBER
51007517,1,2025-04-29,2025-04-25,2025/04,RE,3300,C,38448.00,NVK,38448.00,F-005317,,70014,Tisk Lumar d.o.o.,MHAL
51007517,2,2025-04-29,2025-04-25,2025/04,RE,2810,D,32040.00,NVK,32040.00,F-005317,4500217400010,70014,Patient leaflet reprint type,MHAL
51007517,3,2025-04-29,2025-04-25,2025/04,RE,2810,D,31975.92,NVK,0.00,F-005317,4500217400010,70014,Diff. GR/IR,BATCH
51007517,4,2025-04-29,2025-04-25,2025/04,RE,5890,C,31975.92,NVK,0.00,F-005317,,70014,Diff. GR/IR,BATCH
50013291,1,2025-04-30,2025-04-29,2025/04,WE,2810,C,20136.04,NVK,20136.04,OT549500,4500216600010,70041,Pallet collar,WH01
50013291,2,2025-04-30,2025-04-29,2025/04,WE,1410,D,20136.04,NVK,20136.04,OT549500,,70041,Goods receipt 45002166,WH01
50013292,1,2025-04-30,2025-04-29,2025/04,WE,2810,C,23600.00,NVK,23600.00,OT236620,4500219600010,70016,Thermal blanket pallet,WH01
50013292,2,2025-04-30,2025-04-29,2025/04,WE,2810,C,4660.72,NVK,4660.72,OT236620,4500219600020,70016,Insulated shipper 12 l,WH01
50013292,3,2025-04-30,2025-04-29,2025/04,WE,1410,D,28260.72,NVK,28260.72,OT236620,,70016,Goods receipt 45002196,WH01
51007518,1,2025-04-30,2025-04-23,2025/04,RE,3300,C,5658.00,NVK,5658.00,F-038135,,70032,Biro Dalven d.o.o.,TBER
51007518,2,2025-04-30,2025-04-23,2025/04,RE,2810,D,4715.00,NVK,4715.00,F-038135,4500214700010,70032,Archive box,TBER
51007520,1,2025-04-30,2025-04-28,2025/04,RE,3300,C,155895.41,NVK,155895.41,F-014192,,70043,Termo Log Savrin d.o.o.,TBER
51007520,2,2025-04-30,2025-04-28,2025/04,RE,2810,D,82960.00,NVK,82960.00,F-014192,4500219300010,70043,Transport seal numbered,TBER
51007520,3,2025-04-30,2025-04-28,2025/04,RE,2810,D,46952.84,NVK,46952.84,F-014192,4500219300020,70043,,TBER
10000857,1,2025-04-30,2025-04-30,2025/04,SA,2810,D,96.00,NVK,96.00,,4500211600010,70013,GR/IR clearing,JKOV
10000857,2,2025-04-30,2025-04-30,2025/04,SA,5890,C,96.00,NVK,96.00,,4500211600010,,GR/IR clearing,JKOV
10000865,1,2025-04-30,2025-04-30,2025/04,SA,2810,D,175.78,NVK,175.78,,4500212300010,70014,GR/IR diff cleared,JKOV
10000865,2,2025-04-30,2025-04-30,2025/04,SA,5890,C,175.78,NVK,175.78,,4500212300010,,GR/IR diff cleared,JKOV
10000871,1,2025-04-30,2025-04-30,2025/04,SA,2810,D,205.00,NVK,205.00,,4500214700010,70032,Clear. GR/IR,MHAL
10000871,2,2025-04-30,2025-04-30,2025/04,SA,5890,C,205.00,NVK,205.00,,4500214700010,,Clear. GR/IR,MHAL
10000874,1,2025-04-30,2025-04-30,2025/04,SA,2810,D,288.00,NVK,288.00,,4500215600020,70013,clearing GR/IR diff,JKOV
10000874,2,2025-04-30,2025-04-30,2025/04,SA,5890,C,288.00,NVK,288.00,,4500215600020,,clearing GR/IR diff,JKOV
50013295,1,2025-05-01,2025-05-01,2025/05,WE,2810,C,596091.74,EUR,52362.24,MSC-DN-465366,4500212900010,79001,Meripain 20 mg tbl 56x,WH01
50013295,2,2025-05-01,2025-05-01,2025/05,WE,2810,D,3848.62,EUR,0.00,MSC-DN-465366,4500212900010,79001,,BATCH
50013295,3,2025-05-01,2025-05-01,2025/05,WE,2810,C,132422.33,EUR,11632.32,MSC-DN-465366,4500212900020,79001,Meriflux 20 mg tbl 56x,WH01
50013295,4,2025-05-01,2025-05-01,2025/05,WE,2810,D,854.97,EUR,0.00,MSC-DN-465366,4500212900020,79001,Diff. GR/IR,BATCH
50013295,5,2025-05-01,2025-05-01,2025/05,WE,2810,C,50613.26,EUR,4446.00,MSC-DN-465366,4500212900030,79001,Merivent 100 mg/5 ml susp 10,WH01
50013295,6,2025-05-01,2025-05-01,2025/05,WE,2810,D,326.78,EUR,0.00,MSC-DN-465366,4500212900030,79001,Diff. GR/IR,BATCH
50013295,7,2025-05-01,2025-05-01,2025/05,WE,1400,D,779127.33,EUR,0.00,MSC-DN-465366,,79001,Goods receipt 45002129,WH01
50013295,8,2025-05-01,2025-05-01,2025/05,WE,6950,C,5030.37,EUR,0.00,MSC-DN-465366,,79001,Diff. GR/IR,BATCH
50013296,1,2025-05-01,2025-04-29,2025/05,WE,2810,C,4288.00,NVK,4288.00,LS884773,4500215400020,70016,Insulated shipper 12 l,WH01
50013296,2,2025-05-01,2025-04-29,2025/05,WE,1410,D,4288.00,NVK,4288.00,LS884773,,70016,Goods receipt 45002154,WH01
51007521,1,2025-05-01,2025-04-29,2025/05,RE,3350,C,825396.46,EUR,72504.96,MSC90053540,,79001,Meridia Supply Chain B.V,TBER
51007521,2,2025-05-01,2025-04-29,2025/05,RE,2810,D,52960.19,EUR,4652.16,MSC90053540,4500217200010,79001,Meriderm 40 mg caps 30x,TBER
51007521,3,2025-05-01,2025-04-29,2025/05,RE,2810,D,772436.28,EUR,67852.80,MSC90053540,4500217200020,79001,Merinor crm 30 g,TBER
51007522,1,2025-05-01,2025-04-24,2025/05,RE,3300,C,129508.37,NVK,129508.37,0014422,,70015,Folia Trand d.o.o.,TBER
51007522,2,2025-05-01,2025-04-24,2025/05,RE,2810,D,49913.60,NVK,49913.60,0014422,4500218700010,70015,Stretch film 500 mm 23 my,TBER
51007522,3,2025-05-01,2025-04-24,2025/05,RE,2810,D,58010.04,NVK,58010.04,0014422,4500218700020,70015,Shrink hood pallet,TBER
51007524,1,2025-05-01,2025-04-28,2025/05,RE,3300,C,71120.17,NVK,71120.17,F-049544,,70068,Zavarovalnica Tirna d.d.,TBER
50013298,1,2025-05-02,2025-04-29,2025/05,WE,2810,D,20136.04,NVK,20136.04,OT549500,4500216600010,70041,Pallet collar,WH01
50013298,2,2025-05-02,2025-04-29,2025/05,WE,1410,C,20136.04,NVK,20136.04,OT549500,,70041,,WH01
50013301,1,2025-05-02,2025-04-29,2025/05,WE,2810,C,19199.48,NVK,19199.48,OT549500,4500216600010,70041,Pallet collar,WH01
50013301,2,2025-05-02,2025-04-29,2025/05,WE,1410,D,19199.48,NVK,19199.48,OT549500,,70041,Goods receipt 45002166,WH01
50013304,1,2025-05-05,2025-05-02,2025/05,WE,2810,C,27442.68,NVK,27442.68,D-497522,4500218000010,70043,Transport seal numbered,WH01
50013304,2,2025-05-05,2025-05-02,2025/05,WE,2810,C,128968.80,NVK,128968.80,D-497522,4500218000020,70043,Cool container liner,WH01
50013304,3,2025-05-05,2025-05-02,2025/05,WE,1410,D,156411.48,NVK,156411.48,D-497522,,70043,Goods receipt 45002180,WH01
50013306,1,2025-05-05,2025-05-02,2025/05,WE,2810,C,36513.72,NVK,36513.72,LS496996,4500218800010,70022,Solvent HPLC grade 2.5 l,WH01
50013306,2,2025-05-05,2025-05-02,2025/05,WE,2810,C,62640.00,NVK,62640.00,LS496996,4500218800020,70022,Reference standard kit,WH01
50013306,3,2025-05-05,2025-05-02,2025/05,WE,1410,D,99153.72,NVK,99153.72,LS496996,,70022,Goods receipt 45002188,WH01
50013309,1,2025-05-05,2025-05-01,2025/05,WE,2810,C,39795.84,NVK,39795.84,LS465780,4500219000010,70014,Outer sticker NVK price,WH01
50013309,2,2025-05-05,2025-05-01,2025/05,WE,2810,C,26032.50,NVK,26032.50,LS465780,4500219000020,70014,Patient leaflet reprint type,WH01
50013309,3,2025-05-05,2025-05-01,2025/05,WE,1410,D,65828.34,NVK,65828.34,LS465780,,70014,Goods receipt 45002190,WH01
50013311,1,2025-05-05,2025-05-02,2025/05,WE,2810,C,4715.00,NVK,4715.00,LS320978,4500220600010,70032,Archive box,WH01
50013311,2,2025-05-05,2025-05-02,2025/05,WE,2810,C,4335.68,NVK,4335.68,LS320978,4500220600020,70032,Ring binder A4,WH01
50013311,3,2025-05-05,2025-05-02,2025/05,WE,1410,D,9050.68,NVK,9050.68,LS320978,,70032,Goods receipt 45002206,WH01
50013312,1,2025-05-05,2025-05-05,2025/05,WE,2810,C,5862.72,NVK,5862.72,OT42349,4500220800010,70013,Label cold-chain warning,WH01
50013312,2,2025-05-05,2025-05-05,2025/05,WE,2810,C,48892.50,NVK,48892.50,OT42349,4500220800020,70013,Label thermal 100x60,WH01
50013312,3,2025-05-05,2025-05-05,2025/05,WE,1410,D,54755.22,NVK,54755.22,OT42349,,70013,Goods receipt 45002208,WH01
50013315,1,2025-05-05,2025-05-05,2025/05,WE,2810,C,21388.68,NVK,21388.68,DN536904,4500221100010,70016,Thermal blanket pallet,WH02
50013315,2,2025-05-05,2025-05-05,2025/05,WE,2810,C,79881.12,NVK,79881.12,DN536904,4500221100020,70016,Gel pack 500 g,WH02
50013315,3,2025-05-05,2025-05-05,2025/05,WE,1410,D,101269.80,NVK,101269.80,DN536904,,70016,Goods receipt 45002211,WH02
51007526,1,2025-05-05,2025-04-29,2025/05,RE,3300,C,4176.00,NVK,4176.00,2025/19629,,70022,Reagens Mivor d.o.o.,TBER
51007526,2,2025-05-05,2025-04-29,2025/05,RE,2810,D,3480.00,NVK,3480.00,2025/19629,4500218800020,70022,Reference standard kit,TBER
51007527,1,2025-05-05,2025-05-03,2025/05,RE,3300,C,9360.00,NVK,9360.00,INV-2025-25493,,70055,Cisto Servis Malen d.o.o,TBER
50013317,1,2025-05-06,2025-05-06,2025/05,WE,2810,D,7113.12,NVK,7113.12,LS551770,4500215000020,70022,,WH02
50013317,2,2025-05-06,2025-05-06,2025/05,WE,1410,C,7113.12,NVK,7113.12,LS551770,,70022,Goods receipt 45002150,WH02
50013320,1,2025-05-06,2025-05-05,2025/05,WE,2810,C,11685.70,NVK,11685.70,OT527133,4500216000010,70014,Patient leaflet reprint type,WH01
50013320,2,2025-05-06,2025-05-05,2025/05,WE,2810,C,45815.00,NVK,45815.00,OT527133,4500216000020,70014,Patient leaflet reprint type,WH01
50013320,3,2025-05-06,2025-05-05,2025/05,WE,1410,D,57500.70,NVK,57500.70,OT527133,,70014,,WH01
50013321,1,2025-05-06,2025-05-05,2025/05,WE,2810,C,15260.00,NVK,15260.00,DN718776,4500217900010,70033,Toner cartridge black,WH01
50013321,2,2025-05-06,2025-05-05,2025/05,WE,1410,D,15260.00,NVK,15260.00,DN718776,,70033,Goods receipt 45002179,WH01
51007529,1,2025-05-06,2025-05-03,2025/05,RE,3300,C,33912.86,NVK,33912.86,INV-2025-57385,,70016,Ambalaza Krestov d.d.,MHAL
51007529,2,2025-05-06,2025-05-03,2025/05,RE,2810,D,23600.00,NVK,23600.00,INV-2025-57385,4500219600010,70016,Thermal blanket pallet,MHAL
51007529,3,2025-05-06,2025-05-03,2025/05,RE,2810,D,4660.72,NVK,4660.72,INV-2025-57385,4500219600020,70016,Insulated shipper 12 l,MHAL
51007531,1,2025-05-06,2025-05-04,2025/05,RE,3300,C,10652.69,NVK,10652.69,F-038213,,70032,Biro Dalven d.o.o.,MHAL
51007531,2,2025-05-06,2025-05-04,2025/05,RE,2810,D,4715.00,NVK,4715.00,F-038213,4500220600010,70032,,MHAL
51007531,3,2025-05-06,2025-05-04,2025/05,RE,2810,D,4162.24,NVK,4162.24,F-038213,4500220600020,70032,Ring binder A4,MHAL
51007531,4,2025-05-06,2025-05-04,2025/05,RE,2810,D,173.44,NVK,0.00,F-038213,4500220600020,70032,Diff. GR/IR,BATCH
51007531,5,2025-05-06,2025-05-04,2025/05,RE,5890,C,173.44,NVK,0.00,F-038213,,70032,Diff. GR/IR,BATCH
50013323,1,2025-05-07,2025-05-07,2025/05,WE,2810,C,89400.00,NVK,89400.00,D-388562,4500221200010,70023,HPLC column C18,WH01
50013323,2,2025-05-07,2025-05-07,2025/05,WE,1410,D,89400.00,NVK,89400.00,D-388562,,70023,Goods receipt 45002212,WH01
50013326,1,2025-05-07,2025-05-05,2025/05,WE,2810,C,84895.61,EUR,7457.45,OT84117,4500221700010,70025,Analytical balance module,WH01
50013326,2,2025-05-07,2025-05-05,2025/05,WE,2810,C,58364.40,EUR,5126.88,OT84117,4500221700020,70025,Calibration weight set,WH01
50013326,3,2025-05-07,2025-05-05,2025/05,WE,2810,C,74454.78,EUR,6540.30,OT84117,4500221700030,70025,Stability chamber sensor,WH01
50013326,4,2025-05-07,2025-05-05,2025/05,WE,1410,D,217714.79,EUR,0.00,OT84117,,70025,Goods receipt 45002217,WH01
51007533,1,2025-05-07,2025-05-04,2025/05,KG,3300,D,659.28,NVK,659.28,2025/25703,,70031,Papirnica Osrek d.o.o.,TBER
51007533,2,2025-05-07,2025-05-04,2025/05,KG,2810,C,549.40,NVK,549.40,2025/25703,4500215300010,70031,,TBER
50013329,1,2025-05-08,2025-05-08,2025/05,WE,2810,C,27744.86,NVK,27744.86,D-467948,4500219300020,70043,Cool container liner,WH01
50013329,2,2025-05-08,2025-05-08,2025/05,WE,1410,D,27744.86,NVK,27744.86,D-467948,,70043,Goods receipt 45002193,WH01
51007534,1,2025-05-08,2025-05-04,2025/05,RE,3350,C,498643.79,EUR,43802.16,MSC90053574,,79001,Meridia Supply Chain B.V,TBER
51007534,2,2025-05-08,2025-05-04,2025/05,RE,2810,D,253369.59,EUR,22256.64,MSC90053574,4500214100010,79001,Meritan 40 mg caps 30x,TBER
51007534,3,2025-05-08,2025-05-04,2025/05,RE,2810,C,1635.86,EUR,0.00,MSC90053574,4500214100010,79001,Diff. GR/IR,BATCH
51007534,4,2025-05-08,2025-05-04,2025/05,RE,2810,D,245274.20,EUR,21545.52,MSC90053574,4500214100020,79001,Merivent 20 mg tbl 56x,TBER
51007534,5,2025-05-08,2025-05-04,2025/05,RE,2810,C,1583.60,EUR,0.00,MSC90053574,4500214100020,79001,Diff. GR/IR,BATCH
51007534,6,2025-05-08,2025-05-04,2025/05,RE,6950,D,3219.46,EUR,0.00,MSC90053574,,79001,Diff. GR/IR,BATCH
51007536,1,2025-05-08,2025-05-02,2025/05,RE,3300,C,78994.01,NVK,78994.01,F-005362,,70014,Tisk Lumar d.o.o.,TBER
51007536,2,2025-05-08,2025-05-02,2025/05,RE,2810,D,39795.84,NVK,39795.84,F-005362,4500219000010,70014,Outer sticker NVK price,TBER
51007536,3,2025-05-08,2025-05-02,2025/05,RE,2810,D,26032.50,NVK,26032.50,F-005362,4500219000020,70014,Patient leaflet reprint type,TBER
51007537,1,2025-05-08,2025-05-02,2025/05,RE,3300,C,103200.00,NVK,103200.00,R/44976/25,,70051,Nepremicnine Castrum d.o,TBER
50013332,1,2025-05-09,2025-05-02,2025/05,WE,2810,D,36513.72,NVK,36513.72,LS496996,4500218800010,70022,Solvent HPLC grade 2.5 l,WH01
50013332,2,2025-05-09,2025-05-02,2025/05,WE,2810,D,62640.00,NVK,62640.00,LS496996,4500218800020,70022,Reference standard kit,WH01
50013332,3,2025-05-09,2025-05-02,2025/05,WE,1410,C,99153.72,NVK,99153.72,LS496996,,70022,Goods receipt 45002188,WH01
50013333,1,2025-05-09,2025-05-02,2025/05,WE,2810,C,36513.72,NVK,36513.72,LS496996,4500218800010,70022,Solvent HPLC grade 2.5 l,WH01
50013333,2,2025-05-09,2025-05-02,2025/05,WE,2810,C,45240.00,NVK,45240.00,LS496996,4500218800020,70022,,WH01
50013333,3,2025-05-09,2025-05-02,2025/05,WE,1410,D,81753.72,NVK,81753.72,LS496996,,70022,Goods receipt 45002188,WH01
50013335,1,2025-05-09,2025-05-09,2025/05,WE,2810,C,32287.57,NVK,32287.57,D-815095,4500219400010,70012,Paper filler 70 g,WH01
50013335,2,2025-05-09,2025-05-09,2025/05,WE,2810,C,3304.00,NVK,3304.00,D-815095,4500219400020,70012,Packing tape 48 mm,WH01
50013335,3,2025-05-09,2025-05-09,2025/05,WE,1410,D,35591.57,NVK,35591.57,D-815095,,70012,Goods receipt 45002194,WH01
50013336,1,2025-05-09,2025-05-08,2025/05,WE,2810,C,22956.00,NVK,22956.00,DN40159,4500219900010,70023,Filter membranes 0.45,WH01
50013336,2,2025-05-09,2025-05-08,2025/05,WE,1410,D,22956.00,NVK,22956.00,DN40159,,70023,Goods receipt 45002199,WH01
50013337,1,2025-05-09,2025-05-09,2025/05,WE,2810,C,16020.00,NVK,16020.00,OT86608,4500221400010,70023,Syringe filters,WH01
50013337,2,2025-05-09,2025-05-09,2025/05,WE,2810,C,74798.00,NVK,74798.00,OT86608,4500221400020,70023,HPLC column C18,WH01
50013337,3,2025-05-09,2025-05-09,2025/05,WE,2810,C,11173.90,NVK,11173.90,OT86608,4500221400030,70023,Filter membranes 0.45,WH01
50013337,4,2025-05-09,2025-05-09,2025/05,WE,1410,D,101991.90,NVK,101991.90,OT86608,,70023,Goods receipt 45002214,WH01
51007539,1,2025-05-09,2025-05-03,2025/05,RE,3300,C,5145.60,NVK,5145.60,INV-2025-57386,,70016,Ambalaza Krestov d.d.,JKOV
51007539,2,2025-05-09,2025-05-03,2025/05,RE,2810,D,4288.00,NVK,4288.00,INV-2025-57386,4500215400020,70016,Insulated shipper 12 l,JKOV
51007541,1,2025-05-09,2025-05-04,2025/05,RE,3300,C,98104.46,NVK,98104.46,2025/19666,,70022,Reagens Mivor d.o.o.,MHAL
51007541,2,2025-05-09,2025-05-04,2025/05,RE,2810,D,36513.72,NVK,36513.72,2025/19666,4500218800010,70022,Solvent HPLC grade 2.5 l,MHAL
51007541,3,2025-05-09,2025-05-04,2025/05,RE,2810,D,45240.00,NVK,45240.00,2025/19666,4500218800020,70022,Reference standard kit,MHAL
51007543,1,2025-05-09,2025-05-05,2025/05,RE,3300,C,65706.26,NVK,65706.26,2025/37910,,70013,,TBER
51007543,2,2025-05-09,2025-05-05,2025/05,RE,2810,D,5862.72,NVK,5862.72,2025/37910,4500220800010,70013,Label cold-chain warning,TBER
51007543,3,2025-05-09,2025-05-05,2025/05,RE,2810,D,48892.50,NVK,48892.50,2025/37910,4500220800020,70013,Label thermal 100x60,TBER
51007544,1,2025-05-09,2025-05-04,2025/05,RE,3300,C,12729.18,NVK,12729.18,2025/55374,,70052,Energija Norvania d.d.,TBER
50013339,1,2025-05-12,2025-05-09,2025/05,WE,2810,C,691892.20,EUR,60777.60,MSC-DN-445697,4500216800010,79001,Meripain 20 mg tbl 56x,WH02
50013339,2,2025-05-12,2025-05-09,2025/05,WE,2810,D,4467.16,EUR,0.00,MSC-DN-445697,4500216800010,79001,,BATCH
50013339,3,2025-05-12,2025-05-09,2025/05,WE,2810,C,87258.36,EUR,7665.00,MSC-DN-445697,4500216800020,79001,Mericard inhal 120 dos,WH02
50013339,4,2025-05-12,2025-05-09,2025/05,WE,2810,D,563.38,EUR,0.00,MSC-DN-445697,4500216800020,79001,Diff. GR/IR,BATCH
50013339,5,2025-05-12,2025-05-09,2025/05,WE,2810,C,649948.08,EUR,57093.12,MSC-DN-445697,4500216800030,79001,Meritan 40 mg caps 30x,WH02
50013339,6,2025-05-12,2025-05-09,2025/05,WE,2810,D,4196.35,EUR,0.00,MSC-DN-445697,4500216800030,79001,Diff. GR/IR,BATCH
50013339,7,2025-05-12,2025-05-09,2025/05,WE,1400,D,1429098.64,EUR,0.00,MSC-DN-445697,,79001,Goods receipt 45002168,WH02
50013339,8,2025-05-12,2025-05-09,2025/05,WE,6950,C,9226.89,EUR,0.00,MSC-DN-445697,,79001,Diff. GR/IR,BATCH
50013340,1,2025-05-12,2025-05-09,2025/05,WE,2810,C,1622.64,NVK,1622.64,D-228807,4500217600010,70032,Ring binder A4,WH02
50013340,2,2025-05-12,2025-05-09,2025/05,WE,2810,C,2915.92,NVK,2915.92,D-228807,4500217600020,70032,Archive box,WH02
50013340,3,2025-05-12,2025-05-09,2025/05,WE,1410,D,4538.56,NVK,4538.56,D-228807,,70032,Goods receipt 45002176,WH02
50013341,1,2025-05-12,2025-05-02,2025/05,WE,2810,D,27442.68,NVK,27442.68,D-497522,4500218000010,70043,Transport seal numbered,WH01
50013341,2,2025-05-12,2025-05-02,2025/05,WE,2810,D,128968.80,NVK,128968.80,D-497522,4500218000020,70043,Cool container liner,WH01
50013341,3,2025-05-12,2025-05-02,2025/05,WE,1410,C,156411.48,NVK,156411.48,D-497522,,70043,Goods receipt 45002180,WH01
50013343,1,2025-05-12,2025-05-02,2025/05,WE,2810,C,27442.68,NVK,27442.68,D-497522,4500218000010,70043,Transport seal numbered,WH01
50013343,2,2025-05-12,2025-05-02,2025/05,WE,2810,C,259012.34,NVK,259012.34,D-497522,4500218000020,70043,Cool container liner,WH01
50013343,3,2025-05-12,2025-05-02,2025/05,WE,1410,D,286455.02,NVK,286455.02,D-497522,,70043,Goods receipt 45002180,WH01
50013345,1,2025-05-12,2025-05-12,2025/05,WE,2810,C,287864.64,NVK,287864.64,DN782835,4500221800010,70043,Cool container liner,WH01
50013345,2,2025-05-12,2025-05-12,2025/05,WE,1410,D,287864.64,NVK,287864.64,DN782835,,70043,Goods receipt 45002218,WH01
51007546,1,2025-05-12,2025-05-06,2025/05,KG,3300,D,1416.00,NVK,1416.00,INV-2025-57412,,70016,Ambalaza Krestov d.d.,TBER
51007546,2,2025-05-12,2025-05-06,2025/05,KG,2810,C,1180.00,NVK,1180.00,INV-2025-57412,4500215400010,70016,Thermal blanket pallet,TBER
51007547,1,2025-05-12,2025-05-05,2025/05,RE,3300,C,66801.72,NVK,66801.72,F-005385,,70014,Tisk Lumar d.o.o.,TBER
51007547,2,2025-05-12,2025-05-05,2025/05,RE,2810,D,11685.70,NVK,11685.70,F-005385,4500216000010,70014,Patient leaflet reprint type,TBER
51007547,3,2025-05-12,2025-05-05,2025/05,RE,2810,D,43982.40,NVK,43982.40,F-005385,4500216000020,70014,Patient leaflet reprint type,TBER
51007547,4,2025-05-12,2025-05-05,2025/05,RE,2810,D,1832.60,NVK,0.00,F-005385,4500216000020,70014,,BATCH
51007547,5,2025-05-12,2025-05-05,2025/05,RE,5890,C,1832.60,NVK,0.00,F-005385,,70014,Diff. GR/IR,BATCH
51007548,1,2025-05-12,2025-05-04,2025/05,RE,3300,C,23039.38,NVK,23039.38,R/31735/25,,70041,Paleta Drovnik d.o.o.,TBER
51007548,2,2025-05-12,2025-05-04,2025/05,RE,2810,D,19199.48,NVK,19199.48,R/31735/25,4500216600010,70041,Pallet collar,TBER
51007549,1,2025-05-12,2025-05-08,2025/05,RE,3300,C,343746.02,NVK,343746.02,F-014265,,70043,Termo Log Savrin d.o.o.,TBER
51007549,2,2025-05-12,2025-05-08,2025/05,RE,2810,D,27442.68,NVK,27442.68,F-014265,4500218000010,70043,Transport seal numbered,TBER
51007549,3,2025-05-12,2025-05-08,2025/05,RE,2810,D,259012.34,NVK,259012.34,F-014265,4500218000020,70043,Cool container liner,TBER
51007550,1,2025-05-12,2025-05-08,2025/05,RE,3300,C,49800.00,NVK,49800.00,F-045941,,70054,Autolease Vendra d.o.o.,JKOV
51007551,1,2025-05-12,2025-05-04,2025/05,RE,3300,C,14880.00,NVK,14880.00,R/18635/25,,70056,Varnost Tregal d.o.o.,TBER
51007552,1,2025-05-12,2025-05-08,2025/05,RE,3300,C,44605.54,NVK,44605.54,0043277,,70059,Odvetniki Strelan in par,TBER
50013348,1,2025-05-13,2025-05-12,2025/05,WE,2810,C,52960.19,EUR,4652.16,MSC-DN-436177,4500217200010,79001,Meriderm 40 mg caps 30x,WH01
50013348,2,2025-05-13,2025-05-12,2025/05,WE,2810,C,772436.28,EUR,67852.80,MSC-DN-436177,4500217200020,79001,,WH01
50013348,3,2025-05-13,2025-05-12,2025/05,WE,1400,D,825396.47,EUR,0.00,MSC-DN-436177,,79001,Goods receipt 45002172,WH01
50013351,1,2025-05-13,2025-05-12,2025/05,WE,2810,C,97428.72,NVK,97428.72,D-900976,4500220000010,70011,Pallet box heavy duty,WH02
50013351,2,2025-05-13,2025-05-12,2025/05,WE,2810,C,33201.42,NVK,33201.42,D-900976,4500220000020,70011,Shipping carton 600x400x300,WH02
50013351,3,2025-05-13,2025-05-12,2025/05,WE,2810,C,18505.76,NVK,18505.76,D-900976,4500220000030,70011,Shipping carton 400x300x250,WH02
50013351,4,2025-05-13,2025-05-12,2025/05,WE,1410,D,149135.90,NVK,149135.90,D-900976,,70011,Goods receipt 45002200,WH02
51007554,1,2025-05-13,2025-05-09,2025/05,RE,3300,C,33293.83,NVK,33293.83,F-014269,,70043,Termo Log Savrin d.o.o.,TBER
51007554,2,2025-05-13,2025-05-09,2025/05,RE,2810,D,27744.86,NVK,27744.86,F-014269,4500219300020,70043,Cool container liner,TBER
51007555,1,2025-05-13,2025-05-08,2025/05,RE,3300,C,8037.96,NVK,8037.96,0061168,,70053,Norvatel d.d.,TBER
51007556,1,2025-05-14,2025-05-11,2025/05,RE,3350,C,2133702.21,EUR,187429.92,MSC90053619,,79001,,TBER
51007556,2,2025-05-14,2025-05-11,2025/05,RE,2810,D,877662.69,EUR,77096.16,MSC90053619,4500218200010,79001,Meripain 10 mg tbl 28x,TBER
51007556,3,2025-05-14,2025-05-11,2025/05,RE,2810,D,132400.47,EUR,11630.40,MSC90053619,4500218200020,79001,Meriderm 40 mg caps 30x,TBER
51007556,4,2025-05-14,2025-05-11,2025/05,RE,2810,D,1123639.05,EUR,98703.36,MSC90053619,4500218200030,79001,Meritan 40 mg caps 30x,TBER
50013353,1,2025-05-15,2025-05-12,2025/05,WE,2810,C,25164.75,NVK,25164.75,LS189682,4500219000020,70014,Patient leaflet reprint type,WH02
50013353,2,2025-05-15,2025-05-12,2025/05,WE,1410,D,25164.75,NVK,25164.75,LS189682,,70014,Goods receipt 45002190,WH02
51007558,1,2025-05-15,2025-05-10,2025/05,RE,3310,C,217714.79,EUR,19124.63,INV-2025-29098,,70025,Sciomed Instruments Kere,MHAL
51007558,2,2025-05-15,2025-05-10,2025/05,RE,2810,D,84895.61,EUR,7457.45,INV-2025-29098,4500221700010,70025,Analytical balance module,MHAL
51007558,3,2025-05-15,2025-05-10,2025/05,RE,2810,D,58364.40,EUR,5126.88,INV-2025-29098,4500221700020,70025,Calibration weight set,MHAL
51007558,4,2025-05-15,2025-05-10,2025/05,RE,2810,D,74454.78,EUR,6540.30,INV-2025-29098,4500221700030,70025,Stability chamber sensor,MHAL
51007560,1,2025-05-15,2025-05-12,2025/05,RE,3300,C,58194.18,NVK,58194.18,2025/59024,,70062,Kadri Plus Dorvan d.o.o.,MHAL
51007562,1,2025-05-15,2025-05-12,2025/05,RE,3300,C,26322.10,NVK,26322.10,R/43364/25,,70066,Sistemi Datren d.o.o.,TBER
50013354,1,2025-05-16,2025-05-14,2025/05,WE,2810,C,36815.86,EUR,3234.00,LS614830,4500220500020,70025,Calibration weight set,WH01
50013354,2,2025-05-16,2025-05-14,2025/05,WE,1410,D,36815.86,EUR,0.00,LS614830,,70025,Goods receipt 45002205,WH01
51007564,1,2025-05-16,2025-05-13,2025/05,RE,3300,C,355800.19,NVK,355800.19,F-014301,,70043,Termo Log Savrin d.o.o.,TBER
51007564,2,2025-05-16,2025-05-13,2025/05,RE,2810,D,296500.16,NVK,296500.16,F-014301,4500221800010,70043,Cool container liner,TBER
51007564,3,2025-05-16,2025-05-13,2025/05,RE,2810,C,8635.52,NVK,0.00,F-014301,4500221800010,70043,Diff. GR/IR,BATCH
51007564,4,2025-05-16,2025-05-13,2025/05,RE,5890,D,8635.52,NVK,0.00,F-014301,,70043,Diff. GR/IR,BATCH
50013357,1,2025-05-19,2025-05-15,2025/05,WE,2810,C,12980.00,NVK,12980.00,OT961135,4500219600010,70016,Thermal blanket pallet,WH01
50013357,2,2025-05-19,2025-05-15,2025/05,WE,2810,C,12063.04,NVK,12063.04,OT961135,4500219600020,70016,Insulated shipper 12 l,WH01
50013357,3,2025-05-19,2025-05-15,2025/05,WE,1410,D,25043.04,NVK,25043.04,OT961135,,70016,Goods receipt 45002196,WH01
50013358,1,2025-05-19,2025-05-19,2025/05,WE,2810,C,29400.00,NVK,29400.00,D-456691,4500222500010,70021,Pipette tips 200 ul,WH01
50013358,2,2025-05-19,2025-05-19,2025/05,WE,2810,C,17640.00,NVK,17640.00,D-456691,4500222500010,70021,Sample vials 2 ml,WH01
50013358,3,2025-05-19,2025-05-19,2025/05,WE,1410,D,47040.00,NVK,47040.00,D-456691,,70021,Goods receipt 45002225,WH01
51007566,1,2025-05-19,2025-05-13,2025/05,KG,3300,D,8535.74,NVK,8535.74,2025/19729,,70022,Reagens Mivor d.o.o.,TBER
51007566,2,2025-05-19,2025-05-13,2025/05,KG,2810,C,7113.12,NVK,7113.12,2025/19729,4500215000020,70022,Reference standard kit,TBER
51007567,1,2025-05-19,2025-05-10,2025/05,RE,3300,C,18312.00,NVK,18312.00,0007145,,70033,,MHAL
51007567,2,2025-05-19,2025-05-10,2025/05,RE,2810,D,15260.00,NVK,15260.00,0007145,4500217900010,70033,Toner cartridge black,MHAL
51007569,1,2025-05-19,2025-05-12,2025/05,RE,3300,C,121523.76,NVK,121523.76,INV-2025-57452,,70016,Ambalaza Krestov d.d.,TBER
51007569,2,2025-05-19,2025-05-12,2025/05,RE,2810,D,21388.68,NVK,21388.68,INV-2025-57452,4500221100010,70016,Thermal blanket pallet,TBER
51007569,3,2025-05-19,2025-05-12,2025/05,RE,2810,D,79881.12,NVK,79881.12,INV-2025-57452,4500221100020,70016,Gel pack 500 g,TBER
51007571,1,2025-05-19,2025-05-13,2025/05,RE,3300,C,107280.00,NVK,107280.00,F-047747,,70023,Analitika Preles d.o.o.,JKOV
51007571,2,2025-05-19,2025-05-13,2025/05,RE,2810,D,89400.00,NVK,89400.00,F-047747,4500221200010,70023,HPLC column C18,JKOV
50013360,1,2025-05-21,2025-05-20,2025/05,WE,2810,C,26480.09,EUR,2326.08,MSC-DN-429304,4500217200010,79001,,WH01
50013360,2,2025-05-21,2025-05-20,2025/05,WE,1400,D,26480.09,EUR,0.00,MSC-DN-429304,,79001,Goods receipt 45002172,WH01
50013363,1,2025-05-21,2025-05-20,2025/05,WE,2810,C,28574.84,NVK,28574.84,D-118355,4500222300010,70013,Label thermal 100x60,WH01
50013363,2,2025-05-21,2025-05-20,2025/05,WE,2810,C,22614.98,NVK,22614.98,D-118355,4500222300020,70013,Label cold-chain warning,WH01
50013363,3,2025-05-21,2025-05-20,2025/05,WE,1410,D,51189.82,NVK,51189.82,D-118355,,70013,Goods receipt 45002223,WH01
51007572,1,2025-05-21,2025-05-16,2025/05,RE,3300,C,5446.27,NVK,5446.27,F-038298,,70032,Biro Dalven d.o.o.,TBER
51007572,2,2025-05-21,2025-05-16,2025/05,RE,2810,D,1622.64,NVK,1622.64,F-038298,4500217600010,70032,Ring binder A4,TBER
51007572,3,2025-05-21,2025-05-16,2025/05,RE,2810,D,2915.92,NVK,2915.92,F-038298,4500217600020,70032,Archive box,TBER
51007574,1,2025-05-21,2025-05-17,2025/05,RE,3300,C,42709.88,NVK,42709.88,R/27060/25,,70012,Brenko Pak d.o.o.,JKOV
51007574,2,2025-05-21,2025-05-17,2025/05,RE,2810,D,32287.57,NVK,32287.57,R/27060/25,4500219400010,70012,Paper filler 70 g,JKOV
51007574,3,2025-05-21,2025-05-17,2025/05,RE,2810,D,3304.00,NVK,3304.00,R/27060/25,4500219400020,70012,Packing tape 48 mm,JKOV
51007576,1,2025-05-21,2025-05-16,2025/05,RE,3300,C,122390.28,NVK,122390.28,F-047768,,70023,Analitika Preles d.o.o.,TBER
51007576,2,2025-05-21,2025-05-16,2025/05,RE,2810,D,16020.00,NVK,16020.00,F-047768,4500221400010,70023,Syringe filters,TBER
51007576,3,2025-05-21,2025-05-16,2025/05,RE,2810,D,74798.00,NVK,74798.00,F-047768,4500221400020,70023,HPLC column C18,TBER
51007576,4,2025-05-21,2025-05-16,2025/05,RE,2810,D,11173.90,NVK,11173.90,F-047768,4500221400030,70023,Filter membranes 0.45,TBER
50013364,1,2025-05-22,2025-05-19,2025/05,WE,2810,C,65960.00,NVK,65960.00,D-455301,4500222000010,70041,EUR pallet new,WH01
50013364,2,2025-05-22,2025-05-19,2025/05,WE,2810,C,19780.00,NVK,19780.00,D-455301,4500222000020,70041,Pallet collar,WH01
50013364,3,2025-05-22,2025-05-19,2025/05,WE,1410,D,85740.00,NVK,85740.00,D-455301,,70041,,WH01
50013367,1,2025-05-22,2025-05-22,2025/05,WE,2810,C,58136.00,NVK,58136.00,LS652321,4500223200010,70013,Label serialisation blank 50,WH01
50013367,2,2025-05-22,2025-05-22,2025/05,WE,1410,D,58136.00,NVK,58136.00,LS652321,,70013,Goods receipt 45002232,WH01
51007578,1,2025-05-22,2025-05-16,2025/05,RE,3300,C,27547.20,NVK,27547.20,F-047773,,70023,Analitika Preles d.o.o.,TBER
51007578,2,2025-05-22,2025-05-16,2025/05,RE,2810,D,22956.00,NVK,22956.00,F-047773,4500219900010,70023,,TBER
51007579,1,2025-05-22,2025-05-21,2025/05,RE,3300,C,35304.00,NVK,35304.00,R/27003/25,,70026,Medilab Torvan d.o.o.,TBER
51007579,2,2025-05-22,2025-05-21,2025/05,RE,2810,D,18720.00,NVK,18720.00,R/27003/25,4500224300010,70026,Culture media plates,TBER
51007579,3,2025-05-22,2025-05-21,2025/05,RE,2810,D,10700.00,NVK,10700.00,R/27003/25,4500224300020,70026,Microbiology test kit,TBER
50013370,1,2025-05-23,2025-05-21,2025/05,WE,2810,C,2915.92,NVK,2915.92,D-965955,4500217600020,70032,Archive box,WH01
50013370,2,2025-05-23,2025-05-21,2025/05,WE,1410,D,2915.92,NVK,2915.92,D-965955,,70032,Goods receipt 45002176,WH01
50013371,1,2025-05-23,2025-05-23,2025/05,WE,2810,C,877662.69,EUR,77096.16,MSC-DN-464943,4500218200010,79001,Meripain 10 mg tbl 28x,WH01
50013371,2,2025-05-23,2025-05-23,2025/05,WE,2810,C,132400.47,EUR,11630.40,MSC-DN-464943,4500218200020,79001,Meriderm 40 mg caps 30x,WH01
50013371,3,2025-05-23,2025-05-23,2025/05,WE,2810,C,1123639.05,EUR,98703.36,MSC-DN-464943,4500218200030,79001,Meritan 40 mg caps 30x,WH01
50013371,4,2025-05-23,2025-05-23,2025/05,WE,1400,D,2133702.21,EUR,0.00,MSC-DN-464943,,79001,Goods receipt 45002182,WH01
50013372,1,2025-05-23,2025-05-21,2025/05,WE,2810,C,20768.00,NVK,20768.00,LS765116,4500219400020,70012,Packing tape 48 mm,WH01
50013372,2,2025-05-23,2025-05-21,2025/05,WE,1410,D,20768.00,NVK,20768.00,LS765116,,70012,Goods receipt 45002194,WH01
51007581,1,2025-05-23,2025-05-20,2025/05,RE,3300,C,30197.70,NVK,30197.70,F-005489,,70014,Tisk Lumar d.o.o.,TBER
51007581,2,2025-05-23,2025-05-20,2025/05,RE,2810,D,25164.75,NVK,25164.75,F-005489,4500219000020,70014,Patient leaflet reprint type,TBER
50013374,1,2025-05-26,2025-05-19,2025/05,WE,2810,D,65960.00,NVK,65960.00,D-455301,4500222000010,70041,EUR pallet new,WH01
50013374,2,2025-05-26,2025-05-19,2025/05,WE,2810,D,19780.00,NVK,19780.00,D-455301,4500222000020,70041,Pallet collar,WH01
50013374,3,2025-05-26,2025-05-19,2025/05,WE,1410,C,85740.00,NVK,85740.00,D-455301,,70041,Goods receipt 45002220,WH01
50013377,1,2025-05-26,2025-05-19,2025/05,WE,2810,C,65960.00,NVK,65960.00,D-455301,4500222000010,70041,EUR pallet new,WH01
50013377,2,2025-05-26,2025-05-19,2025/05,WE,2810,C,40020.00,NVK,40020.00,D-455301,4500222000020,70041,Pallet collar,WH01
50013377,3,2025-05-26,2025-05-19,2025/05,WE,1410,D,105980.00,NVK,105980.00,D-455301,,70041,Goods receipt 45002220,WH01
51007583,1,2025-05-26,2025-05-20,2025/05,RE,3300,C,30051.65,NVK,30051.65,INV-2025-57508,,70016,Ambalaza Krestov d.d.,TBER
51007583,2,2025-05-26,2025-05-20,2025/05,RE,2810,D,12980.00,NVK,12980.00,INV-2025-57508,4500219600010,70016,Thermal blanket pallet,TBER
51007583,3,2025-05-26,2025-05-20,2025/05,RE,2810,D,12063.04,NVK,12063.04,INV-2025-57508,4500219600020,70016,Insulated shipper 12 l,TBER
51007585,1,2025-05-26,2025-05-19,2025/05,RE,3300,C,178963.08,NVK,178963.08,INV-2025-23988,,70011,Kartonaza Velmir d.o.o.,TBER
51007585,2,2025-05-26,2025-05-19,2025/05,RE,2810,D,97428.72,NVK,97428.72,INV-2025-23988,4500220000010,70011,Pallet box heavy duty,TBER
51007585,3,2025-05-26,2025-05-19,2025/05,RE,2810,D,33201.42,NVK,33201.42,INV-2025-23988,4500220000020,70011,,TBER
51007585,4,2025-05-26,2025-05-19,2025/05,RE,2810,D,18505.76,NVK,18505.76,INV-2025-23988,4500220000030,70011,Shipping carton 400x300x250,TBER
51007587,1,2025-05-26,2025-05-19,2025/05,RE,3300,C,127176.00,NVK,127176.00,R/31844/25,,70041,Paleta Drovnik d.o.o.,TBER
51007587,2,2025-05-26,2025-05-19,2025/05,RE,2810,D,65960.00,NVK,65960.00,R/31844/25,4500222000010,70041,EUR pallet new,TBER
51007587,3,2025-05-26,2025-05-19,2025/05,RE,2810,D,40020.00,NVK,40020.00,R/31844/25,4500222000020,70041,Pallet collar,TBER
51007588,1,2025-05-26,2025-05-19,2025/05,RE,3300,C,17370.89,NVK,17370.89,R/43410/25,,70066,Sistemi Datren d.o.o.,TBER
51007589,1,2025-05-27,2025-05-23,2025/05,RE,3300,C,3499.10,NVK,3499.10,F-038348,,70032,Biro Dalven d.o.o.,TBER
51007589,2,2025-05-27,2025-05-23,2025/05,RE,2810,D,2915.92,NVK,2915.92,F-038348,4500217600020,70032,,TBER
51007591,1,2025-05-27,2025-05-25,2025/05,RE,3300,C,22837.25,NVK,22837.25,R/27117/25,,70012,Brenko Pak d.o.o.,MHAL
51007591,2,2025-05-27,2025-05-25,2025/05,RE,2810,D,19031.04,NVK,19031.04,R/27117/25,4500219400020,70012,Packing tape 48 mm,MHAL
51007591,3,2025-05-27,2025-05-25,2025/05,RE,2810,D,792.96,NVK,0.00,R/27117/25,4500219400020,70012,Diff. GR/IR,BATCH
51007591,4,2025-05-27,2025-05-25,2025/05,RE,5890,C,792.96,NVK,0.00,R/27117/25,,70012,Diff. GR/IR,BATCH
51007593,1,2025-05-27,2025-05-20,2025/05,RE,3310,C,36815.86,EUR,3234.00,INV-2025-29165,,70025,Sciomed Instruments Kere,TBER
51007593,2,2025-05-27,2025-05-20,2025/05,RE,2810,D,36815.86,EUR,3234.00,INV-2025-29165,4500220500020,70025,Calibration weight set,TBER
51007594,1,2025-05-27,2025-05-24,2025/05,RE,3300,C,61427.78,NVK,61427.78,2025/38043,,70013,Etiketa Sorvin d.o.o.,TBER
51007594,2,2025-05-27,2025-05-24,2025/05,RE,2810,D,28574.84,NVK,28574.84,2025/38043,4500222300010,70013,Label thermal 100x60,TBER
51007594,3,2025-05-27,2025-05-24,2025/05,RE,2810,D,22614.98,NVK,22614.98,2025/38043,4500222300020,70013,Label cold-chain warning,TBER
51007596,1,2025-05-27,2025-05-23,2025/05,RE,3300,C,86040.00,NVK,86040.00,R/59706/25,,70021,Labtek Soran d.o.o.,TBER
51007596,2,2025-05-27,2025-05-23,2025/05,RE,2810,D,29400.00,NVK,29400.00,R/59706/25,4500222500010,70021,Pipette tips 200 ul,TBER
51007596,3,2025-05-27,2025-05-23,2025/05,RE,2810,D,42300.00,NVK,42300.00,R/59706/25,4500222500020,70021,Sample vials 2 ml,TBER
51007598,1,2025-05-28,2025-05-24,2025/05,RE,3300,C,67080.00,NVK,67080.00,2025/38049,,70013,Etiketa Sorvin d.o.o.,TBER
51007598,2,2025-05-28,2025-05-24,2025/05,RE,2810,D,55900.00,NVK,55900.00,2025/38049,4500223200010,70013,Label serialisation blank 50,TBER
50013379,1,2025-05-29,2025-05-21,2025/05,WE,2810,D,20768.00,NVK,20768.00,LS765116,4500219400020,70012,Packing tape 48 mm,WH01
50013379,2,2025-05-29,2025-05-21,2025/05,WE,2810,C,679.68,NVK,0.00,LS765116,4500219400020,70012,Diff. GR/IR,BATCH
50013379,3,2025-05-29,2025-05-21,2025/05,WE,1410,C,20768.00,NVK,20768.00,LS765116,,70012,Goods receipt 45002194,WH01
50013379,4,2025-05-29,2025-05-21,2025/05,WE,5890,D,679.68,NVK,0.00,LS765116,,70012,Diff. GR/IR,BATCH
50013382,1,2025-05-29,2025-05-21,2025/05,WE,2810,C,19824.00,NVK,19824.00,LS765116,4500219400020,70012,Packing tape 48 mm,WH01
50013382,2,2025-05-29,2025-05-21,2025/05,WE,2810,D,679.68,NVK,0.00,LS765116,4500219400020,70012,Diff. GR/IR,BATCH
50013382,3,2025-05-29,2025-05-21,2025/05,WE,1410,D,19824.00,NVK,19824.00,LS765116,,70012,Goods receipt 45002194,WH01
50013382,4,2025-05-29,2025-05-21,2025/05,WE,5890,C,679.68,NVK,0.00,LS765116,,70012,Diff. GR/IR,BATCH
50013384,1,2025-05-29,2025-05-29,2025/05,WE,2810,C,140060.00,NVK,140060.00,D-233729,4500223000010,70045,Temperature data logger,WH02
50013384,2,2025-05-29,2025-05-29,2025/05,WE,2810,C,17565.12,NVK,17565.12,D-233729,4500223000020,70045,Logger docking station,WH02
50013384,3,2025-05-29,2025-05-29,2025/05,WE,2810,C,4432.20,NVK,4432.20,D-233729,4500223000030,70045,Humidity indicator card,WH02
50013384,4,2025-05-29,2025-05-29,2025/05,WE,1410,D,162057.32,NVK,162057.32,D-233729,,70045,Goods receipt 45002230,WH02
50013385,1,2025-05-30,2025-05-27,2025/05,WE,2810,C,41529.15,NVK,41529.15,D-215377,4500222700010,70013,Label thermal 100x60,WH02
50013385,2,2025-05-30,2025-05-27,2025/05,WE,2810,C,45421.75,NVK,45421.75,D-215377,4500222700020,70013,Label serialisation blank 50,WH02
50013385,3,2025-05-30,2025-05-27,2025/05,WE,1410,D,86950.90,NVK,86950.90,D-215377,,70013,Goods receipt 45002227,WH02
10000879,1,2025-05-30,2025-05-30,2025/05,SA,2810,D,13.70,NVK,13.70,,4500215600010,70013,clearing GR/IR diff,JKOV
10000879,2,2025-05-30,2025-05-30,2025/05,SA,5890,C,13.70,NVK,13.70,,4500215600010,,clearing GR/IR diff,JKOV
10000880,1,2025-05-30,2025-05-30,2025/05,SA,2810,D,1.31,NVK,1.31,,4500215600030,70013,GR/IR diff cleared,JKOV
10000880,2,2025-05-30,2025-05-30,2025/05,SA,5890,C,1.31,NVK,1.31,,4500215600030,,GR/IR diff cleared,JKOV
10000885,1,2025-05-30,2025-05-30,2025/05,SA,2810,D,763.29,NVK,763.29,,4500218700020,70015,GR/IR diff cleared,JKOV
10000885,2,2025-05-30,2025-05-30,2025/05,SA,5890,C,763.29,NVK,763.29,,4500218700020,,GR/IR diff cleared,JKOV
10000887,1,2025-05-30,2025-05-30,2025/05,SA,2810,C,2236.00,NVK,2236.00,,4500223200010,70013,GR/IR clearing,JKOV
10000887,2,2025-05-30,2025-05-30,2025/05,SA,5890,D,2236.00,NVK,2236.00,,4500223200010,,GR/IR clearing,JKOV
50013387,1,2025-06-02,2025-05-30,2025/06,WE,2810,C,472.00,NVK,472.00,DN860404,4500219400020,70012,Packing tape 48 mm,WH01
50013387,2,2025-06-02,2025-05-30,2025/06,WE,1410,D,472.00,NVK,472.00,DN860404,,70012,Goods receipt 45002194,WH01
50013389,1,2025-06-02,2025-06-02,2025/06,WE,2810,D,4720.00,NVK,4720.00,OT961135,4500219600010,70016,Thermal blanket pallet,WH01
50013389,2,2025-06-02,2025-06-02,2025/06,WE,1410,C,4720.00,NVK,4720.00,OT961135,,70016,Goods receipt 45002196,WH01
50013392,1,2025-06-02,2025-05-29,2025/06,WE,2810,C,9554.94,NVK,9554.94,OT888894,4500223400010,70033,Toner cartridge black,WH01
50013392,2,2025-06-02,2025-05-29,2025/06,WE,2810,C,16560.00,NVK,16560.00,OT888894,4500223400020,70033,Toner cartridge colour set,WH01
50013392,3,2025-06-02,2025-05-29,2025/06,WE,1410,D,26114.94,NVK,26114.94,OT888894,,70033,,WH01
51007599,1,2025-06-02,2025-05-29,2025/06,KG,3300,D,3957.60,NVK,3957.60,R/31916/25,,70041,Paleta Drovnik d.o.o.,MHAL
51007599,2,2025-06-02,2025-05-29,2025/06,KG,2810,C,3298.00,NVK,3298.00,R/31916/25,4500222000010,70041,EUR pallet new,MHAL
51007599,3,2025-06-02,2025-05-29,2025/06,KG,2810,D,3298.00,NVK,0.00,R/31916/25,4500222000010,70041,Diff. GR/IR,BATCH
51007599,4,2025-06-02,2025-05-29,2025/06,KG,5890,C,3298.00,NVK,0.00,R/31916/25,,70041,Diff. GR/IR,BATCH
51007600,1,2025-06-02,2025-05-29,2025/06,RE,3300,C,194468.78,NVK,194468.78,INV-2025-10840,,70045,Senzor Tehnika Olvar d.o,MHAL
51007600,2,2025-06-02,2025-05-29,2025/06,RE,2810,D,140060.00,NVK,140060.00,INV-2025-10840,4500223000010,70045,Temperature data logger,MHAL
51007600,3,2025-06-02,2025-05-29,2025/06,RE,2810,D,17565.12,NVK,17565.12,INV-2025-10840,4500223000020,70045,Logger docking station,MHAL
51007600,4,2025-06-02,2025-05-29,2025/06,RE,2810,D,4432.20,NVK,4432.20,INV-2025-10840,4500223000030,70045,Humidity indicator card,MHAL
51007601,1,2025-06-02,2025-05-30,2025/06,RE,3350,C,228023.50,EUR,19928.64,MSC90053752,,79001,Meridia Supply Chain B.V,JKOV
51007601,2,2025-06-02,2025-05-30,2025/06,RE,2810,D,156669.36,EUR,13692.48,MSC90053752,4500223100010,79001,Merivent 20 mg tbl 56x,JKOV
51007601,3,2025-06-02,2025-05-30,2025/06,RE,2810,D,71354.14,EUR,6236.16,MSC90053752,4500223100020,79001,Meritan 100 mg/5 ml susp 100,JKOV
51007602,1,2025-06-02,2025-05-29,2025/06,RE,3300,C,49560.26,NVK,49560.26,F-014049,,70063,Kongres Servis Lipan d.o,TBER
51007604,1,2025-06-03,2025-05-30,2025/06,RE,3350,C,2093040.21,EUR,182926.08,MSC90053756,,79001,Meridia Supply Chain B.V,TBER
51007604,2,2025-06-03,2025-05-30,2025/06,RE,2810,D,298751.54,EUR,26110.08,MSC90053756,4500220200010,79001,Meripain 5 mg tbl 28x,TBER
51007604,3,2025-06-03,2025-05-30,2025/06,RE,2810,D,188919.32,EUR,16511.04,MSC90053756,4500220200020,79001,Merinor 250 mg inj 5 amp,TBER
51007604,4,2025-06-03,2025-05-30,2025/06,RE,2810,D,471304.22,EUR,41190.72,MSC90053756,4500220200030,79001,Meriflux 5 mg tbl 28x,TBER
51007604,5,2025-06-03,2025-05-30,2025/06,RE,2810,D,1134065.13,EUR,99114.24,MSC90053756,4500220200040,79001,Meripain 20 mg tbl 56x,TBER
51007605,1,2025-06-03,2025-05-29,2025/06,RE,3350,C,3969983.14,EUR,346965.84,MSC90053748,,79001,Meridia Supply Chain B.V,TBER
51007605,2,2025-06-03,2025-05-29,2025/06,RE,2810,D,1898145.42,EUR,165892.80,MSC90053748,4500222400010,79001,Merizol 10 mg tbl 28x,TBER
51007605,3,2025-06-03,2025-05-29,2025/06,RE,2810,D,1717607.13,EUR,150114.24,MSC90053748,4500222400020,79001,Meriflux 10 mg tbl 28x,TBER
51007605,4,2025-06-03,2025-05-29,2025/06,RE,2810,D,164792.26,EUR,14402.40,MSC90053748,4500222400030,79001,Merilip crm 30 g,TBER
51007605,5,2025-06-03,2025-05-29,2025/06,RE,2810,D,189438.33,EUR,16556.40,MSC90053748,4500222400040,79001,Meriderm 100 mg/5 ml susp 10,TBER
51007606,1,2025-06-03,2025-06-01,2025/06,RE,3300,C,103978.38,NVK,103978.38,2025/38104,,70013,Etiketa Sorvin d.o.o.,TBER
51007606,2,2025-06-03,2025-06-01,2025/06,RE,2810,D,41226.90,NVK,41226.90,2025/38104,4500222700010,70013,,TBER
51007606,3,2025-06-03,2025-06-01,2025/06,RE,2810,D,45421.75,NVK,45421.75,2025/38104,4500222700020,70013,Label serialisation blank 50,TBER
51007607,1,2025-06-04,2025-06-02,2025/06,RE,3350,C,26615.01,EUR,2326.08,MSC90053772,,79001,Meridia Supply Chain B.V,TBER
51007607,2,2025-06-04,2025-06-02,2025/06,RE,2810,D,26615.01,EUR,2326.08,MSC90053772,4500217200010,79001,Meriderm 40 mg caps 30x,TBER
51007607,3,2025-06-04,2025-06-02,2025/06,RE,2810,C,134.92,EUR,0.00,MSC90053772,4500217200010,79001,Diff. GR/IR,BATCH
51007607,4,2025-06-04,2025-06-02,2025/06,RE,6950,D,134.92,EUR,0.00,MSC90053772,,79001,Diff. GR/IR,BATCH
51007609,1,2025-06-04,2025-06-03,2025/06,RE,3300,C,14880.00,NVK,14880.00,R/18848/25,,70056,Varnost Tregal d.o.o.,TBER
50013395,1,2025-06-05,2025-06-02,2025/06,WE,2810,C,252659.96,EUR,22081.80,OT425497,4500220500010,70025,Analytical balance module,WH01
50013395,2,2025-06-05,2025-06-02,2025/06,WE,1410,D,252659.96,EUR,0.00,OT425497,,70025,,WH01
50013397,1,2025-06-05,2025-05-27,2025/06,WE,2810,D,41529.15,NVK,41529.15,D-215377,4500222700010,70013,Label thermal 100x60,WH02
50013397,2,2025-06-05,2025-05-27,2025/06,WE,2810,D,45421.75,NVK,45421.75,D-215377,4500222700020,70013,Label serialisation blank 50,WH02
50013397,3,2025-06-05,2025-05-27,2025/06,WE,1410,C,86950.90,NVK,86950.90,D-215377,,70013,Goods receipt 45002227,WH02
50013400,1,2025-06-05,2025-05-27,2025/06,WE,2810,C,41226.90,NVK,41226.90,D-215377,4500222700010,70013,Label thermal 100x60,WH02
50013400,2,2025-06-05,2025-05-27,2025/06,WE,2810,C,45421.75,NVK,45421.75,D-215377,4500222700020,70013,,WH02
50013400,3,2025-06-05,2025-05-27,2025/06,WE,1410,D,86648.65,NVK,86648.65,D-215377,,70013,Goods receipt 45002227,WH02
50013403,1,2025-06-05,2025-06-05,2025/06,WE,2810,C,18720.00,NVK,18720.00,OT459584,4500224300010,70026,Culture media plates,WH01
50013403,2,2025-06-05,2025-06-05,2025/06,WE,2810,C,10700.00,NVK,10700.00,OT459584,4500224300020,70026,Microbiology test kit,WH01
50013403,3,2025-06-05,2025-06-05,2025/06,WE,1410,D,29420.00,NVK,29420.00,OT459584,,70026,Goods receipt 45002243,WH01
50013406,1,2025-06-06,2025-06-06,2025/06,WE,2810,C,6540.00,NVK,6540.00,D-193848,4500224900010,70033,Toner cartridge black,WH02
50013406,2,2025-06-06,2025-06-06,2025/06,WE,2810,C,11040.00,NVK,11040.00,D-193848,4500224900020,70033,Toner cartridge colour set,WH02
50013406,3,2025-06-06,2025-06-06,2025/06,WE,1410,D,17580.00,NVK,17580.00,D-193848,,70033,Goods receipt 45002249,WH02
50013407,1,2025-06-06,2025-06-06,2025/06,WE,2810,C,49121.10,NVK,49121.10,DN527069,4500225200010,70011,Shipping carton 600x400x300,WH01
50013407,2,2025-06-06,2025-06-06,2025/06,WE,2810,C,89343.24,NVK,89343.24,DN527069,4500225200020,70011,Pallet box heavy duty,WH01
50013407,3,2025-06-06,2025-06-06,2025/06,WE,1410,D,138464.34,NVK,138464.34,DN527069,,70011,Goods receipt 45002252,WH01
51007611,1,2025-06-06,2025-06-05,2025/06,RE,3300,C,12066.12,NVK,12066.12,R/43530/25,,70066,Sistemi Datren d.o.o.,TBER
51007613,1,2025-06-09,2025-06-05,2025/06,RE,3300,C,566.40,NVK,566.40,R/27195/25,,70012,Brenko Pak d.o.o.,TBER
51007613,2,2025-06-09,2025-06-05,2025/06,RE,2810,D,472.00,NVK,472.00,R/27195/25,4500219400020,70012,Packing tape 48 mm,TBER
51007615,1,2025-06-09,2025-06-05,2025/06,RE,3310,C,252659.96,EUR,22081.80,INV-2025-29277,,70025,Sciomed Instruments Kere,TBER
51007615,2,2025-06-09,2025-06-05,2025/06,RE,2810,D,252659.96,EUR,22081.80,INV-2025-29277,4500220500010,70025,Analytical balance module,TBER
51007617,1,2025-06-09,2025-06-04,2025/06,RE,3300,C,103200.00,NVK,103200.00,R/45207/25,,70051,Nepremicnine Castrum d.o,TBER
51007619,1,2025-06-09,2025-06-05,2025/06,RE,3300,C,8724.70,NVK,8724.70,0061358,,70053,Norvatel d.d.,TBER
51007621,1,2025-06-09,2025-06-04,2025/06,RE,3300,C,49800.00,NVK,49800.00,F-046136,,70054,Autolease Vendra d.o.o.,TBER
51007623,1,2025-06-09,2025-06-02,2025/06,RE,3300,C,9360.00,NVK,9360.00,INV-2025-25701,,70055,,TBER
51007625,1,2025-06-09,2025-06-02,2025/06,RE,3300,C,99228.61,NVK,99228.61,2025/18161,,70057,Konsalt Ribar d.o.o.,TBER
50013409,1,2025-06-10,2025-06-10,2025/06,WE,2810,D,1041.40,NVK,1041.40,D-965955,4500217600020,70032,Archive box,WH01
50013409,2,2025-06-10,2025-06-10,2025/06,WE,1410,C,1041.40,NVK,1041.40,D-965955,,70032,Goods receipt 45002176,WH01
50013410,1,2025-06-10,2025-06-09,2025/06,WE,2810,C,156669.36,EUR,13692.48,MSC-DN-494632,4500223100010,79001,Merivent 20 mg tbl 56x,WH02
50013410,2,2025-06-10,2025-06-09,2025/06,WE,2810,C,71354.14,EUR,6236.16,MSC-DN-494632,4500223100020,79001,Meritan 100 mg/5 ml susp 100,WH02
50013410,3,2025-06-10,2025-06-09,2025/06,WE,1400,D,228023.50,EUR,0.00,MSC-DN-494632,,79001,Goods receipt 45002231,WH02
51007626,1,2025-06-11,2025-06-09,2025/06,RE,3300,C,166157.21,NVK,166157.21,INV-2025-24131,,70011,Kartonaza Velmir d.o.o.,TBER
51007626,2,2025-06-11,2025-06-09,2025/06,RE,2810,D,49121.10,NVK,49121.10,INV-2025-24131,4500225200010,70011,Shipping carton 600x400x300,TBER
51007626,3,2025-06-11,2025-06-09,2025/06,RE,2810,D,89343.24,NVK,89343.24,INV-2025-24131,4500225200020,70011,Pallet box heavy duty,TBER
50013412,1,2025-06-12,2025-06-10,2025/06,WE,2810,C,1898145.42,EUR,165892.80,MSC-DN-481744,4500222400010,79001,Merizol 10 mg tbl 28x,WH01
50013412,2,2025-06-12,2025-06-10,2025/06,WE,2810,C,1717607.13,EUR,150114.24,MSC-DN-481744,4500222400020,79001,Meriflux 10 mg tbl 28x,WH01
50013412,3,2025-06-12,2025-06-10,2025/06,WE,2810,C,164792.26,EUR,14402.40,MSC-DN-481744,4500222400030,79001,Merilip crm 30 g,WH01
50013412,4,2025-06-12,2025-06-10,2025/06,WE,2810,C,189438.33,EUR,16556.40,MSC-DN-481744,4500222400040,79001,Meriderm 100 mg/5 ml susp 10,WH01
50013412,5,2025-06-12,2025-06-10,2025/06,WE,1400,D,3969983.14,EUR,0.00,MSC-DN-481744,,79001,Goods receipt 45002224,WH01
50013413,1,2025-06-12,2025-06-12,2025/06,WE,2810,C,5270.00,NVK,5270.00,LS886721,4500225500010,70031,Copy paper A4 80 g,WH02
50013413,2,2025-06-12,2025-06-12,2025/06,WE,2810,C,6765.98,NVK,6765.98,LS886721,4500225500020,70031,Envelopes C4,WH02
50013413,3,2025-06-12,2025-06-12,2025/06,WE,1410,D,12035.98,NVK,12035.98,LS886721,,70031,Goods receipt 45002255,WH02
51007627,1,2025-06-12,2025-06-05,2025/06,RE,3300,C,31337.93,NVK,31337.93,0007325,,70033,Toner Servis Plavic d.o.,TBER
51007627,2,2025-06-12,2025-06-05,2025/06,RE,2810,D,9554.94,NVK,9554.94,0007325,4500223400010,70033,Toner cartridge black,TBER
51007627,3,2025-06-12,2025-06-05,2025/06,RE,2810,D,16560.00,NVK,16560.00,0007325,4500223400020,70033,Toner cartridge colour set,TBER
50013415,1,2025-06-16,2025-06-13,2025/06,WE,2810,C,298751.54,EUR,26110.08,MSC-DN-482106,4500220200010,79001,Meripain 5 mg tbl 28x,WH02
50013415,2,2025-06-16,2025-06-13,2025/06,WE,2810,C,188919.32,EUR,16511.04,MSC-DN-482106,4500220200020,79001,Merinor 250 mg inj 5 amp,WH02
50013415,3,2025-06-16,2025-06-13,2025/06,WE,2810,C,471304.22,EUR,41190.72,MSC-DN-482106,4500220200030,79001,Meriflux 5 mg tbl 28x,WH02
50013415,4,2025-06-16,2025-06-13,2025/06,WE,2810,C,1134065.13,EUR,99114.24,MSC-DN-482106,4500220200040,79001,Meripain 20 mg tbl 56x,WH02
50013415,5,2025-06-16,2025-06-13,2025/06,WE,1400,D,2093040.21,EUR,0.00,MSC-DN-482106,,79001,,WH02
50013418,1,2025-06-16,2025-06-12,2025/06,WE,2810,C,49942.20,NVK,49942.20,DN107679,4500224600010,70041,Pallet collar,WH01
50013418,2,2025-06-16,2025-06-12,2025/06,WE,2810,C,75660.00,NVK,75660.00,DN107679,4500224600020,70041,EUR pallet new,WH01
50013418,3,2025-06-16,2025-06-12,2025/06,WE,1410,D,125602.20,NVK,125602.20,DN107679,,70041,Goods receipt 45002246,WH01
50013420,1,2025-06-16,2025-06-13,2025/06,WE,2810,C,8505.00,NVK,8505.00,D-537585,4500224700010,70034,Desk organiser set,WH01
50013420,2,2025-06-16,2025-06-13,2025/06,WE,2810,C,2619.90,NVK,2619.90,D-537585,4500224700020,70034,Whiteboard markers,WH01
50013420,3,2025-06-16,2025-06-13,2025/06,WE,1410,D,11124.90,NVK,11124.90,D-537585,,70034,Goods receipt 45002247,WH01
50013421,1,2025-06-16,2025-06-16,2025/06,WE,2810,C,63960.00,NVK,63960.00,D-555357,4500226000010,70013,Label thermal 100x60,WH01
50013421,2,2025-06-16,2025-06-16,2025/06,WE,1410,D,63960.00,NVK,63960.00,D-555357,,70013,Goods receipt 45002260,WH01
51007628,1,2025-06-16,2025-06-11,2025/06,RE,3350,C,4127676.79,EUR,360747.84,MSC90053841,,79001,Meridia Supply Chain B.V,TBER
51007628,2,2025-06-16,2025-06-11,2025/06,RE,2810,D,236206.82,EUR,20643.84,MSC90053841,4500223700010,79001,Meritan 100 mg/5 ml susp 100,TBER
51007628,3,2025-06-16,2025-06-11,2025/06,RE,2810,D,1618539.55,EUR,141456.00,MSC90053841,4500223700020,79001,Mericard 5 mg tbl 28x,TBER
51007628,4,2025-06-16,2025-06-11,2025/06,RE,2810,D,774394.56,EUR,67680.00,MSC90053841,4500223700030,79001,Merizol 20 mg tbl 56x,TBER
51007628,5,2025-06-16,2025-06-11,2025/06,RE,2810,D,1498535.86,EUR,130968.00,MSC90053841,4500223700040,79001,Merizol 10 mg tbl 28x,TBER
51007629,1,2025-06-16,2025-06-11,2025/06,RE,3300,C,21096.00,NVK,21096.00,0007364,,70033,Toner Servis Plavic d.o.,JKOV
51007629,2,2025-06-16,2025-06-11,2025/06,RE,2810,D,6540.00,NVK,6540.00,0007364,4500224900010,70033,Toner cartridge black,JKOV
51007629,3,2025-06-16,2025-06-11,2025/06,RE,2810,D,11040.00,NVK,11040.00,0007364,4500224900020,70033,Toner cartridge colour set,JKOV
51007631,1,2025-06-16,2025-06-09,2025/06,RE,3300,C,21857.65,NVK,21857.65,2025/55625,,70052,Energija Norvania d.d.,TBER
50013424,1,2025-06-17,2025-06-16,2025/06,WE,2810,C,21150.00,NVK,21150.00,LS538989,4500225300010,70021,Sample vials 2 ml,WH01
50013424,2,2025-06-17,2025-06-16,2025/06,WE,2810,C,616.90,NVK,616.90,LS538989,4500225300020,70021,Nitrile gloves M,WH01
50013424,3,2025-06-17,2025-06-16,2025/06,WE,2810,C,8820.00,NVK,8820.00,LS538989,4500225300030,70021,Pipette tips 200 ul,WH01
50013424,4,2025-06-17,2025-06-16,2025/06,WE,1410,D,30586.90,NVK,30586.90,LS538989,,70021,Goods receipt 45002253,WH01
50013425,1,2025-06-17,2025-06-16,2025/06,WE,2810,C,3520.44,NVK,3520.44,LS927688,4500226200010,70034,Desk organiser set,WH02
50013425,2,2025-06-17,2025-06-16,2025/06,WE,1410,D,3520.44,NVK,3520.44,LS927688,,70034,Goods receipt 45002262,WH02
50013427,1,2025-06-17,2025-06-16,2025/06,WE,2810,C,3619.74,NVK,3619.74,OT748439,4500226600010,70043,Transport seal numbered,WH01
50013427,2,2025-06-17,2025-06-16,2025/06,WE,2810,C,190750.00,NVK,190750.00,OT748439,4500226600020,70043,Cool container liner,WH01
50013427,3,2025-06-17,2025-06-16,2025/06,WE,1410,D,194369.74,NVK,194369.74,OT748439,,70043,Goods receipt 45002266,WH01
51007632,1,2025-06-18,2025-06-13,2025/06,RE,3350,C,111496.34,EUR,9744.48,MSC90053851,,79001,Meridia Supply Chain B.V,TBER
51007632,2,2025-06-18,2025-06-13,2025/06,RE,2810,D,85562.36,EUR,7477.92,MSC90053851,4500225900010,79001,Meriflux 20 mg tbl 56x,TBER
51007632,3,2025-06-18,2025-06-13,2025/06,RE,2810,D,25933.98,EUR,2266.56,MSC90053851,4500225900030,79001,Merinor inhal 120 dos,TBER
51007634,1,2025-06-18,2025-06-14,2025/06,RE,3300,C,12672.00,NVK,12672.00,INV-2025-33438,,70034,Uredska Oprema Hrist d.o,MHAL
51007634,2,2025-06-18,2025-06-14,2025/06,RE,2810,D,6300.00,NVK,6300.00,INV-2025-33438,4500227000010,70034,,MHAL
51007634,3,2025-06-18,2025-06-14,2025/06,RE,2810,D,4260.00,NVK,4260.00,INV-2025-33438,4500227000020,70034,Whiteboard markers,MHAL
51007635,1,2025-06-19,2025-06-16,2025/06,RE,3300,C,32179.52,NVK,32179.52,2025/59265,,70062,Kadri Plus Dorvan d.o.o.,TBER
51007636,1,2025-06-19,2025-06-17,2025/06,RE,3300,C,35761.04,NVK,35761.04,R/43613/25,,70066,,TBER
51007637,1,2025-06-19,2025-06-16,2025/06,RE,3300,C,77045.86,NVK,77045.86,F-049885,,70068,Zavarovalnica Tirna d.d.,TBER
51007639,1,2025-06-23,2025-06-17,2025/06,KG,3300,D,5664.00,NVK,5664.00,INV-2025-57706,,70016,Ambalaza Krestov d.d.,TBER
51007639,2,2025-06-23,2025-06-17,2025/06,KG,2810,C,4720.00,NVK,4720.00,INV-2025-57706,4500219600010,70016,,TBER
51007640,1,2025-06-23,2025-06-19,2025/06,RE,3350,C,200962.25,EUR,17563.56,MSC90053896,,79001,Meridia Supply Chain B.V,TBER
51007640,2,2025-06-23,2025-06-19,2025/06,RE,2810,D,135711.27,EUR,11860.80,MSC90053896,4500223800010,79001,,TBER
51007640,3,2025-06-23,2025-06-19,2025/06,RE,2810,D,65250.98,EUR,5702.76,MSC90053896,4500223800020,79001,Meriderm 100 mg/5 ml susp 10,TBER
51007641,1,2025-06-23,2025-06-18,2025/06,RE,3300,C,36704.28,NVK,36704.28,R/59887/25,,70021,Labtek Soran d.o.o.,TBER
51007641,2,2025-06-23,2025-06-18,2025/06,RE,2810,D,21150.00,NVK,21150.00,R/59887/25,4500225300010,70021,Sample vials 2 ml,TBER
51007641,3,2025-06-23,2025-06-18,2025/06,RE,2810,D,616.90,NVK,616.90,R/59887/25,4500225300020,70021,Nitrile gloves M,TBER
51007641,4,2025-06-23,2025-06-18,2025/06,RE,2810,D,8820.00,NVK,8820.00,R/59887/25,4500225300030,70021,Pipette tips 200 ul,TBER
51007642,1,2025-06-23,2025-06-18,2025/06,RE,3300,C,14443.18,NVK,14443.18,2025/26023,,70031,Papirnica Osrek d.o.o.,TBER
51007642,2,2025-06-23,2025-06-18,2025/06,RE,2810,D,5270.00,NVK,5270.00,2025/26023,4500225500010,70031,Copy paper A4 80 g,TBER
51007642,3,2025-06-23,2025-06-18,2025/06,RE,2810,D,6765.98,NVK,6765.98,2025/26023,4500225500020,70031,Envelopes C4,TBER
51007643,1,2025-06-23,2025-06-18,2025/06,RE,3300,C,81502.51,NVK,81502.51,F-020428,,70058,Revizija Holmek d.o.o.,MHAL
51007644,1,2025-06-23,2025-06-18,2025/06,RE,3300,C,6649.51,NVK,6649.51,0023276,,70064,Prevodi Semra s.p.,TBER
50013429,1,2025-06-24,2025-06-23,2025/06,WE,2810,C,236206.82,EUR,20643.84,MSC-DN-492269,4500223700010,79001,Meritan 100 mg/5 ml susp 100,WH01
50013429,2,2025-06-24,2025-06-23,2025/06,WE,2810,C,1618539.55,EUR,141456.00,MSC-DN-492269,4500223700020,79001,Mericard 5 mg tbl 28x,WH01
50013429,3,2025-06-24,2025-06-23,2025/06,WE,2810,C,774394.56,EUR,67680.00,MSC-DN-492269,4500223700030,79001,Merizol 20 mg tbl 56x,WH01
50013429,4,2025-06-24,2025-06-23,2025/06,WE,2810,C,1498535.86,EUR,130968.00,MSC-DN-492269,4500223700040,79001,Merizol 10 mg tbl 28x,WH01
50013429,5,2025-06-24,2025-06-23,2025/06,WE,1400,D,4127676.79,EUR,0.00,MSC-DN-492269,,79001,Goods receipt 45002237,WH01
51007645,1,2025-06-24,2025-06-22,2025/06,RE,3350,C,650253.89,EUR,56830.44,MSC90053913,,79001,Meridia Supply Chain B.V,TBER
51007645,2,2025-06-24,2025-06-22,2025/06,RE,2810,D,41290.06,EUR,3608.64,MSC90053913,4500226500010,79001,Merigast inhal 120 dos,TBER
51007645,3,2025-06-24,2025-06-22,2025/06,RE,2810,D,608963.84,EUR,53221.80,MSC90053913,4500226500020,79001,Merilip 250 mg inj 5 amp,TBER
51007647,1,2025-06-24,2025-06-20,2025/06,RE,3300,C,73800.00,NVK,73800.00,2025/38237,,70013,Etiketa Sorvin d.o.o.,MHAL
51007647,2,2025-06-24,2025-06-20,2025/06,RE,2810,D,61500.00,NVK,61500.00,2025/38237,4500226000010,70013,,MHAL
50013431,1,2025-06-25,2025-06-23,2025/06,WE,2810,C,5446.12,NVK,5446.12,OT336472,4500225800010,70034,Desk organiser set,WH01
50013431,2,2025-06-25,2025-06-23,2025/06,WE,2810,C,4675.84,NVK,4675.84,OT336472,4500225800020,70034,Whiteboard markers,WH01
50013431,3,2025-06-25,2025-06-23,2025/06,WE,1410,D,10121.96,NVK,10121.96,OT336472,,70034,Goods receipt 45002258,WH01
51007648,1,2025-06-25,2025-06-18,2025/06,RE,3300,C,150722.64,NVK,150722.64,R/32053/25,,70041,Paleta Drovnik d.o.o.,JKOV
51007648,2,2025-06-25,2025-06-18,2025/06,RE,2810,D,49942.20,NVK,49942.20,R/32053/25,4500224600010,70041,Pallet collar,JKOV
51007648,3,2025-06-25,2025-06-18,2025/06,RE,2810,D,75660.00,NVK,75660.00,R/32053/25,4500224600020,70041,EUR pallet new,JKOV
51007649,1,2025-06-25,2025-06-19,2025/06,RE,3300,C,13349.88,NVK,13349.88,INV-2025-33470,,70034,Uredska Oprema Hrist d.o,TBER
51007649,2,2025-06-25,2025-06-19,2025/06,RE,2810,D,8505.00,NVK,8505.00,INV-2025-33470,4500224700010,70034,,TBER
51007649,3,2025-06-25,2025-06-19,2025/06,RE,2810,D,2619.90,NVK,2619.90,INV-2025-33470,4500224700020,70034,Whiteboard markers,TBER
50013433,1,2025-06-26,2025-06-26,2025/06,WE,2810,D,2760.00,NVK,2760.00,D-193848,4500224900020,70033,Toner cartridge colour set,WH02
50013433,2,2025-06-26,2025-06-26,2025/06,WE,1410,C,2760.00,NVK,2760.00,D-193848,,70033,Goods receipt 45002249,WH02
50013436,1,2025-06-26,2025-06-26,2025/06,WE,2810,D,2081.84,NVK,2081.84,LS886721,4500225500020,70031,Envelopes C4,WH02
50013436,2,2025-06-26,2025-06-26,2025/06,WE,1410,C,2081.84,NVK,2081.84,LS886721,,70031,Goods receipt 45002255,WH02
51007650,1,2025-06-26,2025-06-22,2025/06,RE,3300,C,4224.53,NVK,4224.53,INV-2025-33488,,70034,,TBER
51007650,2,2025-06-26,2025-06-22,2025/06,RE,2810,D,3520.44,NVK,3520.44,INV-2025-33488,4500226200010,70034,Desk organiser set,TBER
51007651,1,2025-06-26,2025-06-24,2025/06,RE,3300,C,233243.69,NVK,233243.69,F-014591,,70043,Termo Log Savrin d.o.o.,TBER
51007651,2,2025-06-26,2025-06-24,2025/06,RE,2810,D,3619.74,NVK,3619.74,F-014591,4500226600010,70043,Transport seal numbered,TBER
51007651,3,2025-06-26,2025-06-24,2025/06,RE,2810,D,190750.00,NVK,190750.00,F-014591,4500226600020,70043,Cool container liner,TBER
50013437,1,2025-06-27,2025-06-27,2025/06,WE,2810,C,830.64,NVK,830.64,DN540468,4500226800010,70032,Archive box,WH02
50013437,2,2025-06-27,2025-06-27,2025/06,WE,2810,C,5885.00,NVK,5885.00,DN540468,4500226800020,70032,Ring binder A4,WH02
50013437,3,2025-06-27,2025-06-27,2025/06,WE,1410,D,6715.64,NVK,6715.64,DN540468,,70032,Goods receipt 45002268,WH02
51007652,1,2025-06-27,2025-06-21,2025/06,KG,3300,D,1249.68,NVK,1249.68,F-038550,,70032,Biro Dalven d.o.o.,TBER
51007652,2,2025-06-27,2025-06-21,2025/06,KG,2810,C,1041.40,NVK,1041.40,F-038550,4500217600020,70032,Archive box,TBER
50013438,1,2025-06-30,2025-06-30,2025/06,WE,2810,C,135711.27,EUR,11860.80,MSC-DN-420529,4500223800010,79001,Merilip crm 30 g,WH01
50013438,2,2025-06-30,2025-06-30,2025/06,WE,2810,C,65250.98,EUR,5702.76,MSC-DN-420529,4500223800020,79001,Meriderm 100 mg/5 ml susp 10,WH01
50013438,3,2025-06-30,2025-06-30,2025/06,WE,1400,D,200962.25,EUR,0.00,MSC-DN-420529,,79001,Goods receipt 45002238,WH01
50013440,1,2025-06-30,2025-06-26,2025/06,WE,2810,C,159926.21,EUR,13977.12,MSC-DN-495293,4500224000020,79001,Merinor inhal 120 dos,WH01
50013440,2,2025-06-30,2025-06-26,2025/06,WE,1400,D,159926.21,EUR,0.00,MSC-DN-495293,,79001,Goods receipt 45002240,WH01
50013441,1,2025-06-30,2025-06-30,2025/06,WE,2810,C,85562.36,EUR,7477.92,MSC-DN-493243,4500225900010,79001,Meriflux 20 mg tbl 56x,WH01
50013441,2,2025-06-30,2025-06-30,2025/06,WE,2810,C,25933.98,EUR,2266.56,MSC-DN-493243,4500225900030,79001,Merinor inhal 120 dos,WH01
50013441,3,2025-06-30,2025-06-30,2025/06,WE,1400,D,111496.34,EUR,0.00,MSC-DN-493243,,79001,Goods receipt 45002259,WH01
50013444,1,2025-06-30,2025-06-30,2025/06,WE,2810,D,1280.16,NVK,1280.16,LS927688,4500226200010,70034,Desk organiser set,WH02
50013444,2,2025-06-30,2025-06-30,2025/06,WE,1410,C,1280.16,NVK,1280.16,LS927688,,70034,Goods receipt 45002262,WH02
50013446,1,2025-06-30,2025-06-30,2025/06,WE,2810,C,12647.40,NVK,12647.40,D-233121,4500228000010,70045,Logger docking station,WH02
50013446,2,2025-06-30,2025-06-30,2025/06,WE,2810,C,31290.00,NVK,31290.00,D-233121,4500228000020,70045,Temperature data logger,WH02
50013446,3,2025-06-30,2025-06-30,2025/06,WE,2810,C,16164.18,NVK,16164.18,D-233121,4500228000030,70045,Humidity indicator card,WH02
50013446,4,2025-06-30,2025-06-30,2025/06,WE,1410,D,60101.58,NVK,60101.58,D-233121,,70045,Goods receipt 45002280,WH02
50013447,1,2025-06-30,2025-06-30,2025/06,WE,2810,C,31320.00,NVK,31320.00,OT228477,4500229100010,70022,Reference standard kit,WH02
50013447,2,2025-06-30,2025-06-30,2025/06,WE,2810,C,38098.76,NVK,38098.76,OT228477,4500229100020,70022,Solvent HPLC grade 2.5 l,WH02
50013447,3,2025-06-30,2025-06-30,2025/06,WE,1410,D,69418.76,NVK,69418.76,OT228477,,70022,Goods receipt 45002291,WH02
10000896,1,2025-06-30,2025-06-30,2025/06,SA,1410,D,2460.00,NVK,2460.00,,4500226000010,70013,Clear. GR/IR,JKOV
10000896,2,2025-06-30,2025-06-30,2025/06,SA,5890,C,2460.00,NVK,2460.00,,4500226000010,,Clear. GR/IR,JKOV
10000903,1,2025-06-30,2025-06-30,2025/06,SA,2810,C,41290.06,NVK,41290.06,,4500226500010,79001,Goods in transit group,JKOV
10000903,2,2025-06-30,2025-06-30,2025/06,SA,2810,C,608963.84,NVK,608963.84,,4500226500020,79001,Goods in transit group,JKOV
10000903,3,2025-06-30,2025-06-30,2025/06,SA,1450,D,650253.90,NVK,650253.90,,,,Goods in transit group,JKOV
J25-0001,1,2025-07-01,2025-07-01,2025/07,SA,2810,D,41290.06,NVK,41290.06,10000903,45002265/10,79001,Rev. goods in transit group,JKOV
J25-0001,2,2025-07-01,2025-07-01,2025/07,SA,2810,D,608963.84,NVK,608963.84,10000903,45002265/20,79001,Rev. goods in transit group,JKOV
J25-0001,3,2025-07-01,2025-07-01,2025/07,SA,1450,C,650253.90,NVK,650253.90,10000903,,,Rev. goods in transit group,JKOV
W25-00003,1,2025-07-01,2025-07-01,2025/07,WE,2810,C,43065.00,NVK,43065.00,LS839678,45002288/10,70015,,WH01
W25-00003,2,2025-07-01,2025-07-01,2025/07,WE,1410,D,43065.00,NVK,43065.00,LS839678,,70015,Goods receipt 45002288,WH01
E25-00002,1,2025-07-01,2025-06-30,2025/07,RE,3300,C,179906.34,NVK,179906.34,F-014274,,70063,Kongres Servis Lipan d.o,MHAL
W25-00004,1,2025-07-02,2025-07-02,2025/07,WE,2810,D,1890.00,NVK,1890.00,D-537585,45002247/10,70034,Desk organiser set,WH01
W25-00004,2,2025-07-02,2025-07-02,2025/07,WE,1410,C,1890.00,NVK,1890.00,D-537585,,70034,,WH01
E25-00004,1,2025-07-02,2025-06-26,2025/07,RE,3300,C,17847.40,NVK,17847.40,0043621,,70059,Odvetniki Strelan in par,TBER
W25-00006,1,2025-07-03,2025-06-30,2025/07,WE,2810,C,96600.00,NVK,96600.00,LS647635,45002273/10,70011,Shipping carton 600x400x300,WH01
W25-00006,2,2025-07-03,2025-06-30,2025/07,WE,2810,C,25736.04,NVK,25736.04,LS647635,45002273/20,70011,Carton divider set,WH01
W25-00006,3,2025-07-03,2025-06-30,2025/07,WE,1410,D,122336.04,NVK,122336.04,LS647635,,70011,Goods receipt 45002273,WH01
E25-00006,1,2025-07-03,2025-06-29,2025/07,RE,3300,C,8058.77,NVK,8058.77,F-038608,,70032,Biro Dalven d.o.o.,TBER
E25-00006,2,2025-07-03,2025-06-29,2025/07,RE,2810,D,830.64,NVK,830.64,F-038608,45002268/10,70032,Archive box,TBER
E25-00006,3,2025-07-03,2025-06-29,2025/07,RE,2810,D,5885.00,NVK,5885.00,F-038608,45002268/20,70032,Ring binder A4,TBER
E25-00007,1,2025-07-04,2025-06-30,2025/07,RE,3300,C,59899.44,NVK,59899.44,F-014271,,70063,Kongres Servis Lipan d.o,TBER
W25-00009,1,2025-07-07,2025-07-07,2025/07,WE,2815,C,41468.69,EUR,3608.64,MSC-DN-474890,45002265/10,79001,Merigast inhal 120 dos,WH01
W25-00009,2,2025-07-07,2025-07-07,2025/07,WE,2815,D,178.63,EUR,0.00,MSC-DN-474890,45002265/10,79001,Diff. GR/IR,BATCH
W25-00009,3,2025-07-07,2025-07-07,2025/07,WE,2815,C,611598.31,EUR,53221.80,MSC-DN-474890,45002265/20,79001,Merilip 250 mg inj 5 amp,WH01
W25-00009,4,2025-07-07,2025-07-07,2025/07,WE,2815,D,2634.47,EUR,0.00,MSC-DN-474890,45002265/20,79001,Diff. GR/IR,BATCH
W25-00009,5,2025-07-07,2025-07-07,2025/07,WE,1400,D,653067.00,EUR,0.00,MSC-DN-474890,,79001,Goods receipt 45002265,WH01
W25-00009,6,2025-07-07,2025-07-07,2025/07,WE,6950,C,2813.10,EUR,0.00,MSC-DN-474890,,79001,Diff. GR/IR,BATCH
W25-00011,1,2025-07-07,2025-07-04,2025/07,WE,2810,C,51882.94,NVK,51882.94,LS807388,45002266/10,70043,,WH02
W25-00011,2,2025-07-07,2025-07-04,2025/07,WE,2810,C,35970.00,NVK,35970.00,LS807388,45002266/20,70043,Cool container liner,WH02
W25-00011,3,2025-07-07,2025-07-04,2025/07,WE,1410,D,87852.94,NVK,87852.94,LS807388,,70043,Goods receipt 45002266,WH02
W25-00014,1,2025-07-07,2025-07-04,2025/07,WE,2810,C,24687.88,EUR,2148.36,OT893928,45002276/20,70024,Glass burette 50 ml,WH02
W25-00014,2,2025-07-07,2025-07-04,2025/07,WE,1410,D,24687.88,EUR,0.00,OT893928,,70024,Goods receipt 45002276,WH02
W25-00015,1,2025-07-07,2025-07-07,2025/07,WE,2810,C,8560.00,NVK,8560.00,LS716217,45002279/10,70045,Logger docking station,WH01
W25-00015,2,2025-07-07,2025-07-07,2025/07,WE,1410,D,8560.00,NVK,8560.00,LS716217,,70045,Goods receipt 45002279,WH01
W25-00017,1,2025-07-07,2025-07-07,2025/07,WE,2810,D,8560.00,NVK,8560.00,LS716217,45002279/10,70045,,WH01
W25-00017,2,2025-07-07,2025-07-07,2025/07,WE,1410,C,8560.00,NVK,8560.00,LS716217,,70045,Goods receipt 45002279,WH01
W25-00020,1,2025-07-07,2025-07-07,2025/07,WE,2810,C,4280.00,NVK,4280.00,LS716217,45002279/10,70045,Logger docking station,WH01
W25-00020,2,2025-07-07,2025-07-07,2025/07,WE,1410,D,4280.00,NVK,4280.00,LS716217,,70045,Goods receipt 45002279,WH01
W25-00021,1,2025-07-07,2025-07-02,2025/07,WE,2810,C,19676.80,NVK,19676.80,OT104099,45002282/10,70013,Label serialisation blank 50,WH02
W25-00021,2,2025-07-07,2025-07-02,2025/07,WE,2810,C,10368.00,NVK,10368.00,OT104099,45002282/20,70013,Label cold-chain warning,WH02
W25-00021,3,2025-07-07,2025-07-02,2025/07,WE,2810,C,58179.00,NVK,58179.00,OT104099,45002282/30,70013,Label thermal 100x60,WH02
W25-00021,4,2025-07-07,2025-07-02,2025/07,WE,1410,D,88223.80,NVK,88223.80,OT104099,,70013,Goods receipt 45002282,WH02
W25-00022,1,2025-07-07,2025-07-07,2025/07,WE,2810,C,30337.56,EUR,2640.00,D-122032,P25-0006/10,70025,Calibration weight set,WH02
W25-00022,2,2025-07-07,2025-07-07,2025/07,WE,2810,C,86895.85,EUR,7561.75,D-122032,P25-0006/20,70025,Analytical balance module,WH02
W25-00022,3,2025-07-07,2025-07-07,2025/07,WE,1410,D,117233.41,EUR,0.00,D-122032,,70025,Goods receipt P25-0006,WH02
E25-00008,1,2025-07-07,2025-06-30,2025/07,RE,3300,C,12146.35,NVK,12146.35,INV-2025-33550,,70034,Uredska Oprema Hrist d.o,TBER
E25-00008,2,2025-07-07,2025-06-30,2025/07,RE,2810,D,5446.12,NVK,5446.12,INV-2025-33550,45002258/10,70034,,TBER
E25-00008,3,2025-07-07,2025-06-30,2025/07,RE,2810,D,4675.84,NVK,4675.84,INV-2025-33550,45002258/20,70034,Whiteboard markers,TBER
E25-00010,1,2025-07-07,2025-07-03,2025/07,RE,3300,C,72121.90,NVK,72121.90,INV-2025-11082,,70045,Senzor Tehnika Olvar d.o,TBER
E25-00010,2,2025-07-07,2025-07-03,2025/07,RE,2810,D,12647.40,NVK,12647.40,INV-2025-11082,45002280/10,70045,Logger docking station,TBER
E25-00010,3,2025-07-07,2025-07-03,2025/07,RE,2810,D,31290.00,NVK,31290.00,INV-2025-11082,45002280/20,70045,Temperature data logger,TBER
E25-00010,4,2025-07-07,2025-07-03,2025/07,RE,2810,D,16164.18,NVK,16164.18,INV-2025-11082,45002280/30,70045,,TBER
E25-00012,1,2025-07-07,2025-07-02,2025/07,RE,3300,C,106863.89,NVK,106863.89,2025/38321,,70013,Etiketa Sorvin d.o.o.,TBER
E25-00012,2,2025-07-07,2025-07-02,2025/07,RE,2810,D,19676.80,NVK,19676.80,2025/38321,45002282/10,70013,Label serialisation blank 50,TBER
E25-00012,3,2025-07-07,2025-07-02,2025/07,RE,2810,D,11197.44,NVK,11197.44,2025/38321,45002282/20,70013,Label cold-chain warning,TBER
E25-00012,4,2025-07-07,2025-07-02,2025/07,RE,2810,C,829.44,NVK,0.00,2025/38321,45002282/20,70013,Diff. GR/IR,BATCH
E25-00012,5,2025-07-07,2025-07-02,2025/07,RE,2810,D,58179.00,NVK,58179.00,2025/38321,45002282/30,70013,Label thermal 100x60,TBER
E25-00012,6,2025-07-07,2025-07-02,2025/07,RE,5890,D,829.44,NVK,0.00,2025/38321,,70013,Diff. GR/IR,BATCH
E25-00014,1,2025-07-07,2025-07-05,2025/07,RE,3300,C,51678.00,NVK,51678.00,0014922,,70015,Folia Trand d.o.o.,TBER
E25-00014,2,2025-07-07,2025-07-05,2025/07,RE,2810,D,43065.00,NVK,43065.00,0014922,45002288/10,70015,Shrink hood pallet,TBER
E25-00015,1,2025-07-07,2025-07-03,2025/07,RE,3300,C,21443.21,NVK,21443.21,2025/55791,,70052,Energija Norvania d.d.,TBER
W25-00024,1,2025-07-08,2025-07-07,2025/07,WE,2810,C,14329.50,NVK,14329.50,OT837175,45002286/10,70013,Label thermal 100x60,WH02
W25-00024,2,2025-07-08,2025-07-07,2025/07,WE,2810,C,16546.40,NVK,16546.40,OT837175,45002286/20,70013,Label serialisation blank 50,WH02
W25-00024,3,2025-07-08,2025-07-07,2025/07,WE,2810,C,21213.36,NVK,21213.36,OT837175,45002286/30,70013,Label cold-chain warning,WH02
W25-00024,4,2025-07-08,2025-07-07,2025/07,WE,1410,D,52089.26,NVK,52089.26,OT837175,,70013,Goods receipt 45002286,WH02
W25-00026,1,2025-07-08,2025-07-07,2025/07,WE,2810,D,30337.56,EUR,2640.00,D-122032,P25-0006/10,70025,Calibration weight set,WH02
W25-00026,2,2025-07-08,2025-07-07,2025/07,WE,2810,D,86895.85,EUR,7561.75,D-122032,P25-0006/20,70025,Analytical balance module,WH02
W25-00026,3,2025-07-08,2025-07-07,2025/07,WE,1410,C,117233.41,EUR,0.00,D-122032,,70025,Goods receipt P25-0006,WH02
W25-00029,1,2025-07-08,2025-07-07,2025/07,WE,2810,C,60675.12,EUR,5280.00,D-122032,P25-0006/10,70025,Calibration weight set,WH02
W25-00029,2,2025-07-08,2025-07-07,2025/07,WE,2810,C,86895.85,EUR,7561.75,D-122032,P25-0006/20,70025,Analytical balance module,WH02
W25-00029,3,2025-07-08,2025-07-07,2025/07,WE,1410,D,147570.97,EUR,0.00,D-122032,,70025,Goods receipt P25-0006,WH02
E25-00017,1,2025-07-08,2025-07-01,2025/07,RE,3300,C,146803.25,NVK,146803.25,INV-2025-24285,,70011,Kartonaza Velmir d.o.o.,TBER
E25-00017,2,2025-07-08,2025-07-01,2025/07,RE,2810,D,96600.00,NVK,96600.00,INV-2025-24285,45002273/10,70011,Shipping carton 600x400x300,TBER
E25-00017,3,2025-07-08,2025-07-01,2025/07,RE,2810,D,25736.04,NVK,25736.04,INV-2025-24285,45002273/20,70011,Carton divider set,TBER
E25-00018,1,2025-07-08,2025-07-05,2025/07,RE,3300,C,7891.92,NVK,7891.92,0061571,,70053,Norvatel d.d.,MHAL
W25-00031,1,2025-07-09,2025-07-09,2025/07,WE,2810,C,4480.56,NVK,4480.56,D-473419,45002262/10,70034,Desk organiser set,WH01
W25-00031,2,2025-07-09,2025-07-09,2025/07,WE,1410,D,4480.56,NVK,4480.56,D-473419,,70034,Goods receipt 45002262,WH01
E25-00019,1,2025-07-09,2025-07-05,2025/07,RE,3350,C,51215.32,EUR,4456.80,MSC90054003,,79001,Meridia Supply Chain B.V,TBER
E25-00019,2,2025-07-09,2025-07-05,2025/07,RE,2815,D,38192.23,EUR,3323.52,MSC90054003,45002259/10,79001,Meriflux 20 mg tbl 56x,TBER
E25-00019,3,2025-07-09,2025-07-05,2025/07,RE,2815,C,113.89,EUR,0.00,MSC90054003,45002259/10,79001,Diff. GR/IR,BATCH
E25-00019,4,2025-07-09,2025-07-05,2025/07,RE,2815,D,13023.09,EUR,1133.28,MSC90054003,45002259/30,79001,Merinor inhal 120 dos,TBER
E25-00019,5,2025-07-09,2025-07-05,2025/07,RE,2815,C,37.40,EUR,0.00,MSC90054003,45002259/30,79001,,BATCH
E25-00019,6,2025-07-09,2025-07-05,2025/07,RE,6950,D,151.29,EUR,0.00,MSC90054003,,79001,Diff. GR/IR,BATCH
E25-00020,1,2025-07-09,2025-07-03,2025/07,RE,3300,C,71071.27,NVK,71071.27,2025/18373,,70057,Konsalt Ribar d.o.o.,TBER
W25-00033,1,2025-07-10,2025-07-10,2025/07,WE,2810,C,32900.00,NVK,32900.00,LS758754,45002253/10,70021,Sample vials 2 ml,WH02
W25-00033,2,2025-07-10,2025-07-10,2025/07,WE,2810,C,10487.30,NVK,10487.30,LS758754,45002253/20,70021,Nitrile gloves M,WH02
W25-00033,3,2025-07-10,2025-07-10,2025/07,WE,2810,C,31360.00,NVK,31360.00,LS758754,45002253/30,70021,Pipette tips 200 ul,WH02
W25-00033,4,2025-07-10,2025-07-10,2025/07,WE,1410,D,74747.30,NVK,74747.30,LS758754,,70021,Goods receipt 45002253,WH02
E25-00021,1,2025-07-10,2025-07-06,2025/07,RE,3350,C,23253.74,EUR,2023.56,MSC90054010,,79001,Meridia Supply Chain B.V,TBER
E25-00021,2,2025-07-10,2025-07-06,2025/07,RE,2815,D,23253.74,EUR,2023.56,MSC90054010,45002238/20,79001,Meriderm 100 mg/5 ml susp 10,TBER
E25-00021,3,2025-07-10,2025-07-06,2025/07,RE,2815,C,73.93,EUR,0.00,MSC90054010,45002238/20,79001,Diff. GR/IR,BATCH
E25-00021,4,2025-07-10,2025-07-06,2025/07,RE,6950,D,73.93,EUR,0.00,MSC90054010,,79001,,BATCH
E25-00022,1,2025-07-10,2025-07-08,2025/07,RE,3350,C,558939.21,EUR,48639.36,MSC90054025,,79001,Meridia Supply Chain B.V,TBER
E25-00022,2,2025-07-10,2025-07-08,2025/07,RE,2815,D,155548.94,EUR,13536.00,MSC90054025,45002240/10,79001,Merizol 20 mg tbl 56x,TBER
E25-00022,3,2025-07-10,2025-07-08,2025/07,RE,2815,D,156277.05,EUR,13599.36,MSC90054025,45002240/20,79001,Merinor inhal 120 dos,TBER
E25-00022,4,2025-07-10,2025-07-08,2025/07,RE,2815,C,673.17,EUR,0.00,MSC90054025,45002240/20,79001,Diff. GR/IR,BATCH
E25-00022,5,2025-07-10,2025-07-08,2025/07,RE,2815,D,247113.22,EUR,21504.00,MSC90054025,45002240/30,79001,Meritan 100 mg/5 ml susp 100,TBER
E25-00022,6,2025-07-10,2025-07-08,2025/07,RE,6950,D,673.17,EUR,0.00,MSC90054025,,79001,Diff. GR/IR,BATCH
E25-00023,1,2025-07-10,2025-07-09,2025/07,RE,3300,C,49800.00,NVK,49800.00,F-046376,,70054,Autolease Vendra d.o.o.,MHAL
E25-00024,1,2025-07-10,2025-07-05,2025/07,RE,3300,C,9360.00,NVK,9360.00,INV-2025-25933,,70055,Cisto Servis Malen d.o.o,TBER
E25-00026,1,2025-07-10,2025-07-09,2025/07,RE,3300,C,115341.41,NVK,115341.41,F-014337,,70063,Kongres Servis Lipan d.o,TBER
E25-00028,1,2025-07-11,2025-07-08,2025/07,RE,3300,C,5136.00,NVK,5136.00,INV-2025-11119,,70045,Senzor Tehnika Olvar d.o,TBER
E25-00028,2,2025-07-11,2025-07-08,2025/07,RE,2810,D,4280.00,NVK,4280.00,INV-2025-11119,45002279/10,70045,Logger docking station,TBER
E25-00029,1,2025-07-11,2025-07-05,2025/07,RE,3300,C,103200.00,NVK,103200.00,R/45427/25,,70051,Nepremicnine Castrum d.o,TBER
E25-00030,1,2025-07-11,2025-07-09,2025/07,RE,3300,C,14880.00,NVK,14880.00,R/19098/25,,70056,Varnost Tregal d.o.o.,JKOV
E25-00031,1,2025-07-14,2025-07-11,2025/07,RE,3350,C,160618.07,EUR,13977.12,MSC90054046,,79001,Meridia Supply Chain B.V,TBER
E25-00031,2,2025-07-14,2025-07-11,2025/07,RE,2815,D,160618.07,EUR,13977.12,MSC90054046,45002240/20,79001,Merinor inhal 120 dos,TBER
E25-00031,3,2025-07-14,2025-07-11,2025/07,RE,2815,C,18.69,EUR,0.00,MSC90054046,45002240/20,79001,Diff. GR/IR,BATCH
E25-00031,4,2025-07-14,2025-07-11,2025/07,RE,6950,D,18.69,EUR,0.00,MSC90054046,,79001,Diff. GR/IR,BATCH
E25-00032,1,2025-07-14,2025-07-06,2025/07,KG,3300,D,1536.19,NVK,1536.19,INV-2025-33590,,70034,Uredska Oprema Hrist d.o,TBER
E25-00032,2,2025-07-14,2025-07-06,2025/07,KG,2810,C,1280.16,NVK,1280.16,INV-2025-33590,45002262/10,70034,Desk organiser set,TBER
E25-00034,1,2025-07-14,2025-07-12,2025/07,KG,3300,D,130.31,NVK,130.31,F-014720,,70043,,MHAL
E25-00034,2,2025-07-14,2025-07-12,2025/07,KG,2810,C,108.59,NVK,108.59,F-014720,45002266/10,70043,,MHAL
E25-00034,3,2025-07-14,2025-07-12,2025/07,KG,2810,D,108.59,NVK,0.00,F-014720,45002266/10,70043,Diff. GR/IR,BATCH
E25-00034,4,2025-07-14,2025-07-12,2025/07,KG,5890,C,108.59,NVK,0.00,F-014720,,70043,Diff. GR/IR,BATCH
E25-00036,1,2025-07-14,2025-07-07,2025/07,RE,3310,C,24687.88,EUR,2148.36,0018515,,70024,Vitrum Laborbedarf Halde,TBER
E25-00036,2,2025-07-14,2025-07-07,2025/07,RE,2810,D,24687.88,EUR,2148.36,0018515,45002276/20,70024,Glass burette 50 ml,TBER
E25-00038,1,2025-07-14,2025-07-07,2025/07,RE,3300,C,83302.51,NVK,83302.51,2025/20117,,70022,Reagens Mivor d.o.o.,TBER
E25-00038,2,2025-07-14,2025-07-07,2025/07,RE,2810,D,31320.00,NVK,31320.00,2025/20117,45002291/10,70022,Reference standard kit,TBER
E25-00038,3,2025-07-14,2025-07-07,2025/07,RE,2810,D,38098.76,NVK,38098.76,2025/20117,45002291/20,70022,,TBER
W25-00035,1,2025-07-15,2025-07-15,2025/07,WE,2810,C,60675.12,EUR,5280.00,D-754215,45002276/10,70024,Volumetric flask set,WH01
W25-00035,2,2025-07-15,2025-07-15,2025/07,WE,2810,C,8229.29,EUR,716.12,D-754215,45002276/20,70024,Glass burette 50 ml,WH01
W25-00035,3,2025-07-15,2025-07-15,2025/07,WE,1410,D,68904.41,EUR,0.00,D-754215,,70024,Goods receipt 45002276,WH01
E25-00039,1,2025-07-15,2025-07-09,2025/07,KG,3300,D,3312.00,NVK,3312.00,0007560,,70033,Toner Servis Plavic d.o.,TBER
E25-00039,2,2025-07-15,2025-07-09,2025/07,KG,2810,C,2760.00,NVK,2760.00,0007560,45002249/20,70033,Toner cartridge colour set,TBER
E25-00041,1,2025-07-15,2025-07-08,2025/07,RE,3300,C,105423.53,NVK,105423.53,F-014688,,70043,Termo Log Savrin d.o.o.,TBER
E25-00041,2,2025-07-15,2025-07-08,2025/07,RE,2810,D,51882.94,NVK,51882.94,F-014688,45002266/10,70043,Transport seal numbered,TBER
E25-00041,3,2025-07-15,2025-07-08,2025/07,RE,2810,D,35970.00,NVK,35970.00,F-014688,45002266/20,70043,Cool container liner,TBER
E25-00043,1,2025-07-15,2025-07-08,2025/07,RE,3300,C,62029.80,NVK,62029.80,2025/38364,,70013,Etiketa Sorvin d.o.o.,TBER
E25-00043,2,2025-07-15,2025-07-08,2025/07,RE,2810,D,14324.58,NVK,14324.58,2025/38364,45002286/10,70013,Label thermal 100x60,TBER
E25-00043,3,2025-07-15,2025-07-08,2025/07,RE,2810,D,16546.40,NVK,16546.40,2025/38364,45002286/20,70013,Label serialisation blank 50,TBER
E25-00043,4,2025-07-15,2025-07-08,2025/07,RE,2810,D,20820.52,NVK,20820.52,2025/38364,45002286/30,70013,Label cold-chain warning,TBER
E25-00044,1,2025-07-16,2025-07-10,2025/07,KG,3300,D,2498.21,NVK,2498.21,2025/26177,,70031,Papirnica Osrek d.o.o.,TBER
E25-00044,2,2025-07-16,2025-07-10,2025/07,KG,2810,C,2081.84,NVK,2081.84,2025/26177,45002255/20,70031,Envelopes C4,TBER
E25-00046,1,2025-07-16,2025-07-13,2025/07,RE,3350,C,712005.99,EUR,61959.36,MSC90054063,,79001,Meridia Supply Chain B.V,JKOV
E25-00046,2,2025-07-16,2025-07-13,2025/07,RE,2815,D,319788.22,EUR,27828.24,MSC90054063,45002274/10,79001,Merilip 100 mg/5 ml susp 100,JKOV
E25-00046,3,2025-07-16,2025-07-13,2025/07,RE,2815,D,392217.77,EUR,34131.12,MSC90054063,45002274/20,79001,Mericard crm 30 g,JKOV
E25-00047,1,2025-07-17,2025-07-12,2025/07,RE,3300,C,5376.67,NVK,5376.67,INV-2025-33629,,70034,Uredska Oprema Hrist d.o,TBER
E25-00047,2,2025-07-17,2025-07-12,2025/07,RE,2810,D,4480.56,NVK,4480.56,INV-2025-33629,45002262/10,70034,Desk organiser set,TBER
W25-00038,1,2025-07-18,2025-07-17,2025/07,WE,2815,C,38192.23,EUR,3323.52,MSC-DN-456601,45002259/10,79001,Meriflux 20 mg tbl 56x,WH01
W25-00038,2,2025-07-18,2025-07-17,2025/07,WE,2815,D,113.89,EUR,0.00,MSC-DN-456601,45002259/10,79001,Diff. GR/IR,BATCH
W25-00038,3,2025-07-18,2025-07-17,2025/07,WE,2815,C,13023.09,EUR,1133.28,MSC-DN-456601,45002259/30,79001,Merinor inhal 120 dos,WH01
W25-00038,4,2025-07-18,2025-07-17,2025/07,WE,2815,D,37.40,EUR,0.00,MSC-DN-456601,45002259/30,79001,Diff. GR/IR,BATCH
W25-00038,5,2025-07-18,2025-07-17,2025/07,WE,1400,D,51215.32,EUR,0.00,MSC-DN-456601,,79001,Goods receipt 45002259,WH01
W25-00038,6,2025-07-18,2025-07-17,2025/07,WE,6950,C,151.29,EUR,0.00,MSC-DN-456601,,79001,Diff. GR/IR,BATCH
W25-00040,1,2025-07-21,2025-07-21,2025/07,WE,2810,D,8910.00,NVK,8910.00,LS839678,45002288/10,70015,Shrink hood pallet,WH01
W25-00040,2,2025-07-21,2025-07-21,2025/07,WE,1410,C,8910.00,NVK,8910.00,LS839678,,70015,Goods receipt 45002288,WH01
W25-00043,1,2025-07-21,2025-07-18,2025/07,WE,2810,C,3712.50,NVK,3712.50,D-811911,P25-0003/10,70015,Shrink hood pallet,WH02
W25-00043,2,2025-07-21,2025-07-18,2025/07,WE,2810,C,20988.00,NVK,20988.00,D-811911,P25-0003/20,70015,,WH02
W25-00043,3,2025-07-21,2025-07-18,2025/07,WE,1410,D,24700.50,NVK,24700.50,D-811911,,70015,,WH02
E25-00048,1,2025-07-21,2025-07-17,2025/07,KG,3300,D,2268.00,NVK,2268.00,INV-2025-33669,,70034,Uredska Oprema Hrist d.o,TBER
E25-00048,2,2025-07-21,2025-07-17,2025/07,KG,2810,C,1890.00,NVK,1890.00,INV-2025-33669,45002247/10,70034,Desk organiser set,TBER
E25-00050,1,2025-07-21,2025-07-15,2025/07,RE,3310,C,149997.97,EUR,13052.95,INV-2025-29562,,70025,Sciomed Instruments Kere,TBER
E25-00050,2,2025-07-21,2025-07-15,2025/07,RE,2810,D,63102.12,EUR,5491.20,INV-2025-29562,P25-0006/10,70025,Calibration weight set,TBER
E25-00050,3,2025-07-21,2025-07-15,2025/07,RE,2810,C,2427.00,EUR,0.00,INV-2025-29562,P25-0006/10,70025,Diff. GR/IR,BATCH
E25-00050,4,2025-07-21,2025-07-15,2025/07,RE,2810,D,86895.85,EUR,7561.75,INV-2025-29562,P25-0006/20,70025,Analytical balance module,TBER
E25-00050,5,2025-07-21,2025-07-15,2025/07,RE,6950,D,2427.00,EUR,0.00,INV-2025-29562,,70025,Diff. GR/IR,BATCH
W25-00044,1,2025-07-22,2025-07-21,2025/07,WE,2815,C,155548.94,EUR,13536.00,MSC-DN-435346,45002240/10,79001,Merizol 20 mg tbl 56x,WH02
W25-00044,2,2025-07-22,2025-07-21,2025/07,WE,2815,C,156277.05,EUR,13599.36,MSC-DN-435346,45002240/20,79001,Merinor inhal 120 dos,WH02
W25-00044,3,2025-07-22,2025-07-21,2025/07,WE,2815,C,247113.22,EUR,21504.00,MSC-DN-435346,45002240/30,79001,Meritan 100 mg/5 ml susp 100,WH02
W25-00044,4,2025-07-22,2025-07-21,2025/07,WE,1400,D,558939.21,EUR,0.00,MSC-DN-435346,,79001,Goods receipt 45002240,WH02
W25-00047,1,2025-07-22,2025-07-21,2025/07,WE,2810,C,622.98,NVK,622.98,DN140425,45002268/10,70032,,WH01
W25-00047,2,2025-07-22,2025-07-21,2025/07,WE,2810,C,3210.00,NVK,3210.00,DN140425,45002268/20,70032,Ring binder A4,WH01
W25-00047,3,2025-07-22,2025-07-21,2025/07,WE,1410,D,3832.98,NVK,3832.98,DN140425,,70032,Goods receipt 45002268,WH01
W25-00048,1,2025-07-22,2025-07-21,2025/07,WE,2810,C,55779.78,NVK,55779.78,LS737498,P25-0018/10,70015,Stretch film 500 mm 23 my,WH01
W25-00048,2,2025-07-22,2025-07-21,2025/07,WE,2810,C,56430.00,NVK,56430.00,LS737498,P25-0018/20,70015,Shrink hood pallet,WH01
W25-00048,3,2025-07-22,2025-07-21,2025/07,WE,1410,D,112209.78,NVK,112209.78,LS737498,,70015,Goods receipt P25-0018,WH01
W25-00049,1,2025-07-22,2025-07-21,2025/07,WE,2810,C,29900.00,NVK,29900.00,D-70231,P25-0022/10,70041,Pallet collar,WH01
W25-00049,2,2025-07-22,2025-07-21,2025/07,WE,2810,C,11263.31,NVK,11263.31,D-70231,P25-0022/20,70041,EUR pallet new,WH01
W25-00049,3,2025-07-22,2025-07-21,2025/07,WE,1410,D,41163.31,NVK,41163.31,D-70231,,70041,Goods receipt P25-0022,WH01
E25-00051,1,2025-07-22,2025-07-16,2025/07,RE,3300,C,89696.76,NVK,89696.76,R/60081/25,,70021,Labtek Soran d.o.o.,TBER
E25-00051,2,2025-07-22,2025-07-16,2025/07,RE,2810,D,32900.00,NVK,32900.00,R/60081/25,45002253/10,70021,Sample vials 2 ml,TBER
E25-00051,3,2025-07-22,2025-07-16,2025/07,RE,2810,D,10487.30,NVK,10487.30,R/60081/25,45002253/20,70021,Nitrile gloves M,TBER
E25-00051,4,2025-07-22,2025-07-16,2025/07,RE,2810,D,31360.00,NVK,31360.00,R/60081/25,45002253/30,70021,Pipette tips 200 ul,TBER
E25-00053,1,2025-07-23,2025-07-21,2025/07,RE,3350,C,2443609.10,EUR,212644.92,MSC90054119,,79001,Meridia Supply Chain B.V,TBER
E25-00053,2,2025-07-23,2025-07-21,2025/07,RE,2815,D,43231.02,EUR,3762.00,MSC90054119,45002285/10,79001,Merivent 100 mg/5 ml susp 10,TBER
E25-00053,3,2025-07-23,2025-07-21,2025/07,RE,2815,D,2200322.55,EUR,191473.92,MSC90054119,45002285/20,79001,Meripain 5 mg tbl 28x,TBER
E25-00053,4,2025-07-23,2025-07-21,2025/07,RE,2815,D,200055.52,EUR,17409.00,MSC90054119,45002285/30,79001,Merilip 250 mg inj 5 amp,TBER
W25-00050,1,2025-07-24,2025-07-23,2025/07,WE,2815,C,319788.22,EUR,27828.24,MSC-DN-461687,45002274/10,79001,Merilip 100 mg/5 ml susp 100,WH01
W25-00050,2,2025-07-24,2025-07-23,2025/07,WE,2815,C,392217.77,EUR,34131.12,MSC-DN-461687,45002274/20,79001,Mericard crm 30 g,WH01
W25-00050,3,2025-07-24,2025-07-23,2025/07,WE,1400,D,712005.99,EUR,0.00,MSC-DN-461687,,79001,Goods receipt 45002274,WH01
W25-00051,1,2025-07-24,2025-07-22,2025/07,WE,2810,C,1057.16,NVK,1057.16,DN280561,P25-0010/10,70032,Ring binder A4,WH01
W25-00051,2,2025-07-24,2025-07-22,2025/07,WE,2810,C,4305.00,NVK,4305.00,DN280561,P25-0010/20,70032,Archive box,WH01
W25-00051,3,2025-07-24,2025-07-22,2025/07,WE,1410,D,5362.16,NVK,5362.16,DN280561,,70032,Goods receipt P25-0010,WH01
W25-00054,1,2025-07-25,2025-07-24,2025/07,WE,2815,C,23253.74,EUR,2023.56,MSC-DN-425606,45002238/20,79001,Meriderm 100 mg/5 ml susp 10,WH02
W25-00054,2,2025-07-25,2025-07-24,2025/07,WE,2815,D,73.93,EUR,0.00,MSC-DN-425606,45002238/20,79001,Diff. GR/IR,BATCH
W25-00054,3,2025-07-25,2025-07-24,2025/07,WE,1400,D,23253.74,EUR,0.00,MSC-DN-425606,,79001,Goods receipt 45002238,WH02
W25-00054,4,2025-07-25,2025-07-24,2025/07,WE,6950,C,73.93,EUR,0.00,MSC-DN-425606,,79001,Diff. GR/IR,BATCH
W25-00055,1,2025-07-25,2025-07-25,2025/07,WE,2810,D,640.08,NVK,640.08,D-473419,45002262/10,70034,Desk organiser set,WH01
W25-00055,2,2025-07-25,2025-07-25,2025/07,WE,1410,C,640.08,NVK,640.08,D-473419,,70034,Goods receipt 45002262,WH01
W25-00058,1,2025-07-25,2025-07-22,2025/07,WE,2810,C,6819.80,NVK,6819.80,LS515295,45002282/10,70013,Label serialisation blank 50,WH01
W25-00058,2,2025-07-25,2025-07-22,2025/07,WE,2810,C,96.00,NVK,96.00,LS515295,45002282/20,70013,Label cold-chain warning,WH01
W25-00058,3,2025-07-25,2025-07-22,2025/07,WE,2810,C,6150.00,NVK,6150.00,LS515295,45002282/30,70013,Label thermal 100x60,WH01
W25-00058,4,2025-07-25,2025-07-22,2025/07,WE,1410,D,13065.80,NVK,13065.80,LS515295,,70013,Goods receipt 45002282,WH01
E25-00055,1,2025-07-25,2025-07-23,2025/07,RE,3300,C,133517.23,NVK,133517.23,0015050,,70015,Folia Trand d.o.o.,TBER
E25-00055,2,2025-07-25,2025-07-23,2025/07,RE,2810,D,54834.36,NVK,54834.36,0015050,P25-0018/10,70015,Stretch film 500 mm 23 my,TBER
E25-00055,3,2025-07-25,2025-07-23,2025/07,RE,2810,D,56430.00,NVK,56430.00,0015050,P25-0018/20,70015,Shrink hood pallet,TBER
W25-00060,1,2025-07-28,2025-07-24,2025/07,WE,2810,C,7440.29,EUR,647.46,DN925727,P25-0024/10,70025,Calibration weight set,WH02
W25-00060,2,2025-07-28,2025-07-24,2025/07,WE,2810,C,264283.24,EUR,22998.15,DN925727,P25-0024/20,70025,Analytical balance module,WH02
W25-00060,3,2025-07-28,2025-07-24,2025/07,WE,1410,D,271723.53,EUR,0.00,DN925727,,70025,Goods receipt P25-0024,WH02
E25-00056,1,2025-07-28,2025-07-22,2025/07,RE,3350,C,1693056.48,EUR,147331.20,MSC90054124,,79001,Meridia Supply Chain B.V,TBER
E25-00056,2,2025-07-28,2025-07-22,2025/07,RE,2815,D,47740.29,EUR,4154.40,MSC90054124,45002259/10,79001,Meriflux 20 mg tbl 56x,TBER
E25-00056,3,2025-07-28,2025-07-22,2025/07,RE,2815,C,102.82,EUR,0.00,MSC90054124,45002259/10,79001,,BATCH
E25-00056,4,2025-07-28,2025-07-22,2025/07,RE,2815,D,1614928.99,EUR,140532.48,MSC90054124,45002259/20,79001,Meriflux 10 mg tbl 28x,TBER
E25-00056,5,2025-07-28,2025-07-22,2025/07,RE,2815,D,30387.20,EUR,2644.32,MSC90054124,45002259/30,79001,Merinor inhal 120 dos,TBER
E25-00056,6,2025-07-28,2025-07-22,2025/07,RE,2815,C,49.08,EUR,0.00,MSC90054124,45002259/30,79001,Diff. GR/IR,BATCH
E25-00056,7,2025-07-28,2025-07-22,2025/07,RE,6950,D,151.90,EUR,0.00,MSC90054124,,79001,,BATCH
E25-00058,1,2025-07-28,2025-07-22,2025/07,RE,3300,C,15678.96,NVK,15678.96,2025/38460,,70013,Etiketa Sorvin d.o.o.,TBER
E25-00058,2,2025-07-28,2025-07-22,2025/07,RE,2810,D,6819.80,NVK,6819.80,2025/38460,45002282/10,70013,Label serialisation blank 50,TBER
E25-00058,3,2025-07-28,2025-07-22,2025/07,RE,2810,D,96.00,NVK,96.00,2025/38460,45002282/20,70013,,TBER
E25-00058,4,2025-07-28,2025-07-22,2025/07,RE,2810,D,6150.00,NVK,6150.00,2025/38460,45002282/30,70013,Label thermal 100x60,TBER
E25-00060,1,2025-07-28,2025-07-20,2025/07,RE,3300,C,29640.60,NVK,29640.60,0015027,,70015,Folia Trand d.o.o.,JKOV
E25-00060,2,2025-07-28,2025-07-20,2025/07,RE,2810,D,3712.50,NVK,3712.50,0015027,P25-0003/10,70015,Shrink hood pallet,JKOV
E25-00060,3,2025-07-28,2025-07-20,2025/07,RE,2810,D,20988.00,NVK,20988.00,0015027,P25-0003/20,70015,Stretch film 500 mm 23 my,JKOV
E25-00062,1,2025-07-28,2025-07-22,2025/07,RE,3350,C,2661320.16,EUR,231590.32,MSC90054128,,79001,Meridia Supply Chain B.V,TBER
E25-00062,2,2025-07-28,2025-07-22,2025/07,RE,2815,D,96321.75,EUR,8382.00,MSC90054128,P25-0012/10,79001,Merilip 100 mg/5 ml susp 100,TBER
E25-00062,3,2025-07-28,2025-07-22,2025/07,RE,2815,D,335025.95,EUR,29154.24,MSC90054128,P25-0012/20,79001,Merinor 250 mg inj 5 amp,TBER
E25-00062,4,2025-07-28,2025-07-22,2025/07,RE,2815,D,465098.70,EUR,40473.28,MSC90054128,P25-0012/30,79001,Merilip 250 mg inj 5 amp,TBER
E25-00062,5,2025-07-28,2025-07-22,2025/07,RE,2815,D,1764873.76,EUR,153580.80,MSC90054128,P25-0012/40,79001,Mericard 5 mg tbl 28x,TBER
E25-00064,1,2025-07-28,2025-07-21,2025/07,RE,3300,C,21664.10,NVK,21664.10,2025/18501,,70057,Konsalt Ribar d.o.o.,TBER
W25-00063,1,2025-07-29,2025-07-28,2025/07,WE,2810,C,6960.00,NVK,6960.00,LS898610,45002292/10,70022,Reference standard kit,WH01
W25-00063,2,2025-07-29,2025-07-28,2025/07,WE,1410,D,6960.00,NVK,6960.00,LS898610,,70022,Goods receipt 45002292,WH01
W25-00065,1,2025-07-29,2025-07-28,2025/07,WE,2810,C,4753.46,EUR,413.65,D-120007,45002294/10,70024,Desiccator 300 mm,WH01
W25-00065,2,2025-07-29,2025-07-28,2025/07,WE,2810,C,29791.48,EUR,2592.48,D-120007,45002294/20,70024,Volumetric flask set,WH01
W25-00065,3,2025-07-29,2025-07-28,2025/07,WE,1410,D,34544.94,EUR,0.00,D-120007,,70024,Goods receipt 45002294,WH01
W25-00067,1,2025-07-29,2025-07-29,2025/07,WE,2810,C,10165.00,NVK,10165.00,LS49995,P25-0016/10,70032,,WH02
W25-00067,2,2025-07-29,2025-07-29,2025/07,WE,2810,C,1867.14,NVK,1867.14,LS49995,P25-0016/20,70032,Archive box,WH02
W25-00067,3,2025-07-29,2025-07-29,2025/07,WE,1410,D,12032.14,NVK,12032.14,LS49995,,70032,Goods receipt P25-0016,WH02
W25-00070,1,2025-07-29,2025-07-29,2025/07,WE,2810,C,14260.00,NVK,14260.00,OT985941,P25-0022/10,70041,Pallet collar,WH01
W25-00070,2,2025-07-29,2025-07-29,2025/07,WE,2810,C,23303.40,NVK,23303.40,OT985941,P25-0022/20,70041,EUR pallet new,WH01
W25-00070,3,2025-07-29,2025-07-29,2025/07,WE,1410,D,37563.40,NVK,37563.40,OT985941,,70041,Goods receipt P25-0022,WH01
E25-00066,1,2025-07-29,2025-07-22,2025/07,RE,3310,C,68904.41,EUR,5996.12,0018620,,70024,Vitrum Laborbedarf Halde,TBER
E25-00066,2,2025-07-29,2025-07-22,2025/07,RE,2810,D,60675.12,EUR,5280.00,0018620,45002276/10,70024,Volumetric flask set,TBER
E25-00066,3,2025-07-29,2025-07-22,2025/07,RE,2810,D,8229.29,EUR,716.12,0018620,45002276/20,70024,,TBER
E25-00068,1,2025-07-29,2025-07-26,2025/07,RE,3300,C,49395.97,NVK,49395.97,R/32316/25,,70041,Paleta Drovnik d.o.o.,TBER
E25-00068,2,2025-07-29,2025-07-26,2025/07,RE,2810,D,29900.00,NVK,29900.00,R/32316/25,P25-0022/10,70041,Pallet collar,TBER
E25-00068,3,2025-07-29,2025-07-26,2025/07,RE,2810,D,11263.31,NVK,11263.31,R/32316/25,P25-0022/20,70041,EUR pallet new,TBER
W25-00072,1,2025-07-30,2025-07-28,2025/07,WE,2810,C,37867.50,NVK,37867.50,OT625675,P25-0004/10,70015,Shrink hood pallet,WH01
W25-00072,2,2025-07-30,2025-07-28,2025/07,WE,2810,C,21810.21,NVK,21810.21,OT625675,P25-0004/20,70015,Stretch film 500 mm 23 my,WH01
W25-00072,3,2025-07-30,2025-07-28,2025/07,WE,1410,D,59677.71,NVK,59677.71,OT625675,,70015,Goods receipt P25-0004,WH01
W25-00073,1,2025-07-30,2025-07-30,2025/07,WE,2810,C,290519.88,NVK,290519.88,LS745721,P25-0021/10,70043,Cool container liner,WH01
W25-00073,2,2025-07-30,2025-07-30,2025/07,WE,2810,C,24595.20,NVK,24595.20,LS745721,P25-0021/20,70043,Transport seal numbered,WH01
W25-00073,3,2025-07-30,2025-07-30,2025/07,WE,1410,D,315115.08,NVK,315115.08,LS745721,,70043,Goods receipt P25-0021,WH01
W25-00075,1,2025-07-31,2025-07-28,2025/07,WE,2810,C,742.50,NVK,742.50,OT784056,P25-0003/10,70015,,WH01
W25-00075,2,2025-07-31,2025-07-28,2025/07,WE,2810,C,2544.00,NVK,2544.00,OT784056,P25-0003/20,70015,Stretch film 500 mm 23 my,WH01
W25-00075,3,2025-07-31,2025-07-28,2025/07,WE,1410,D,3286.50,NVK,3286.50,OT784056,,70015,Goods receipt P25-0003,WH01
E25-00070,1,2025-07-31,2025-07-29,2025/07,RE,3350,C,1148493.84,EUR,99942.90,MSC90054172,,79001,Meridia Supply Chain B.V,TBER
E25-00070,2,2025-07-31,2025-07-29,2025/07,RE,2815,D,804883.05,EUR,70041.60,MSC90054172,P25-0015/10,79001,Merinor crm 30 g,TBER
E25-00070,3,2025-07-31,2025-07-29,2025/07,RE,2815,D,343610.79,EUR,29901.30,MSC90054172,P25-0015/20,79001,Meritan 40 mg caps 30x,TBER
E25-00072,1,2025-07-31,2025-07-29,2025/07,RE,3300,C,14438.57,NVK,14438.57,F-038817,,70032,Biro Dalven d.o.o.,TBER
E25-00072,2,2025-07-31,2025-07-29,2025/07,RE,2810,D,10165.00,NVK,10165.00,F-038817,P25-0016/10,70032,,TBER
E25-00072,3,2025-07-31,2025-07-29,2025/07,RE,2810,D,1867.14,NVK,1867.14,F-038817,P25-0016/20,70032,Archive box,TBER
J25-0002,1,2025-07-31,2025-07-31,2025/07,SA,2810,D,4.92,NVK,4.92,,45002286/10,70013,GR/IR clearing,MHAL
J25-0002,2,2025-07-31,2025-07-31,2025/07,SA,5890,C,4.92,NVK,4.92,,45002286/10,,GR/IR clearing,MHAL
J25-0010,1,2025-07-31,2025-07-31,2025/07,SA,2810,D,392.84,NVK,392.84,,45002286/30,70013,GR/IR diff cleared,MHAL
J25-0010,2,2025-07-31,2025-07-31,2025/07,SA,5890,C,392.84,NVK,392.84,,45002286/30,,GR/IR diff cleared,MHAL
W25-00077,1,2025-08-04,2025-08-04,2025/08,WE,2815,C,47912.70,EUR,4154.40,MSC-DN-489068,45002259/10,79001,Meriflux 20 mg tbl 56x,WH01
W25-00077,2,2025-08-04,2025-08-04,2025/08,WE,2815,D,275.23,EUR,0.00,MSC-DN-489068,45002259/10,79001,Diff. GR/IR,BATCH
W25-00077,3,2025-08-04,2025-08-04,2025/08,WE,2815,C,1620761.09,EUR,140532.48,MSC-DN-489068,45002259/20,79001,Meriflux 10 mg tbl 28x,WH01
W25-00077,4,2025-08-04,2025-08-04,2025/08,WE,2815,D,5832.10,EUR,0.00,MSC-DN-489068,45002259/20,79001,Diff. GR/IR,BATCH
W25-00077,5,2025-08-04,2025-08-04,2025/08,WE,2815,C,30496.94,EUR,2644.32,MSC-DN-489068,45002259/30,79001,,WH01
W25-00077,6,2025-08-04,2025-08-04,2025/08,WE,2815,D,158.82,EUR,0.00,MSC-DN-489068,45002259/30,79001,Diff. GR/IR,BATCH
W25-00077,7,2025-08-04,2025-08-04,2025/08,WE,1400,D,1699170.73,EUR,0.00,MSC-DN-489068,,79001,Goods receipt 45002259,WH01
W25-00077,8,2025-08-04,2025-08-04,2025/08,WE,6950,C,6266.15,EUR,0.00,MSC-DN-489068,,79001,Diff. GR/IR,BATCH
E25-00074,1,2025-08-04,2025-07-29,2025/08,RE,3300,C,4599.58,NVK,4599.58,F-038820,,70032,Biro Dalven d.o.o.,TBER
E25-00074,2,2025-08-04,2025-07-29,2025/08,RE,2810,D,622.98,NVK,622.98,F-038820,45002268/10,70032,Archive box,TBER
E25-00074,3,2025-08-04,2025-07-29,2025/08,RE,2810,D,3210.00,NVK,3210.00,F-038820,45002268/20,70032,Ring binder A4,TBER
E25-00076,1,2025-08-04,2025-07-31,2025/08,KG,3300,D,10692.00,NVK,10692.00,0015108,,70015,Folia Trand d.o.o.,TBER
E25-00076,2,2025-08-04,2025-07-31,2025/08,KG,2810,C,8910.00,NVK,8910.00,0015108,45002288/10,70015,Shrink hood pallet,TBER
E25-00078,1,2025-08-04,2025-07-31,2025/08,RE,3300,C,3943.80,NVK,3943.80,0015106,,70015,Folia Trand d.o.o.,TBER
E25-00078,2,2025-08-04,2025-07-31,2025/08,RE,2810,D,742.50,NVK,742.50,0015106,P25-0003/10,70015,,TBER
E25-00078,3,2025-08-04,2025-07-31,2025/08,RE,2810,D,2544.00,NVK,2544.00,0015106,P25-0003/20,70015,Stretch film 500 mm 23 my,TBER
E25-00080,1,2025-08-04,2025-07-28,2025/08,RE,3300,C,6847.87,NVK,6847.87,F-038809,,70032,Biro Dalven d.o.o.,TBER
E25-00080,2,2025-08-04,2025-07-28,2025/08,RE,2810,D,1057.16,NVK,1057.16,F-038809,P25-0010/10,70032,,TBER
E25-00080,3,2025-08-04,2025-07-28,2025/08,RE,2810,D,4649.40,NVK,4649.40,F-038809,P25-0010/20,70032,Archive box,TBER
E25-00080,4,2025-08-04,2025-07-28,2025/08,RE,2810,C,344.40,NVK,0.00,F-038809,P25-0010/20,70032,Diff. GR/IR,BATCH
E25-00080,5,2025-08-04,2025-07-28,2025/08,RE,5890,D,344.40,NVK,0.00,F-038809,,70032,Diff. GR/IR,BATCH
E25-00082,1,2025-08-04,2025-07-28,2025/08,RE,3310,C,272704.82,EUR,23645.61,INV-2025-29649,,70025,Sciomed Instruments Kere,TBER
E25-00082,2,2025-08-04,2025-07-28,2025/08,RE,2810,D,7467.16,EUR,647.46,INV-2025-29649,P25-0024/10,70025,Calibration weight set,TBER
E25-00082,3,2025-08-04,2025-07-28,2025/08,RE,2810,C,26.87,EUR,0.00,INV-2025-29649,P25-0024/10,70025,Diff. GR/IR,BATCH
E25-00082,4,2025-08-04,2025-07-28,2025/08,RE,2810,D,265237.66,EUR,22998.15,INV-2025-29649,P25-0024/20,70025,Analytical balance module,TBER
E25-00082,5,2025-08-04,2025-07-28,2025/08,RE,2810,C,954.42,EUR,0.00,INV-2025-29649,P25-0024/20,70025,Diff. GR/IR,BATCH
E25-00082,6,2025-08-04,2025-07-28,2025/08,RE,6950,D,981.29,EUR,0.00,INV-2025-29649,,70025,Diff. GR/IR,BATCH
W25-00080,1,2025-08-05,2025-08-04,2025/08,WE,2810,C,1585.74,NVK,1585.74,D-921626,P25-0010/10,70032,Ring binder A4,WH01
W25-00080,2,2025-08-05,2025-08-04,2025/08,WE,1410,D,1585.74,NVK,1585.74,D-921626,,70032,Goods receipt P25-0010,WH01
W25-00082,1,2025-08-05,2025-08-05,2025/08,WE,2810,C,38400.00,NVK,38400.00,LS541675,P25-0031/10,70014,Outer sticker NVK price,WH01
W25-00082,2,2025-08-05,2025-08-05,2025/08,WE,1410,D,38400.00,NVK,38400.00,LS541675,,70014,Goods receipt P25-0031,WH01
W25-00085,1,2025-08-06,2025-08-04,2025/08,WE,2810,C,50020.00,NVK,50020.00,DN947272,P25-0037/10,70043,Transport seal numbered,WH01
W25-00085,2,2025-08-06,2025-08-04,2025/08,WE,2810,C,106681.57,NVK,106681.57,DN947272,P25-0037/20,70043,Cool container liner,WH01
W25-00085,3,2025-08-06,2025-08-04,2025/08,WE,1410,D,156701.57,NVK,156701.57,DN947272,,70043,Goods receipt P25-0037,WH01
E25-00084,1,2025-08-06,2025-08-04,2025/08,RE,3300,C,8352.00,NVK,8352.00,2025/20310,,70022,Reagens Mivor d.o.o.,TBER
E25-00084,2,2025-08-06,2025-08-04,2025/08,RE,2810,D,6960.00,NVK,6960.00,2025/20310,45002292/10,70022,Reference standard kit,TBER
E25-00086,1,2025-08-06,2025-08-03,2025/08,RE,3300,C,71613.25,NVK,71613.25,0015125,,70015,Folia Trand d.o.o.,TBER
E25-00086,2,2025-08-06,2025-08-03,2025/08,RE,2810,D,37867.50,NVK,37867.50,0015125,P25-0004/10,70015,Shrink hood pallet,TBER
E25-00086,3,2025-08-06,2025-08-03,2025/08,RE,2810,D,21810.21,NVK,21810.21,0015125,P25-0004/20,70015,Stretch film 500 mm 23 my,TBER
W25-00087,1,2025-08-07,2025-08-05,2025/08,WE,2815,C,43387.15,EUR,3762.00,MSC-DN-441136,45002285/10,79001,Merivent 100 mg/5 ml susp 10,WH01
W25-00087,2,2025-08-07,2025-08-05,2025/08,WE,2815,D,156.13,EUR,0.00,MSC-DN-441136,45002285/10,79001,Diff. GR/IR,BATCH
W25-00087,3,2025-08-07,2025-08-05,2025/08,WE,2815,C,2208268.72,EUR,191473.92,MSC-DN-441136,45002285/20,79001,Meripain 5 mg tbl 28x,WH01
W25-00087,4,2025-08-07,2025-08-05,2025/08,WE,2815,D,7946.17,EUR,0.00,MSC-DN-441136,45002285/20,79001,Diff. GR/IR,BATCH
W25-00087,5,2025-08-07,2025-08-05,2025/08,WE,2815,C,200778.00,EUR,17409.00,MSC-DN-441136,45002285/30,79001,Merilip 250 mg inj 5 amp,WH01
W25-00087,6,2025-08-07,2025-08-05,2025/08,WE,2815,D,722.48,EUR,0.00,MSC-DN-441136,45002285/30,79001,Diff. GR/IR,BATCH
W25-00087,7,2025-08-07,2025-08-05,2025/08,WE,1400,D,2452433.87,EUR,0.00,MSC-DN-441136,,79001,Goods receipt 45002285,WH01
W25-00087,8,2025-08-07,2025-08-05,2025/08,WE,6950,C,8824.78,EUR,0.00,MSC-DN-441136,,79001,Diff. GR/IR,BATCH
W25-00089,1,2025-08-07,2025-08-06,2025/08,WE,2810,C,18300.00,NVK,18300.00,LS123323,P25-0009/10,70043,Transport seal numbered,WH01
W25-00089,2,2025-08-07,2025-08-06,2025/08,WE,2810,C,220180.00,NVK,220180.00,LS123323,P25-0009/20,70043,Cool container liner,WH01
W25-00089,3,2025-08-07,2025-08-06,2025/08,WE,1410,D,238480.00,NVK,238480.00,LS123323,,70043,Goods receipt P25-0009,WH01
E25-00088,1,2025-08-07,2025-08-05,2025/08,RE,3300,C,188041.88,NVK,188041.88,F-014886,,70043,,TBER
E25-00088,2,2025-08-07,2025-08-05,2025/08,RE,2810,D,50020.00,NVK,50020.00,F-014886,P25-0037/10,70043,Transport seal numbered,TBER
E25-00088,3,2025-08-07,2025-08-05,2025/08,RE,2810,D,106681.57,NVK,106681.57,F-014886,P25-0037/20,70043,Cool container liner,TBER
W25-00091,1,2025-08-08,2025-08-05,2025/08,WE,2815,C,96669.61,EUR,8382.00,MSC-DN-487366,P25-0012/10,79001,Merilip 100 mg/5 ml susp 100,WH01
W25-00091,2,2025-08-08,2025-08-05,2025/08,WE,2815,D,347.86,EUR,0.00,MSC-DN-487366,P25-0012/10,79001,Diff. GR/IR,BATCH
W25-00091,3,2025-08-08,2025-08-05,2025/08,WE,2815,C,336235.85,EUR,29154.24,MSC-DN-487366,P25-0012/20,79001,Merinor 250 mg inj 5 amp,WH01
W25-00091,4,2025-08-08,2025-08-05,2025/08,WE,2815,D,1209.90,EUR,0.00,MSC-DN-487366,P25-0012/20,79001,Diff. GR/IR,BATCH
W25-00091,5,2025-08-08,2025-08-05,2025/08,WE,2815,C,466778.34,EUR,40473.28,MSC-DN-487366,P25-0012/30,79001,Merilip 250 mg inj 5 amp,WH01
W25-00091,6,2025-08-08,2025-08-05,2025/08,WE,2815,D,1679.64,EUR,0.00,MSC-DN-487366,P25-0012/30,79001,Diff. GR/IR,BATCH
W25-00091,7,2025-08-08,2025-08-05,2025/08,WE,2815,C,1771247.37,EUR,153580.80,MSC-DN-487366,P25-0012/40,79001,Mericard 5 mg tbl 28x,WH01
W25-00091,8,2025-08-08,2025-08-05,2025/08,WE,2815,D,6373.61,EUR,0.00,MSC-DN-487366,P25-0012/40,79001,Diff. GR/IR,BATCH
W25-00091,9,2025-08-08,2025-08-05,2025/08,WE,1400,D,2670931.17,EUR,0.00,MSC-DN-487366,,79001,,WH01
W25-00091,10,2025-08-08,2025-08-05,2025/08,WE,6950,C,9611.01,EUR,0.00,MSC-DN-487366,,79001,Diff. GR/IR,BATCH
W25-00093,1,2025-08-08,2025-08-05,2025/08,WE,2810,C,48493.17,NVK,48493.17,DN477937,P25-0033/10,70013,Label thermal 100x60,WH02
W25-00093,2,2025-08-08,2025-08-05,2025/08,WE,2810,C,9696.00,NVK,9696.00,DN477937,P25-0033/20,70013,Label cold-chain warning,WH02
W25-00093,3,2025-08-08,2025-08-05,2025/08,WE,2810,C,38054.04,NVK,38054.04,DN477937,P25-0033/30,70013,Label serialisation blank 50,WH02
W25-00093,4,2025-08-08,2025-08-05,2025/08,WE,1410,D,96243.21,NVK,96243.21,DN477937,,70013,Goods receipt P25-0033,WH02
E25-00090,1,2025-08-08,2025-08-03,2025/08,RE,3300,C,23345.95,NVK,23345.95,2025/56010,,70052,,TBER
E25-00092,1,2025-08-08,2025-08-02,2025/08,RE,3300,C,7625.29,NVK,7625.29,0061767,,70053,Norvatel d.d.,TBER
W25-00094,1,2025-08-11,2025-08-07,2025/08,WE,2810,C,156960.00,NVK,156960.00,D-246870,P25-0027/10,70043,Cool container liner,WH02
W25-00094,2,2025-08-11,2025-08-07,2025/08,WE,2810,C,79956.36,NVK,79956.36,D-246870,P25-0027/20,70043,,WH02
W25-00094,3,2025-08-11,2025-08-07,2025/08,WE,1410,D,236916.36,NVK,236916.36,D-246870,,70043,Goods receipt P25-0027,WH02
E25-00093,1,2025-08-11,2025-08-07,2025/08,KG,3300,D,768.10,NVK,768.10,INV-2025-33812,,70034,Uredska Oprema Hrist d.o,MHAL
E25-00093,2,2025-08-11,2025-08-07,2025/08,KG,2810,C,640.08,NVK,640.08,INV-2025-33812,45002262/10,70034,Desk organiser set,MHAL
E25-00095,1,2025-08-11,2025-08-04,2025/08,RE,3310,C,34669.70,EUR,3006.13,0018706,,70024,Vitrum Laborbedarf Halde,TBER
E25-00095,2,2025-08-11,2025-08-04,2025/08,RE,2810,D,4770.63,EUR,413.65,0018706,45002294/10,70024,Desiccator 300 mm,TBER
E25-00095,3,2025-08-11,2025-08-04,2025/08,RE,2810,C,17.17,EUR,0.00,0018706,45002294/10,70024,Diff. GR/IR,BATCH
E25-00095,4,2025-08-11,2025-08-04,2025/08,RE,2810,D,29899.07,EUR,2592.48,0018706,45002294/20,70024,Volumetric flask set,TBER
E25-00095,5,2025-08-11,2025-08-04,2025/08,RE,2810,C,107.59,EUR,0.00,0018706,45002294/20,70024,Diff. GR/IR,BATCH
E25-00095,6,2025-08-11,2025-08-04,2025/08,RE,6950,D,124.76,EUR,0.00,0018706,,70024,Diff. GR/IR,BATCH
E25-00097,1,2025-08-11,2025-08-08,2025/08,RE,3350,C,316299.21,EUR,27425.58,MSC90054242,,79001,Meridia Supply Chain B.V,MHAL
E25-00097,2,2025-08-11,2025-08-08,2025/08,RE,2815,D,109388.20,EUR,9484.80,MSC90054242,P25-0015/10,79001,Merinor crm 30 g,MHAL
E25-00097,3,2025-08-11,2025-08-08,2025/08,RE,2815,D,206911.02,EUR,17940.78,MSC90054242,P25-0015/20,79001,Meritan 40 mg caps 30x,MHAL
E25-00098,1,2025-08-11,2025-08-06,2025/08,RE,3300,C,371585.02,NVK,371585.02,F-014893,,70043,Termo Log Savrin d.o.o.,TBER
E25-00098,2,2025-08-11,2025-08-06,2025/08,RE,2810,D,285058.98,NVK,285058.98,F-014893,P25-0021/10,70043,Cool container liner,TBER
E25-00098,3,2025-08-11,2025-08-06,2025/08,RE,2810,D,24595.20,NVK,24595.20,F-014893,P25-0021/20,70043,Transport seal numbered,TBER
E25-00100,1,2025-08-11,2025-08-06,2025/08,RE,3300,C,45076.08,NVK,45076.08,R/32395/25,,70041,Paleta Drovnik d.o.o.,TBER
E25-00100,2,2025-08-11,2025-08-06,2025/08,RE,2810,D,14260.00,NVK,14260.00,R/32395/25,P25-0022/10,70041,Pallet collar,TBER
E25-00100,3,2025-08-11,2025-08-06,2025/08,RE,2810,D,23303.40,NVK,23303.40,R/32395/25,P25-0022/20,70041,EUR pallet new,TBER
E25-00102,1,2025-08-11,2025-08-06,2025/08,RE,3300,C,49800.00,NVK,49800.00,F-046571,,70054,Autolease Vendra d.o.o.,TBER
E25-00104,1,2025-08-11,2025-08-06,2025/08,RE,3300,C,9360.00,NVK,9360.00,INV-2025-26158,,70055,,TBER
E25-00106,1,2025-08-11,2025-08-06,2025/08,RE,3300,C,14880.00,NVK,14880.00,R/19296/25,,70056,Varnost Tregal d.o.o.,TBER
E25-00107,1,2025-08-12,2025-08-06,2025/08,RE,3300,C,10254.35,NVK,10254.35,0043908,,70059,Odvetniki Strelan in par,TBER
E25-00109,1,2025-08-13,2025-08-09,2025/08,RE,3300,C,117010.74,NVK,117010.74,2025/38585,,70013,Etiketa Sorvin d.o.o.,TBER
E25-00109,2,2025-08-13,2025-08-09,2025/08,RE,2810,D,50436.43,NVK,50436.43,2025/38585,P25-0033/10,70013,Label thermal 100x60,TBER
E25-00109,3,2025-08-13,2025-08-09,2025/08,RE,2810,C,1943.26,NVK,0.00,2025/38585,P25-0033/10,70013,Diff. GR/IR,BATCH
E25-00109,4,2025-08-13,2025-08-09,2025/08,RE,2810,D,9696.00,NVK,9696.00,2025/38585,P25-0033/20,70013,Label cold-chain warning,TBER
E25-00109,5,2025-08-13,2025-08-09,2025/08,RE,2810,D,37376.52,NVK,37376.52,2025/38585,P25-0033/30,70013,Label serialisation blank 50,TBER
E25-00109,6,2025-08-13,2025-08-09,2025/08,RE,5890,D,1943.26,NVK,0.00,2025/38585,,70013,Diff. GR/IR,BATCH
E25-00111,1,2025-08-13,2025-08-08,2025/08,RE,3350,C,756775.16,EUR,65618.24,MSC90054245,,79001,Meridia Supply Chain B.V,TBER
E25-00111,2,2025-08-13,2025-08-08,2025/08,RE,2815,D,206800.53,EUR,17931.20,MSC90054245,P25-0036/10,79001,Merilip 250 mg inj 5 amp,TBER
E25-00111,3,2025-08-13,2025-08-08,2025/08,RE,2815,D,549974.63,EUR,47687.04,MSC90054245,P25-0036/20,79001,Meripain 20 mg tbl 56x,TBER
E25-00113,1,2025-08-13,2025-08-09,2025/08,RE,3300,C,103200.00,NVK,103200.00,R/45672/25,,70051,Nepremicnine Castrum d.o,TBER
E25-00115,1,2025-08-13,2025-08-11,2025/08,RE,3300,C,57420.01,NVK,57420.01,2025/59657,,70062,,TBER
E25-00116,1,2025-08-14,2025-08-10,2025/08,RE,3300,C,253264.68,EUR,21960.00,F-014922,,70043,Termo Log Savrin d.o.o.,MHAL
E25-00116,2,2025-08-14,2025-08-10,2025/08,RE,2810,D,211053.90,EUR,18300.00,F-014922,P25-0045/10,70043,Transport seal numbered,MHAL
W25-00096,1,2025-08-15,2025-08-15,2025/08,WE,2810,C,6144.00,NVK,6144.00,LS122060,P25-0033/20,70013,Label cold-chain warning,WH01
W25-00096,2,2025-08-15,2025-08-15,2025/08,WE,1410,D,6144.00,NVK,6144.00,LS122060,,70013,Goods receipt P25-0033,WH01
E25-00118,1,2025-08-15,2025-08-08,2025/08,RE,3300,C,1902.89,NVK,1902.89,F-038889,,70032,Biro Dalven d.o.o.,TBER
E25-00118,2,2025-08-15,2025-08-08,2025/08,RE,2810,D,1585.74,NVK,1585.74,F-038889,P25-0010/10,70032,Ring binder A4,TBER
W25-00097,1,2025-08-18,2025-08-18,2025/08,WE,2810,C,38610.00,NVK,38610.00,LS393448,P25-0003/10,70015,Shrink hood pallet,WH02
W25-00097,2,2025-08-18,2025-08-18,2025/08,WE,2810,C,13992.00,NVK,13992.00,LS393448,P25-0003/20,70015,Stretch film 500 mm 23 my,WH02
W25-00097,3,2025-08-18,2025-08-18,2025/08,WE,1410,D,52602.00,NVK,52602.00,LS393448,,70015,Goods receipt P25-0003,WH02
W25-00098,1,2025-08-18,2025-08-14,2025/08,WE,2815,C,807789.77,EUR,70041.60,MSC-DN-412358,P25-0015/10,79001,Merinor crm 30 g,WH01
W25-00098,2,2025-08-18,2025-08-14,2025/08,WE,2815,D,2560.05,EUR,0.00,MSC-DN-412358,P25-0015/10,79001,Diff. GR/IR,BATCH
W25-00098,3,2025-08-18,2025-08-14,2025/08,WE,2815,C,344851.69,EUR,29901.30,MSC-DN-412358,P25-0015/20,79001,Meritan 40 mg caps 30x,WH01
W25-00098,4,2025-08-18,2025-08-14,2025/08,WE,2815,D,775.56,EUR,0.00,MSC-DN-412358,P25-0015/20,79001,Diff. GR/IR,BATCH
W25-00098,5,2025-08-18,2025-08-14,2025/08,WE,1400,D,1152641.46,EUR,0.00,MSC-DN-412358,,79001,Goods receipt P25-0015,WH01
W25-00098,6,2025-08-18,2025-08-14,2025/08,WE,6950,C,3335.61,EUR,0.00,MSC-DN-412358,,79001,Diff. GR/IR,BATCH
W25-00100,1,2025-08-18,2025-08-18,2025/08,WE,2810,C,30447.12,EUR,2640.00,OT545426,P25-0039/10,70024,Volumetric flask set,WH02
W25-00100,2,2025-08-18,2025-08-18,2025/08,WE,2810,C,12847.30,EUR,1113.96,OT545426,P25-0039/20,70024,Glass burette 50 ml,WH02
W25-00100,3,2025-08-18,2025-08-18,2025/08,WE,1410,D,43294.42,EUR,0.00,OT545426,,70024,Goods receipt P25-0039,WH02
W25-00103,1,2025-08-18,2025-08-15,2025/08,WE,2810,C,29325.00,NVK,29325.00,OT18592,P25-0048/10,70022,Buffer solution pH 7,WH02
W25-00103,2,2025-08-18,2025-08-15,2025/08,WE,2810,C,6921.00,NVK,6921.00,OT18592,P25-0048/20,70022,Solvent HPLC grade 2.5 l,WH02
W25-00103,3,2025-08-18,2025-08-15,2025/08,WE,1410,D,36246.00,NVK,36246.00,OT18592,,70022,Goods receipt P25-0048,WH02
E25-00120,1,2025-08-18,2025-08-14,2025/08,RE,3350,C,72782.46,EUR,6310.80,MSC90054283,,79001,Meridia Supply Chain B.V,TBER
E25-00120,2,2025-08-18,2025-08-14,2025/08,RE,2815,D,3944.29,EUR,342.00,MSC90054283,45002285/10,79001,Merivent 100 mg/5 ml susp 10,TBER
E25-00120,3,2025-08-18,2025-08-14,2025/08,RE,2815,C,13.01,EUR,0.00,MSC90054283,45002285/10,79001,Diff. GR/IR,BATCH
E25-00120,4,2025-08-18,2025-08-14,2025/08,RE,2815,D,68838.17,EUR,5968.80,MSC90054283,45002285/30,79001,Merilip 250 mg inj 5 amp,TBER
E25-00120,5,2025-08-18,2025-08-14,2025/08,RE,2815,C,184.46,EUR,0.00,MSC90054283,45002285/30,79001,Diff. GR/IR,BATCH
E25-00120,6,2025-08-18,2025-08-14,2025/08,RE,6950,D,197.47,EUR,0.00,MSC90054283,,79001,Diff. GR/IR,BATCH
E25-00122,1,2025-08-18,2025-08-10,2025/08,RE,3300,C,286176.00,NVK,286176.00,F-014923,,70043,Termo Log Savrin d.o.o.,MHAL
E25-00122,2,2025-08-18,2025-08-10,2025/08,RE,2810,D,18300.00,NVK,18300.00,F-014923,P25-0009/10,70043,Transport seal numbered,MHAL
E25-00122,3,2025-08-18,2025-08-10,2025/08,RE,2810,D,220180.00,NVK,220180.00,F-014923,P25-0009/20,70043,Cool container liner,MHAL
E25-00124,1,2025-08-18,2025-08-15,2025/08,RE,3300,C,284299.63,NVK,284299.63,F-014953,,70043,Termo Log Savrin d.o.o.,TBER
E25-00124,2,2025-08-18,2025-08-15,2025/08,RE,2810,D,156960.00,NVK,156960.00,F-014953,P25-0027/10,70043,Cool container liner,TBER
E25-00124,3,2025-08-18,2025-08-15,2025/08,RE,2810,D,79956.36,NVK,79956.36,F-014953,P25-0027/20,70043,Transport seal numbered,TBER
W25-00104,1,2025-08-19,2025-08-18,2025/08,WE,2810,C,37373.84,EUR,3240.60,D-277226,45002294/20,70024,,WH01
W25-00104,2,2025-08-19,2025-08-18,2025/08,WE,2810,D,59.77,EUR,0.00,D-277226,45002294/20,70024,Diff. GR/IR,BATCH
W25-00104,3,2025-08-19,2025-08-18,2025/08,WE,1410,D,37373.84,EUR,0.00,D-277226,,70024,Goods receipt 45002294,WH01
W25-00104,4,2025-08-19,2025-08-18,2025/08,WE,6950,C,59.77,EUR,0.00,D-277226,,70024,Diff. GR/IR,BATCH
W25-00105,1,2025-08-19,2025-08-18,2025/08,WE,2810,C,19827.04,NVK,19827.04,DN739912,P25-0042/10,70013,Label thermal 100x60,WH01
W25-00105,2,2025-08-19,2025-08-18,2025/08,WE,2810,C,60260.65,NVK,60260.65,DN739912,P25-0042/20,70013,Label serialisation blank 50,WH01
W25-00105,3,2025-08-19,2025-08-18,2025/08,WE,1410,D,80087.69,NVK,80087.69,DN739912,,70013,Goods receipt P25-0042,WH01
E25-00126,1,2025-08-20,2025-08-18,2025/08,RE,3300,C,96081.37,NVK,96081.37,2025/38646,,70013,Etiketa Sorvin d.o.o.,TBER
E25-00126,2,2025-08-20,2025-08-18,2025/08,RE,2810,D,19820.59,NVK,19820.59,2025/38646,P25-0042/10,70013,Label thermal 100x60,TBER
E25-00126,3,2025-08-20,2025-08-18,2025/08,RE,2810,D,60247.22,NVK,60247.22,2025/38646,P25-0042/20,70013,,TBER
E25-00128,1,2025-08-22,2025-08-20,2025/08,RE,3310,C,37373.84,EUR,3240.60,0018819,,70024,Vitrum Laborbedarf Halde,MHAL
E25-00128,2,2025-08-22,2025-08-20,2025/08,RE,2810,D,37373.84,EUR,3240.60,0018819,45002294/20,70024,Volumetric flask set,MHAL
E25-00128,3,2025-08-22,2025-08-20,2025/08,RE,2810,C,59.77,EUR,0.00,0018819,45002294/20,70024,Diff. GR/IR,BATCH
E25-00128,4,2025-08-22,2025-08-20,2025/08,RE,6950,D,59.77,EUR,0.00,0018819,,70024,Diff. GR/IR,BATCH
E25-00130,1,2025-08-22,2025-08-19,2025/08,RE,3350,C,3029505.28,EUR,262681.46,MSC90054324,,79001,Meridia Supply Chain B.V,TBER
E25-00130,2,2025-08-22,2025-08-19,2025/08,RE,2815,D,173919.49,EUR,15080.16,MSC90054324,P25-0028/10,79001,Merilip crm 30 g,TBER
E25-00130,3,2025-08-22,2025-08-19,2025/08,RE,2815,D,479126.95,EUR,41544.00,MSC90054324,P25-0028/20,79001,Meriflux 20 mg tbl 56x,TBER
E25-00130,4,2025-08-22,2025-08-19,2025/08,RE,2815,D,94662.86,EUR,8208.00,MSC90054324,P25-0028/30,79001,Merivent 100 mg/5 ml susp 10,TBER
E25-00130,5,2025-08-22,2025-08-19,2025/08,RE,2815,D,2281795.98,EUR,197849.30,MSC90054324,P25-0028/40,79001,Merizol 10 mg tbl 28x,TBER
W25-00107,1,2025-08-25,2025-08-18,2025/08,WE,2810,D,38610.00,NVK,38610.00,LS393448,P25-0003/10,70015,Shrink hood pallet,WH02
W25-00107,2,2025-08-25,2025-08-18,2025/08,WE,2810,D,13992.00,NVK,13992.00,LS393448,P25-0003/20,70015,Stretch film 500 mm 23 my,WH02
W25-00107,3,2025-08-25,2025-08-18,2025/08,WE,1410,C,52602.00,NVK,52602.00,LS393448,,70015,Goods receipt P25-0003,WH02
W25-00110,1,2025-08-25,2025-08-18,2025/08,WE,2810,C,37125.00,NVK,37125.00,LS393448,P25-0003/10,70015,Shrink hood pallet,WH02
W25-00110,2,2025-08-25,2025-08-18,2025/08,WE,2810,C,13992.00,NVK,13992.00,LS393448,P25-0003/20,70015,Stretch film 500 mm 23 my,WH02
W25-00110,3,2025-08-25,2025-08-18,2025/08,WE,1410,D,51117.00,NVK,51117.00,LS393448,,70015,Goods receipt P25-0003,WH02
W25-00113,1,2025-08-25,2025-08-25,2025/08,WE,2815,C,109388.20,EUR,9484.80,MSC-DN-478788,P25-0015/10,79001,Merinor crm 30 g,WH02
W25-00113,2,2025-08-25,2025-08-25,2025/08,WE,2815,D,346.67,EUR,0.00,MSC-DN-478788,P25-0015/10,79001,,BATCH
W25-00113,3,2025-08-25,2025-08-25,2025/08,WE,2815,C,206911.02,EUR,17940.78,MSC-DN-478788,P25-0015/20,79001,Meritan 40 mg caps 30x,WH02
W25-00113,4,2025-08-25,2025-08-25,2025/08,WE,2815,D,465.34,EUR,0.00,MSC-DN-478788,P25-0015/20,79001,Diff. GR/IR,BATCH
W25-00113,5,2025-08-25,2025-08-25,2025/08,WE,1400,D,316299.22,EUR,0.00,MSC-DN-478788,,79001,Goods receipt P25-0015,WH02
W25-00113,6,2025-08-25,2025-08-25,2025/08,WE,6950,C,812.01,EUR,0.00,MSC-DN-478788,,79001,Diff. GR/IR,BATCH
W25-00115,1,2025-08-25,2025-08-25,2025/08,WE,2815,C,206800.53,EUR,17931.20,MSC-DN-413272,P25-0036/10,79001,Merilip 250 mg inj 5 amp,WH01
W25-00115,2,2025-08-25,2025-08-25,2025/08,WE,2815,C,549974.63,EUR,47687.04,MSC-DN-413272,P25-0036/20,79001,Meripain 20 mg tbl 56x,WH01
W25-00115,3,2025-08-25,2025-08-25,2025/08,WE,1400,D,756775.16,EUR,0.00,MSC-DN-413272,,79001,,WH01
W25-00117,1,2025-08-25,2025-08-25,2025/08,WE,2810,C,18316.74,NVK,18316.74,DN353097,P25-0052/10,70011,Shipping carton 600x400x300,WH01
W25-00117,2,2025-08-25,2025-08-25,2025/08,WE,2810,C,1435.18,NVK,1435.18,DN353097,P25-0052/20,70011,,WH01
W25-00117,3,2025-08-25,2025-08-25,2025/08,WE,1410,D,19751.92,NVK,19751.92,DN353097,,70011,Goods receipt P25-0052,WH01
W25-00119,1,2025-08-25,2025-08-21,2025/08,WE,2810,C,30452.40,NVK,30452.40,DN720406,P25-0062/10,70022,Solvent HPLC grade 2.5 l,WH01
W25-00119,2,2025-08-25,2025-08-21,2025/08,WE,2810,C,51782.40,NVK,51782.40,DN720406,P25-0062/20,70022,Reference standard kit,WH01
W25-00119,3,2025-08-25,2025-08-21,2025/08,WE,1410,D,82234.80,NVK,82234.80,DN720406,,70022,Goods receipt P25-0062,WH01
W25-00122,1,2025-08-25,2025-08-25,2025/08,WE,2810,C,36400.00,NVK,36400.00,LS610042,P25-0059/10,70012,Packing tape 48 mm,WH01
W25-00122,2,2025-08-25,2025-08-25,2025/08,WE,1410,D,36400.00,NVK,36400.00,LS610042,,70012,Goods receipt P25-0059,WH01
E25-00132,1,2025-08-25,2025-08-23,2025/08,RE,3310,C,43294.42,EUR,3753.96,0018844,,70024,Vitrum Laborbedarf Halde,DPET
E25-00132,2,2025-08-25,2025-08-23,2025/08,RE,2810,D,30447.12,EUR,2640.00,0018844,P25-0039/10,70024,Volumetric flask set,DPET
E25-00132,3,2025-08-25,2025-08-23,2025/08,RE,2810,D,12847.30,EUR,1113.96,0018844,P25-0039/20,70024,Glass burette 50 ml,DPET
E25-00134,1,2025-08-25,2025-08-19,2025/08,RE,3350,C,957836.76,EUR,83051.83,MSC90054318,,79001,Meridia Supply Chain B.V,TBER
E25-00134,2,2025-08-25,2025-08-19,2025/08,RE,2815,D,6429.42,EUR,557.48,MSC90054318,P25-0051/10,79001,Meriderm 250 mg inj 5 amp,TBER
E25-00134,3,2025-08-25,2025-08-19,2025/08,RE,2815,D,46675.43,EUR,4047.12,MSC90054318,P25-0051/30,79001,Meriderm 100 mg/5 ml susp 10,TBER
E25-00134,4,2025-08-25,2025-08-19,2025/08,RE,2815,D,904731.90,EUR,78447.23,MSC90054318,P25-0051/40,79001,Merigast 10 mg tbl 28x,TBER
E25-00136,1,2025-08-25,2025-08-18,2025/08,RE,3300,C,10084.74,NVK,10084.74,0023702,,70064,Prevodi Semra s.p.,TBER
E25-00138,1,2025-08-26,2025-08-23,2025/08,RE,3350,C,3064667.90,EUR,265730.33,MSC90054348,,79001,Meridia Supply Chain B.V,TBER
E25-00138,2,2025-08-26,2025-08-23,2025/08,RE,2815,D,724188.56,EUR,62792.73,MSC90054348,P25-0057/10,79001,Meritan 40 mg caps 30x,TBER
E25-00138,3,2025-08-26,2025-08-23,2025/08,RE,2815,D,1077978.44,EUR,93469.04,MSC90054348,P25-0057/20,79001,Merigast 10 mg tbl 28x,TBER
E25-00138,4,2025-08-26,2025-08-23,2025/08,RE,2815,D,1079040.40,EUR,93561.12,MSC90054348,P25-0057/30,79001,Meripain 5 mg tbl 28x,TBER
E25-00138,5,2025-08-26,2025-08-23,2025/08,RE,2815,D,183460.51,EUR,15907.44,MSC90054348,P25-0057/40,79001,Merivent 20 mg tbl 56x,TBER
E25-00140,1,2025-08-27,2025-08-23,2025/08,RE,3350,C,306007.40,EUR,26533.20,MSC90054350,,79001,Meridia Supply Chain B.V,TBER
E25-00140,2,2025-08-27,2025-08-23,2025/08,RE,2815,D,1972.14,EUR,171.00,MSC90054350,45002285/10,79001,Merivent 100 mg/5 ml susp 10,TBER
E25-00140,3,2025-08-27,2025-08-23,2025/08,RE,2815,C,5.73,EUR,0.00,MSC90054350,45002285/10,79001,Diff. GR/IR,BATCH
E25-00140,4,2025-08-27,2025-08-23,2025/08,RE,2815,D,304035.25,EUR,26362.20,MSC90054350,45002285/30,79001,Merilip 250 mg inj 5 amp,TBER
E25-00140,5,2025-08-27,2025-08-23,2025/08,RE,2815,C,285.15,EUR,0.00,MSC90054350,45002285/30,79001,Diff. GR/IR,BATCH
E25-00140,6,2025-08-27,2025-08-23,2025/08,RE,6950,D,290.88,EUR,0.00,MSC90054350,,79001,Diff. GR/IR,BATCH
E25-00141,1,2025-08-27,2025-08-22,2025/08,RE,3300,C,7362.43,NVK,7362.43,2025/38676,,70013,Etiketa Sorvin d.o.o.,TBER
E25-00141,2,2025-08-27,2025-08-22,2025/08,RE,2810,D,6135.36,NVK,6135.36,2025/38676,P25-0033/20,70013,Label cold-chain warning,TBER
W25-00123,1,2025-08-28,2025-08-28,2025/08,WE,2815,C,3944.29,EUR,342.00,MSC-DN-497617,45002285/10,79001,Merivent 100 mg/5 ml susp 10,WH01
W25-00123,2,2025-08-28,2025-08-28,2025/08,WE,2815,D,12.50,EUR,0.00,MSC-DN-497617,45002285/10,79001,Diff. GR/IR,BATCH
W25-00123,3,2025-08-28,2025-08-28,2025/08,WE,2815,C,68838.17,EUR,5968.80,MSC-DN-497617,45002285/30,79001,Merilip 250 mg inj 5 amp,WH01
W25-00123,4,2025-08-28,2025-08-28,2025/08,WE,2815,D,86.70,EUR,0.00,MSC-DN-497617,45002285/30,79001,Diff. GR/IR,BATCH
W25-00123,5,2025-08-28,2025-08-28,2025/08,WE,1400,D,72782.46,EUR,0.00,MSC-DN-497617,,79001,Goods receipt 45002285,WH01
W25-00123,6,2025-08-28,2025-08-28,2025/08,WE,6950,C,99.20,EUR,0.00,MSC-DN-497617,,79001,Diff. GR/IR,BATCH
E25-00143,1,2025-08-28,2025-08-22,2025/08,RE,3300,C,43993.50,NVK,43993.50,2025/20439,,70022,Reagens Mivor d.o.o.,TBER
E25-00143,2,2025-08-28,2025-08-22,2025/08,RE,2810,D,29325.00,NVK,29325.00,2025/20439,P25-0048/10,70022,Buffer solution pH 7,TBER
E25-00143,3,2025-08-28,2025-08-22,2025/08,RE,2810,D,7336.25,NVK,7336.25,2025/20439,P25-0048/20,70022,Solvent HPLC grade 2.5 l,TBER
E25-00143,4,2025-08-28,2025-08-22,2025/08,RE,2810,C,415.25,NVK,0.00,2025/20439,P25-0048/20,70022,Diff. GR/IR,BATCH
E25-00143,5,2025-08-28,2025-08-22,2025/08,RE,5890,D,415.25,NVK,0.00,2025/20439,,70022,Diff. GR/IR,BATCH
E25-00144,1,2025-08-28,2025-08-27,2025/08,RE,3300,C,45129.65,NVK,45129.65,2025/59772,,70062,Kadri Plus Dorvan d.o.o.,TBER
E25-00145,1,2025-08-28,2025-08-27,2025/08,RE,3300,C,15360.00,NVK,15360.00,0021331,,70044,Logistika Materijal Benk,TBER
E25-00145,2,2025-08-28,2025-08-27,2025/08,RE,2810,D,12800.00,NVK,12800.00,0021331,P25-0084/10,70044,Load securing strap,TBER
E25-00147,1,2025-08-29,2025-08-25,2025/08,RE,3300,C,61340.40,NVK,61340.40,0015278,,70015,Folia Trand d.o.o.,MHAL
E25-00147,2,2025-08-29,2025-08-25,2025/08,RE,2810,D,37125.00,NVK,37125.00,0015278,P25-0003/10,70015,,MHAL
E25-00147,3,2025-08-29,2025-08-25,2025/08,RE,2810,D,13992.00,NVK,13992.00,0015278,P25-0003/20,70015,Stretch film 500 mm 23 my,MHAL
E25-00149,1,2025-08-29,2025-08-26,2025/08,RE,3300,C,23702.30,NVK,23702.30,INV-2025-24678,,70011,Kartonaza Velmir d.o.o.,DPET
E25-00149,2,2025-08-29,2025-08-26,2025/08,RE,2810,D,18316.74,NVK,18316.74,INV-2025-24678,P25-0052/10,70011,Shipping carton 600x400x300,DPET
E25-00149,3,2025-08-29,2025-08-26,2025/08,RE,2810,D,1435.18,NVK,1435.18,INV-2025-24678,P25-0052/20,70011,Pallet box heavy duty,DPET
J25-0013,1,2025-08-29,2025-08-29,2025/08,SA,2810,D,945.42,NVK,945.42,,P25-0018/10,70015,GR/IR clearing,DPET
J25-0013,2,2025-08-29,2025-08-29,2025/08,SA,5890,C,945.42,NVK,945.42,,P25-0018/10,,GR/IR clearing,DPET
J25-0019,1,2025-08-29,2025-08-29,2025/08,SA,2810,D,5460.90,NVK,5460.90,,P25-0021/10,70043,clearing GR/IR diff,DPET
J25-0019,2,2025-08-29,2025-08-29,2025/08,SA,5890,C,5460.90,NVK,5460.90,,P25-0021/10,,clearing GR/IR diff,DPET
J25-0026,1,2025-08-29,2025-08-29,2025/08,SA,2810,D,677.52,NVK,677.52,,P25-0033/30,70013,Clear. GR/IR,DPET
J25-0026,2,2025-08-29,2025-08-29,2025/08,SA,5890,C,677.52,NVK,677.52,,P25-0033/30,,Clear. GR/IR,DPET
J25-0027,1,2025-08-29,2025-08-29,2025/08,SA,2810,D,8.64,NVK,8.64,,P25-0033/20,70013,GR/IR clearing,DPET
J25-0027,2,2025-08-29,2025-08-29,2025/08,SA,5890,C,8.64,NVK,8.64,,P25-0033/20,,GR/IR clearing,DPET
J25-0033,1,2025-08-29,2025-08-29,2025/08,SA,2810,D,6.45,NVK,6.45,,P25-0042/10,70013,GR/IR clearing,DPET
J25-0033,2,2025-08-29,2025-08-29,2025/08,SA,5890,C,6.45,NVK,6.45,,P25-0042/10,,GR/IR clearing,DPET
J25-0037,1,2025-08-29,2025-08-29,2025/08,SA,2810,D,13.43,NVK,13.43,,P25-0042/20,70013,GR/IR clearing,DPET
J25-0037,2,2025-08-29,2025-08-29,2025/08,SA,5890,C,13.43,NVK,13.43,,P25-0042/20,,GR/IR clearing,DPET
W25-00126,1,2025-09-01,2025-08-29,2025/09,WE,2810,C,108148.95,NVK,108148.95,DN207591,P25-0054/10,70041,EUR pallet new,WH02
W25-00126,2,2025-09-01,2025-08-29,2025/09,WE,2810,C,39560.00,NVK,39560.00,DN207591,P25-0054/20,70041,Pallet collar,WH02
W25-00126,3,2025-09-01,2025-08-29,2025/09,WE,1410,D,147708.95,NVK,147708.95,DN207591,,70041,Goods receipt P25-0054,WH02
W25-00127,1,2025-09-01,2025-09-01,2025/09,WE,2810,C,38478.00,NVK,38478.00,LS238124,P25-0073/10,70015,Stretch film 500 mm 23 my,WH01
W25-00127,2,2025-09-01,2025-09-01,2025/09,WE,2810,C,30442.50,NVK,30442.50,LS238124,P25-0073/20,70015,,WH01
W25-00127,3,2025-09-01,2025-09-01,2025/09,WE,1410,D,68920.50,NVK,68920.50,LS238124,,70015,Goods receipt P25-0073,WH01
E25-00151,1,2025-09-01,2025-08-27,2025/09,RE,3300,C,98681.76,NVK,98681.76,2025/20473,,70022,Reagens Mivor d.o.o.,TBER
E25-00151,2,2025-09-01,2025-08-27,2025/09,RE,2810,D,30452.40,NVK,30452.40,2025/20473,P25-0062/10,70022,Solvent HPLC grade 2.5 l,TBER
E25-00151,3,2025-09-01,2025-08-27,2025/09,RE,2810,D,51782.40,NVK,51782.40,2025/20473,P25-0062/20,70022,Reference standard kit,TBER
E25-00152,1,2025-09-01,2025-08-26,2025/09,RE,3300,C,4861.86,NVK,4861.86,R/16034/25,,70061,Hitra Dostava Norvania d,TBER
E25-00154,1,2025-09-02,2025-08-29,2025/09,RE,3300,C,43680.00,NVK,43680.00,R/27788/25,,70012,Brenko Pak d.o.o.,MHAL
E25-00154,2,2025-09-02,2025-08-29,2025/09,RE,2810,D,36400.00,NVK,36400.00,R/27788/25,P25-0059/10,70012,Packing tape 48 mm,MHAL
W25-00130,1,2025-09-03,2025-09-02,2025/09,WE,2815,C,174997.72,EUR,15080.16,MSC-DN-493481,P25-0028/10,79001,Merilip crm 30 g,WH01
W25-00130,2,2025-09-03,2025-09-02,2025/09,WE,2815,D,1078.23,EUR,0.00,MSC-DN-493481,P25-0028/10,79001,Diff. GR/IR,BATCH
W25-00130,3,2025-09-03,2025-09-02,2025/09,WE,2815,C,482097.35,EUR,41544.00,MSC-DN-493481,P25-0028/20,79001,Meriflux 20 mg tbl 56x,WH01
W25-00130,4,2025-09-03,2025-09-02,2025/09,WE,2815,D,2970.40,EUR,0.00,MSC-DN-493481,P25-0028/20,79001,Diff. GR/IR,BATCH
W25-00130,5,2025-09-03,2025-09-02,2025/09,WE,2815,C,95249.74,EUR,8208.00,MSC-DN-493481,P25-0028/30,79001,Merivent 100 mg/5 ml susp 10,WH01
W25-00130,6,2025-09-03,2025-09-02,2025/09,WE,2815,D,586.88,EUR,0.00,MSC-DN-493481,P25-0028/30,79001,Diff. GR/IR,BATCH
W25-00130,7,2025-09-03,2025-09-02,2025/09,WE,2815,C,2295942.20,EUR,197849.30,MSC-DN-493481,P25-0028/40,79001,Merizol 10 mg tbl 28x,WH01
W25-00130,8,2025-09-03,2025-09-02,2025/09,WE,2815,D,14146.22,EUR,0.00,MSC-DN-493481,P25-0028/40,79001,,BATCH
W25-00130,9,2025-09-03,2025-09-02,2025/09,WE,1400,D,3048287.01,EUR,0.00,MSC-DN-493481,,79001,Goods receipt P25-0028,WH01
W25-00130,10,2025-09-03,2025-09-02,2025/09,WE,6950,C,18781.73,EUR,0.00,MSC-DN-493481,,79001,Diff. GR/IR,BATCH
E25-00156,1,2025-09-03,2025-08-30,2025/09,RE,3300,C,177250.74,NVK,177250.74,R/32562/25,,70041,Paleta Drovnik d.o.o.,MHAL
E25-00156,2,2025-09-03,2025-08-30,2025/09,RE,2810,D,108148.95,NVK,108148.95,R/32562/25,P25-0054/10,70041,EUR pallet new,MHAL
E25-00156,3,2025-09-03,2025-08-30,2025/09,RE,2810,D,39560.00,NVK,39560.00,R/32562/25,P25-0054/20,70041,Pallet collar,MHAL
E25-00157,1,2025-09-03,2025-09-01,2025/09,RE,3300,C,27108.95,NVK,27108.95,INV-2025-39002,,70065,Spedicija Karvel d.o.o.,TBER
W25-00131,1,2025-09-04,2025-09-03,2025/09,WE,2810,C,23328.00,NVK,23328.00,OT862161,P25-0065/10,70013,Label cold-chain warning,WH01
W25-00131,2,2025-09-04,2025-09-03,2025/09,WE,2810,C,15093.00,NVK,15093.00,OT862161,P25-0065/20,70013,Label serialisation blank 50,WH01
W25-00131,3,2025-09-04,2025-09-03,2025/09,WE,1410,D,38421.00,NVK,38421.00,OT862161,,70013,,WH01
W25-00132,1,2025-09-04,2025-09-01,2025/09,WE,2810,C,5670.00,NVK,5670.00,DN181630,P25-0068/10,70034,Desk organiser set,WH01
W25-00132,2,2025-09-04,2025-09-01,2025/09,WE,2810,C,3589.00,NVK,3589.00,DN181630,P25-0068/20,70034,Whiteboard markers,WH01
W25-00132,3,2025-09-04,2025-09-01,2025/09,WE,1410,D,9259.00,NVK,9259.00,DN181630,,70034,Goods receipt P25-0068,WH01
W25-00134,1,2025-09-05,2025-09-04,2025/09,WE,2815,C,6469.28,EUR,557.48,MSC-DN-433168,P25-0051/10,79001,Meriderm 250 mg inj 5 amp,WH01
W25-00134,2,2025-09-05,2025-09-04,2025/09,WE,2815,D,39.86,EUR,0.00,MSC-DN-433168,P25-0051/10,79001,Diff. GR/IR,BATCH
W25-00134,3,2025-09-05,2025-09-04,2025/09,WE,2815,C,46964.80,EUR,4047.12,MSC-DN-433168,P25-0051/30,79001,Meriderm 100 mg/5 ml susp 10,WH01
W25-00134,4,2025-09-05,2025-09-04,2025/09,WE,2815,D,289.37,EUR,0.00,MSC-DN-433168,P25-0051/30,79001,Diff. GR/IR,BATCH
W25-00134,5,2025-09-05,2025-09-04,2025/09,WE,2815,C,910340.88,EUR,78447.23,MSC-DN-433168,P25-0051/40,79001,Merigast 10 mg tbl 28x,WH01
W25-00134,6,2025-09-05,2025-09-04,2025/09,WE,2815,D,5608.98,EUR,0.00,MSC-DN-433168,P25-0051/40,79001,Diff. GR/IR,BATCH
W25-00134,7,2025-09-05,2025-09-04,2025/09,WE,1400,D,963774.96,EUR,0.00,MSC-DN-433168,,79001,Goods receipt P25-0051,WH01
W25-00134,8,2025-09-05,2025-09-04,2025/09,WE,6950,C,5938.21,EUR,0.00,MSC-DN-433168,,79001,Diff. GR/IR,BATCH
W25-00135,1,2025-09-08,2025-09-08,2025/09,WE,2810,C,42973.89,NVK,42973.89,LS595826,P25-0052/10,70011,Shipping carton 600x400x300,WH01
W25-00135,2,2025-09-08,2025-09-08,2025/09,WE,2810,C,142082.82,NVK,142082.82,LS595826,P25-0052/20,70011,Pallet box heavy duty,WH01
W25-00135,3,2025-09-08,2025-09-08,2025/09,WE,1410,D,185056.71,NVK,185056.71,LS595826,,70011,,WH01
W25-00138,1,2025-09-08,2025-09-08,2025/09,WE,2810,C,23654.40,NVK,23654.40,D-185447,P25-0087/10,70023,Filter membranes 0.45,WH01
W25-00138,2,2025-09-08,2025-09-08,2025/09,WE,1410,D,23654.40,NVK,23654.40,D-185447,,70023,Goods receipt P25-0087,WH01
E25-00159,1,2025-09-08,2025-09-06,2025/09,RE,3350,C,834075.76,EUR,71875.20,MSC90054448,,79001,Meridia Supply Chain B.V,DPET
E25-00159,2,2025-09-08,2025-09-06,2025/09,RE,2815,D,160866.22,EUR,13862.40,MSC90054448,P25-0046/10,79001,Merinor crm 30 g,DPET
E25-00159,3,2025-09-08,2025-09-06,2025/09,RE,2815,D,63499.82,EUR,5472.00,MSC90054448,P25-0046/20,79001,Merivent 100 mg/5 ml susp 10,DPET
E25-00159,4,2025-09-08,2025-09-06,2025/09,RE,2815,D,609709.71,EUR,52540.80,MSC90054448,P25-0046/40,79001,Mericard 5 mg tbl 28x,DPET
E25-00161,1,2025-09-08,2025-09-03,2025/09,RE,3350,C,1041686.30,EUR,89765.72,MSC90054428,,79001,Meridia Supply Chain B.V,TBER
E25-00161,2,2025-09-08,2025-09-03,2025/09,RE,2815,D,9997.97,EUR,861.56,MSC90054428,P25-0060/10,79001,Meriderm 250 mg inj 5 amp,TBER
E25-00161,3,2025-09-08,2025-09-03,2025/09,RE,2815,D,1031688.32,EUR,88904.16,MSC90054428,P25-0060/20,79001,Meriflux 20 mg tbl 56x,TBER
E25-00162,1,2025-09-08,2025-09-03,2025/09,RE,3300,C,7695.49,NVK,7695.49,0061990,,70053,Norvatel d.d.,TBER
E25-00164,1,2025-09-08,2025-09-05,2025/09,RE,3300,C,24692.89,NVK,24692.89,0044116,,70059,Odvetniki Strelan in par,MHAL
W25-00141,1,2025-09-09,2025-09-08,2025/09,WE,2815,C,1984.37,EUR,171.00,MSC-DN-422273,45002285/10,79001,Merivent 100 mg/5 ml susp 10,WH01
W25-00141,2,2025-09-09,2025-09-08,2025/09,WE,2815,D,18.47,EUR,0.00,MSC-DN-422273,45002285/10,79001,Diff. GR/IR,BATCH
W25-00141,3,2025-09-09,2025-09-08,2025/09,WE,2815,C,305920.15,EUR,26362.20,MSC-DN-422273,45002285/30,79001,Merilip 250 mg inj 5 amp,WH01
W25-00141,4,2025-09-09,2025-09-08,2025/09,WE,2815,D,2267.81,EUR,0.00,MSC-DN-422273,45002285/30,79001,Diff. GR/IR,BATCH
W25-00141,5,2025-09-09,2025-09-08,2025/09,WE,1400,D,307904.52,EUR,0.00,MSC-DN-422273,,79001,Goods receipt 45002285,WH01
W25-00141,6,2025-09-09,2025-09-08,2025/09,WE,6950,C,2286.28,EUR,0.00,MSC-DN-422273,,79001,Diff. GR/IR,BATCH
W25-00144,1,2025-09-09,2025-09-08,2025/09,WE,2810,C,45946.94,NVK,45946.94,LS421941,P25-0079/10,70012,Paper filler 70 g,WH02
W25-00144,2,2025-09-09,2025-09-08,2025/09,WE,2810,C,30282.00,NVK,30282.00,LS421941,P25-0079/20,70012,Bubble wrap 1.2 m,WH02
W25-00144,3,2025-09-09,2025-09-08,2025/09,WE,1410,D,76228.94,NVK,76228.94,LS421941,,70012,Goods receipt P25-0079,WH02
W25-00146,1,2025-09-09,2025-09-08,2025/09,WE,2810,C,30713.90,NVK,30713.90,DN68057,P25-0082/10,70023,Syringe filters,WH01
W25-00146,2,2025-09-09,2025-09-08,2025/09,WE,2810,C,14482.80,NVK,14482.80,DN68057,P25-0082/20,70023,HPLC column C18,WH01
W25-00146,3,2025-09-09,2025-09-08,2025/09,WE,1410,D,45196.70,NVK,45196.70,DN68057,,70023,,WH01
W25-00148,1,2025-09-09,2025-09-09,2025/09,WE,2810,C,239800.00,NVK,239800.00,OT579899,P25-0076/10,70043,Cool container liner,WH01
W25-00148,2,2025-09-09,2025-09-09,2025/09,WE,2810,C,73200.00,NVK,73200.00,OT579899,P25-0076/20,70043,Transport seal numbered,WH01
W25-00148,3,2025-09-09,2025-09-09,2025/09,WE,1410,D,313000.00,NVK,313000.00,OT579899,,70043,Goods receipt P25-0076,WH01
E25-00165,1,2025-09-09,2025-09-06,2025/09,RE,3300,C,9360.00,NVK,9360.00,INV-2025-26377,,70055,Cisto Servis Malen d.o.o,TBER
E25-00166,1,2025-09-09,2025-09-03,2025/09,RE,3300,C,14880.00,NVK,14880.00,R/19492/25,,70056,Varnost Tregal d.o.o.,MHAL
E25-00167,1,2025-09-09,2025-09-05,2025/09,RE,3300,C,81432.00,NVK,81432.00,0015356,,70015,Folia Trand d.o.o.,TBER
E25-00167,2,2025-09-09,2025-09-05,2025/09,RE,2810,D,38160.00,NVK,38160.00,0015356,P25-0073/10,70015,Stretch film 500 mm 23 my,TBER
E25-00167,3,2025-09-09,2025-09-05,2025/09,RE,2810,D,29700.00,NVK,29700.00,0015356,P25-0073/20,70015,Shrink hood pallet,TBER
W25-00150,1,2025-09-10,2025-09-10,2025/09,WE,2810,C,15279.60,NVK,15279.60,LS910244,P25-0093/10,70045,Logger docking station,WH02
W25-00150,2,2025-09-10,2025-09-10,2025/09,WE,2810,C,16960.73,NVK,16960.73,LS910244,P25-0093/20,70045,Humidity indicator card,WH02
W25-00150,3,2025-09-10,2025-09-10,2025/09,WE,2810,C,31290.00,NVK,31290.00,LS910244,P25-0093/30,70045,Temperature data logger,WH02
W25-00150,4,2025-09-10,2025-09-10,2025/09,WE,1410,D,63530.33,NVK,63530.33,LS910244,,70045,Goods receipt P25-0093,WH02
E25-00168,1,2025-09-10,2025-09-08,2025/09,RE,3300,C,103200.00,NVK,103200.00,R/45880/25,,70051,Nepremicnine Castrum d.o,TBER
E25-00169,1,2025-09-11,2025-09-06,2025/09,RE,3300,C,49800.00,NVK,49800.00,F-046793,,70054,Autolease Vendra d.o.o.,TBER
W25-00151,1,2025-09-12,2025-09-10,2025/09,WE,2815,C,728678.24,EUR,62792.73,MSC-DN-449113,P25-0057/10,79001,Meritan 40 mg caps 30x,WH02
W25-00151,2,2025-09-12,2025-09-10,2025/09,WE,2815,D,4489.68,EUR,0.00,MSC-DN-449113,P25-0057/10,79001,Diff. GR/IR,BATCH
W25-00151,3,2025-09-12,2025-09-10,2025/09,WE,2815,C,1084661.47,EUR,93469.04,MSC-DN-449113,P25-0057/20,79001,Merigast 10 mg tbl 28x,WH02
W25-00151,4,2025-09-12,2025-09-10,2025/09,WE,2815,D,6683.03,EUR,0.00,MSC-DN-449113,P25-0057/20,79001,Diff. GR/IR,BATCH
W25-00151,5,2025-09-12,2025-09-10,2025/09,WE,2815,C,1085730.02,EUR,93561.12,MSC-DN-449113,P25-0057/30,79001,Meripain 5 mg tbl 28x,WH02
W25-00151,6,2025-09-12,2025-09-10,2025/09,WE,2815,D,6689.62,EUR,0.00,MSC-DN-449113,P25-0057/30,79001,Diff. GR/IR,BATCH
W25-00151,7,2025-09-12,2025-09-10,2025/09,WE,2815,C,184597.89,EUR,15907.44,MSC-DN-449113,P25-0057/40,79001,Merivent 20 mg tbl 56x,WH02
W25-00151,8,2025-09-12,2025-09-10,2025/09,WE,2815,D,1137.38,EUR,0.00,MSC-DN-449113,P25-0057/40,79001,Diff. GR/IR,BATCH
W25-00151,9,2025-09-12,2025-09-10,2025/09,WE,1400,D,3083667.62,EUR,0.00,MSC-DN-449113,,79001,Goods receipt P25-0057,WH02
W25-00151,10,2025-09-12,2025-09-10,2025/09,WE,6950,C,18999.71,EUR,0.00,MSC-DN-449113,,79001,Diff. GR/IR,BATCH
E25-00170,1,2025-09-12,2025-09-07,2025/09,RE,3300,C,17786.48,NVK,17786.48,2025/56254,,70052,Energija Norvania d.d.,TBER
E25-00172,1,2025-09-12,2025-09-08,2025/09,RE,3300,C,111840.14,NVK,111840.14,F-021002,,70058,Revizija Holmek d.o.o.,TBER
W25-00152,1,2025-09-15,2025-09-15,2025/09,WE,2815,C,260416.12,EUR,22440.96,MSC-DN-489535,P25-0036/20,79001,Meripain 20 mg tbl 56x,WH02
W25-00152,2,2025-09-15,2025-09-15,2025/09,WE,2815,D,1091.08,EUR,0.00,MSC-DN-489535,P25-0036/20,79001,Diff. GR/IR,BATCH
W25-00152,3,2025-09-15,2025-09-15,2025/09,WE,1400,D,260416.12,EUR,0.00,MSC-DN-489535,,79001,Goods receipt P25-0036,WH02
W25-00152,4,2025-09-15,2025-09-15,2025/09,WE,6950,C,1091.08,EUR,0.00,MSC-DN-489535,,79001,Diff. GR/IR,BATCH
W25-00154,1,2025-09-15,2025-09-15,2025/09,WE,2810,D,9200.00,NVK,9200.00,DN207591,P25-0054/20,70041,Pallet collar,WH02
W25-00154,2,2025-09-15,2025-09-15,2025/09,WE,1410,C,9200.00,NVK,9200.00,DN207591,,70041,Goods receipt P25-0054,WH02
W25-00157,1,2025-09-15,2025-09-15,2025/09,WE,2815,C,9997.97,EUR,861.56,MSC-DN-478315,P25-0060/10,79001,Meriderm 250 mg inj 5 amp,WH02
W25-00157,2,2025-09-15,2025-09-15,2025/09,WE,2815,C,1031688.32,EUR,88904.16,MSC-DN-478315,P25-0060/20,79001,Meriflux 20 mg tbl 56x,WH02
W25-00157,3,2025-09-15,2025-09-15,2025/09,WE,1400,D,1041686.29,EUR,0.00,MSC-DN-478315,,79001,Goods receipt P25-0060,WH02
W25-00160,1,2025-09-15,2025-09-12,2025/09,WE,2815,C,114043.46,EUR,9827.52,MSC-DN-450414,P25-0071/10,79001,Merilip crm 30 g,WH02
W25-00160,2,2025-09-15,2025-09-12,2025/09,WE,2815,C,47413.20,EUR,4085.76,MSC-DN-450414,P25-0071/20,79001,Meritan 100 mg/5 ml susp 100,WH02
W25-00160,3,2025-09-15,2025-09-12,2025/09,WE,2815,C,16933.29,EUR,1459.20,MSC-DN-450414,P25-0071/30,79001,Merinor crm 30 g,WH02
W25-00160,4,2025-09-15,2025-09-12,2025/09,WE,1400,D,178389.95,EUR,0.00,MSC-DN-450414,,79001,Goods receipt P25-0071,WH02
W25-00163,1,2025-09-15,2025-09-15,2025/09,WE,2810,C,7750.00,NVK,7750.00,LS991243,P25-0108/10,70031,Copy paper A4 80 g,WH01
W25-00163,2,2025-09-15,2025-09-15,2025/09,WE,2810,C,7236.00,NVK,7236.00,LS991243,P25-0108/20,70031,Envelopes C4,WH01
W25-00163,3,2025-09-15,2025-09-15,2025/09,WE,1410,D,14986.00,NVK,14986.00,LS991243,,70031,Goods receipt P25-0108,WH01
W25-00165,1,2025-09-15,2025-09-15,2025/09,WE,2810,C,12800.00,NVK,12800.00,DN622832,P25-0084/10,70044,Load securing strap,WH01
W25-00165,2,2025-09-15,2025-09-15,2025/09,WE,1410,D,12800.00,NVK,12800.00,DN622832,,70044,Goods receipt P25-0084,WH01
E25-00174,1,2025-09-15,2025-09-11,2025/09,RE,3350,C,35462.42,EUR,3055.92,MSC90054481,,79001,Meridia Supply Chain B.V,TBER
E25-00174,2,2025-09-15,2025-09-11,2025/09,RE,2815,D,14114.79,EUR,1216.32,MSC90054481,P25-0051/10,79001,Meriderm 250 mg inj 5 amp,TBER
E25-00174,3,2025-09-15,2025-09-11,2025/09,RE,2815,C,27.33,EUR,0.00,MSC90054481,P25-0051/10,79001,Diff. GR/IR,BATCH
E25-00174,4,2025-09-15,2025-09-11,2025/09,RE,2815,D,21347.64,EUR,1839.60,MSC90054481,P25-0051/30,79001,Meriderm 100 mg/5 ml susp 10,TBER
E25-00174,5,2025-09-15,2025-09-11,2025/09,RE,2815,C,90.43,EUR,0.00,MSC90054481,P25-0051/30,79001,Diff. GR/IR,BATCH
E25-00174,6,2025-09-15,2025-09-11,2025/09,RE,6950,D,117.76,EUR,0.00,MSC90054481,,79001,Diff. GR/IR,BATCH
E25-00176,1,2025-09-15,2025-09-09,2025/09,RE,3300,C,46105.20,NVK,46105.20,2025/38805,,70013,Etiketa Sorvin d.o.o.,TBER
E25-00176,2,2025-09-15,2025-09-09,2025/09,RE,2810,D,23328.00,NVK,23328.00,2025/38805,P25-0065/10,70013,Label cold-chain warning,TBER
E25-00176,3,2025-09-15,2025-09-09,2025/09,RE,2810,D,15093.00,NVK,15093.00,2025/38805,P25-0065/20,70013,Label serialisation blank 50,TBER
E25-00178,1,2025-09-15,2025-09-06,2025/09,RE,3300,C,11110.80,NVK,11110.80,INV-2025-34026,,70034,Uredska Oprema Hrist d.o,TBER
E25-00178,2,2025-09-15,2025-09-06,2025/09,RE,2810,D,5670.00,NVK,5670.00,INV-2025-34026,P25-0068/10,70034,Desk organiser set,TBER
E25-00178,3,2025-09-15,2025-09-06,2025/09,RE,2810,D,3589.00,NVK,3589.00,INV-2025-34026,P25-0068/20,70034,Whiteboard markers,TBER
E25-00180,1,2025-09-15,2025-09-11,2025/09,RE,3350,C,2486241.50,EUR,214248.05,MSC90054482,,79001,Meridia Supply Chain B.V,TBER
E25-00180,2,2025-09-15,2025-09-11,2025/09,RE,2815,D,443529.56,EUR,38220.48,MSC90054482,P25-0077/10,79001,Meriflux 20 mg tbl 56x,TBER
E25-00180,3,2025-09-15,2025-09-11,2025/09,RE,2815,D,62472.36,EUR,5383.46,MSC90054482,P25-0077/20,79001,Meritan 250 mg inj 5 amp,TBER
E25-00180,4,2025-09-15,2025-09-11,2025/09,RE,2815,D,1718476.87,EUR,148087.11,MSC90054482,P25-0077/30,79001,Meripain 10 mg tbl 28x,TBER
E25-00180,5,2025-09-15,2025-09-11,2025/09,RE,2815,D,261762.71,EUR,22557.00,MSC90054482,P25-0077/40,79001,Mericard inhal 120 dos,TBER
E25-00181,1,2025-09-15,2025-09-11,2025/09,RE,3300,C,54236.04,NVK,54236.04,F-048596,,70023,,TBER
E25-00181,2,2025-09-15,2025-09-11,2025/09,RE,2810,D,30713.90,NVK,30713.90,F-048596,P25-0082/10,70023,Syringe filters,TBER
E25-00181,3,2025-09-15,2025-09-11,2025/09,RE,2810,D,14482.80,NVK,14482.80,F-048596,P25-0082/20,70023,HPLC column C18,TBER
W25-00167,1,2025-09-16,2025-09-15,2025/09,WE,2815,C,660398.17,EUR,56908.80,MSC-DN-487090,P25-0046/10,79001,Merinor crm 30 g,WH01
W25-00167,2,2025-09-16,2025-09-15,2025/09,WE,2815,C,47241.92,EUR,4071.00,MSC-DN-487090,P25-0046/30,79001,Merigast inhal 120 dos,WH01
W25-00167,3,2025-09-16,2025-09-15,2025/09,WE,2815,C,797312.70,EUR,68707.20,MSC-DN-487090,P25-0046/40,79001,Mericard 5 mg tbl 28x,WH01
W25-00167,4,2025-09-16,2025-09-15,2025/09,WE,1400,D,1504952.79,EUR,0.00,MSC-DN-487090,,79001,Goods receipt P25-0046,WH01
E25-00182,1,2025-09-16,2025-09-12,2025/09,RE,3300,C,27033.60,NVK,27033.60,F-048604,,70023,,TBER
E25-00182,2,2025-09-16,2025-09-12,2025/09,RE,2810,D,22528.00,NVK,22528.00,F-048604,P25-0087/10,70023,Filter membranes 0.45,TBER
W25-00169,1,2025-09-18,2025-09-15,2025/09,WE,2810,C,30412.80,NVK,30412.80,DN544051,P25-0066/10,70023,Filter membranes 0.45,WH01
W25-00169,2,2025-09-18,2025-09-15,2025/09,WE,1410,D,30412.80,NVK,30412.80,DN544051,,70023,Goods receipt P25-0066,WH01
E25-00183,1,2025-09-18,2025-09-16,2025/09,RE,3350,C,1897210.19,EUR,163489.18,MSC90054516,,79001,Meridia Supply Chain B.V,TBER
E25-00183,2,2025-09-18,2025-09-16,2025/09,RE,2815,D,314927.68,EUR,27138.41,MSC90054516,P25-0092/10,79001,Merivent 40 mg caps 30x,TBER
E25-00183,3,2025-09-18,2025-09-16,2025/09,RE,2815,D,824651.05,EUR,71063.04,MSC90054516,P25-0092/20,79001,Meripain 20 mg tbl 56x,TBER
E25-00183,4,2025-09-18,2025-09-16,2025/09,RE,2815,D,757631.46,EUR,65287.73,MSC90054516,P25-0092/30,79001,Meriderm 40 mg caps 30x,TBER
E25-00184,1,2025-09-18,2025-09-11,2025/09,RE,3300,C,75422.21,NVK,75422.21,INV-2025-11577,,70045,Senzor Tehnika Olvar d.o,MHAL
E25-00184,2,2025-09-18,2025-09-11,2025/09,RE,2810,D,15279.60,NVK,15279.60,INV-2025-11577,P25-0093/10,70045,Logger docking station,MHAL
E25-00184,3,2025-09-18,2025-09-11,2025/09,RE,2810,D,16282.24,NVK,16282.24,INV-2025-11577,P25-0093/20,70045,Humidity indicator card,MHAL
E25-00184,4,2025-09-18,2025-09-11,2025/09,RE,2810,D,678.49,NVK,0.00,INV-2025-11577,P25-0093/20,70045,Diff. GR/IR,BATCH
E25-00184,5,2025-09-18,2025-09-11,2025/09,RE,2810,D,31290.00,NVK,31290.00,INV-2025-11577,P25-0093/30,70045,Temperature data logger,MHAL
E25-00184,6,2025-09-18,2025-09-11,2025/09,RE,5890,C,678.49,NVK,0.00,INV-2025-11577,,70045,Diff. GR/IR,BATCH
E25-00186,1,2025-09-19,2025-09-17,2025/09,RE,3350,C,584666.27,EUR,50382.72,MSC90054522,,79001,Meridia Supply Chain B.V,TBER
E25-00186,2,2025-09-19,2025-09-17,2025/09,RE,2815,D,7865.07,EUR,677.76,MSC90054522,P25-0071/10,79001,,TBER
E25-00186,3,2025-09-19,2025-09-17,2025/09,RE,2815,D,34936.04,EUR,3010.56,MSC90054522,P25-0071/20,79001,Meritan 100 mg/5 ml susp 100,TBER
E25-00186,4,2025-09-19,2025-09-17,2025/09,RE,2815,D,541865.16,EUR,46694.40,MSC90054522,P25-0071/30,79001,Merinor crm 30 g,TBER
E25-00188,1,2025-09-19,2025-09-15,2025/09,RE,3300,C,53640.00,NVK,53640.00,F-048621,,70023,Analitika Preles d.o.o.,TBER
E25-00188,2,2025-09-19,2025-09-15,2025/09,RE,2810,D,44700.00,NVK,44700.00,F-048621,P25-0104/10,70023,HPLC column C18,TBER
W25-00171,1,2025-09-22,2025-09-22,2025/09,WE,2810,C,22002.76,NVK,22002.76,D-855686,P25-0079/10,70012,,WH02
W25-00171,2,2025-09-22,2025-09-22,2025/09,WE,2810,C,45221.12,NVK,45221.12,D-855686,P25-0079/20,70012,Bubble wrap 1.2 m,WH02
W25-00171,3,2025-09-22,2025-09-22,2025/09,WE,1410,D,67223.88,NVK,67223.88,D-855686,,70012,Goods receipt P25-0079,WH02
W25-00173,1,2025-09-22,2025-09-17,2025/09,WE,2810,C,27684.00,NVK,27684.00,LS529596,P25-0089/10,70022,Solvent HPLC grade 2.5 l,WH01
W25-00173,2,2025-09-22,2025-09-17,2025/09,WE,2810,C,46467.56,NVK,46467.56,LS529596,P25-0089/20,70022,Buffer solution pH 7,WH01
W25-00173,3,2025-09-22,2025-09-17,2025/09,WE,2810,C,16965.00,NVK,16965.00,LS529596,P25-0089/30,70022,Reference standard kit,WH01
W25-00173,4,2025-09-22,2025-09-17,2025/09,WE,1410,D,91116.56,NVK,91116.56,LS529596,,70022,Goods receipt P25-0089,WH01
E25-00190,1,2025-09-22,2025-09-15,2025/09,RE,3300,C,91474.73,NVK,91474.73,R/27905/25,,70012,Brenko Pak d.o.o.,TBER
E25-00190,2,2025-09-22,2025-09-15,2025/09,RE,2810,D,45946.94,NVK,45946.94,R/27905/25,P25-0079/10,70012,Paper filler 70 g,TBER
E25-00190,3,2025-09-22,2025-09-15,2025/09,RE,2810,D,30282.00,NVK,30282.00,R/27905/25,P25-0079/20,70012,Bubble wrap 1.2 m,TBER
E25-00191,1,2025-09-22,2025-09-18,2025/09,RE,3350,C,1230647.25,EUR,106049.14,MSC90054528,,79001,Meridia Supply Chain B.V,TBER
E25-00191,2,2025-09-22,2025-09-18,2025/09,RE,2815,D,960763.48,EUR,82792.32,MSC90054528,P25-0095/10,79001,,TBER
E25-00191,3,2025-09-22,2025-09-18,2025/09,RE,2815,D,54253.36,EUR,4675.20,MSC90054528,P25-0095/20,79001,Meripain 20 mg tbl 56x,TBER
E25-00191,4,2025-09-22,2025-09-18,2025/09,RE,2815,D,215630.41,EUR,18581.62,MSC90054528,P25-0095/40,79001,,TBER
E25-00192,1,2025-09-22,2025-09-19,2025/09,RE,3300,C,17983.20,NVK,17983.20,2025/26670,,70031,Papirnica Osrek d.o.o.,TBER
E25-00192,2,2025-09-22,2025-09-19,2025/09,RE,2810,D,7750.00,NVK,7750.00,2025/26670,P25-0108/10,70031,Copy paper A4 80 g,TBER
E25-00192,3,2025-09-22,2025-09-19,2025/09,RE,2810,D,7236.00,NVK,7236.00,2025/26670,P25-0108/20,70031,Envelopes C4,TBER
W25-00174,1,2025-09-23,2025-09-23,2025/09,WE,2815,C,160866.22,EUR,13862.40,MSC-DN-475354,P25-0046/10,79001,Merinor crm 30 g,WH01
W25-00174,2,2025-09-23,2025-09-23,2025/09,WE,2815,C,63499.82,EUR,5472.00,MSC-DN-475354,P25-0046/20,79001,Merivent 100 mg/5 ml susp 10,WH01
W25-00174,3,2025-09-23,2025-09-23,2025/09,WE,2815,C,609709.71,EUR,52540.80,MSC-DN-475354,P25-0046/40,79001,Mericard 5 mg tbl 28x,WH01
W25-00174,4,2025-09-23,2025-09-23,2025/09,WE,1400,D,834075.75,EUR,0.00,MSC-DN-475354,,79001,,WH01
E25-00194,1,2025-09-23,2025-09-16,2025/09,RE,3300,C,222068.05,NVK,222068.05,INV-2025-24827,,70011,Kartonaza Velmir d.o.o.,TBER
E25-00194,2,2025-09-23,2025-09-16,2025/09,RE,2810,D,42973.89,NVK,42973.89,INV-2025-24827,P25-0052/10,70011,Shipping carton 600x400x300,TBER
E25-00194,3,2025-09-23,2025-09-16,2025/09,RE,2810,D,142082.82,NVK,142082.82,INV-2025-24827,P25-0052/20,70011,Pallet box heavy duty,TBER
W25-00177,1,2025-09-24,2025-09-22,2025/09,WE,2810,C,28372.80,NVK,28372.80,D-170850,P25-0117/10,70011,Shipping carton 600x400x300,WH02
W25-00177,2,2025-09-24,2025-09-22,2025/09,WE,2810,C,10140.24,NVK,10140.24,D-170850,P25-0117/20,70011,Shipping carton 400x300x250,WH02
W25-00177,3,2025-09-24,2025-09-22,2025/09,WE,1410,D,38513.04,NVK,38513.04,D-170850,,70011,Goods receipt P25-0117,WH02
E25-00196,1,2025-09-24,2025-09-22,2025/09,RE,3300,C,36495.36,NVK,36495.36,F-048676,,70023,Analitika Preles d.o.o.,TBER
E25-00196,2,2025-09-24,2025-09-22,2025/09,RE,2810,D,30412.80,NVK,30412.80,F-048676,P25-0066/10,70023,Filter membranes 0.45,TBER
E25-00197,1,2025-09-24,2025-09-23,2025/09,RE,3300,C,116234.57,NVK,116234.57,F-021112,,70058,Revizija Holmek d.o.o.,TBER
W25-00178,1,2025-09-25,2025-09-22,2025/09,WE,2815,C,14114.79,EUR,1216.32,MSC-DN-447872,P25-0051/10,79001,Meriderm 250 mg inj 5 amp,WH02
W25-00178,2,2025-09-25,2025-09-22,2025/09,WE,2815,D,27.33,EUR,0.00,MSC-DN-447872,P25-0051/10,79001,Diff. GR/IR,BATCH
W25-00178,3,2025-09-25,2025-09-22,2025/09,WE,2815,C,21347.64,EUR,1839.60,MSC-DN-447872,P25-0051/30,79001,Meriderm 100 mg/5 ml susp 10,WH02
W25-00178,4,2025-09-25,2025-09-22,2025/09,WE,2815,D,90.43,EUR,0.00,MSC-DN-447872,P25-0051/30,79001,Diff. GR/IR,BATCH
W25-00178,5,2025-09-25,2025-09-22,2025/09,WE,1400,D,35462.43,EUR,0.00,MSC-DN-447872,,79001,Goods receipt P25-0051,WH02
W25-00178,6,2025-09-25,2025-09-22,2025/09,WE,6950,C,117.76,EUR,0.00,MSC-DN-447872,,79001,Diff. GR/IR,BATCH
W25-00181,1,2025-09-25,2025-09-24,2025/09,WE,2810,C,4704.00,NVK,4704.00,D-38497,P25-0065/10,70013,Label cold-chain warning,WH01
W25-00181,2,2025-09-25,2025-09-24,2025/09,WE,2810,C,44496.40,NVK,44496.40,D-38497,P25-0065/20,70013,Label serialisation blank 50,WH01
W25-00181,3,2025-09-25,2025-09-24,2025/09,WE,1410,D,49200.40,NVK,49200.40,D-38497,,70013,Goods receipt P25-0065,WH01
E25-00198,1,2025-09-25,2025-09-20,2025/09,RE,3300,C,109339.87,NVK,109339.87,2025/20642,,70022,Reagens Mivor d.o.o.,TBER
E25-00198,2,2025-09-25,2025-09-20,2025/09,RE,2810,D,27684.00,NVK,27684.00,2025/20642,P25-0089/10,70022,Solvent HPLC grade 2.5 l,TBER
E25-00198,3,2025-09-25,2025-09-20,2025/09,RE,2810,D,46467.56,NVK,46467.56,2025/20642,P25-0089/20,70022,Buffer solution pH 7,TBER
E25-00198,4,2025-09-25,2025-09-20,2025/09,RE,2810,D,16965.00,NVK,16965.00,2025/20642,P25-0089/30,70022,,TBER
W25-00182,1,2025-09-26,2025-09-24,2025/09,WE,2815,C,443529.56,EUR,38220.48,MSC-DN-411360,P25-0077/10,79001,Meriflux 20 mg tbl 56x,WH02
W25-00182,2,2025-09-26,2025-09-24,2025/09,WE,2815,C,62472.36,EUR,5383.46,MSC-DN-411360,P25-0077/20,79001,Meritan 250 mg inj 5 amp,WH02
W25-00182,3,2025-09-26,2025-09-24,2025/09,WE,2815,C,1718476.87,EUR,148087.11,MSC-DN-411360,P25-0077/30,79001,Meripain 10 mg tbl 28x,WH02
W25-00182,4,2025-09-26,2025-09-24,2025/09,WE,2815,C,261762.71,EUR,22557.00,MSC-DN-411360,P25-0077/40,79001,Mericard inhal 120 dos,WH02
W25-00182,5,2025-09-26,2025-09-24,2025/09,WE,1400,D,2486241.50,EUR,0.00,MSC-DN-411360,,79001,Goods receipt P25-0077,WH02
W25-00183,1,2025-09-26,2025-09-26,2025/09,WE,2810,C,99280.00,NVK,99280.00,LS152802,P25-0107/10,70011,Pallet box heavy duty,WH01
W25-00183,2,2025-09-26,2025-09-26,2025/09,WE,2810,C,80535.00,NVK,80535.00,LS152802,P25-0107/20,70011,Shipping carton 400x300x250,WH01
W25-00183,3,2025-09-26,2025-09-26,2025/09,WE,2810,C,61342.80,NVK,61342.80,LS152802,P25-0107/30,70011,Carton divider set,WH01
W25-00183,4,2025-09-26,2025-09-26,2025/09,WE,1410,D,241157.80,NVK,241157.80,LS152802,,70011,Goods receipt P25-0107,WH01
W25-00185,1,2025-09-26,2025-09-25,2025/09,WE,2810,C,100850.40,NVK,100850.40,LS667753,P25-0110/10,70011,Shipping carton 600x400x300,WH01
W25-00185,2,2025-09-26,2025-09-25,2025/09,WE,2810,C,92505.60,NVK,92505.60,LS667753,P25-0110/20,70011,Pallet box heavy duty,WH01
W25-00185,3,2025-09-26,2025-09-25,2025/09,WE,1410,D,193356.00,NVK,193356.00,LS667753,,70011,Goods receipt P25-0110,WH01
E25-00200,1,2025-09-26,2025-09-23,2025/09,RE,3300,C,46215.65,NVK,46215.65,INV-2025-24876,,70011,Kartonaza Velmir d.o.o.,TBER
E25-00200,2,2025-09-26,2025-09-23,2025/09,RE,2810,D,28372.80,NVK,28372.80,INV-2025-24876,P25-0117/10,70011,,TBER
E25-00200,3,2025-09-26,2025-09-23,2025/09,RE,2810,D,10140.24,NVK,10140.24,INV-2025-24876,P25-0117/20,70011,Shipping carton 400x300x250,TBER
E25-00201,1,2025-09-26,2025-09-23,2025/09,RE,3300,C,154747.22,NVK,154747.22,F-014867,,70063,Kongres Servis Lipan d.o,TBER
W25-00188,1,2025-09-29,2025-09-29,2025/09,WE,2810,C,4700.00,NVK,4700.00,LS399686,P25-0099/10,70021,Sample vials 2 ml,WH01
W25-00188,2,2025-09-29,2025-09-29,2025/09,WE,1410,D,4700.00,NVK,4700.00,LS399686,,70021,Goods receipt P25-0099,WH01
W25-00190,1,2025-09-29,2025-09-29,2025/09,WE,2810,C,36400.00,NVK,36400.00,DN63059,P25-0059/10,70012,Packing tape 48 mm,WH01
W25-00190,2,2025-09-29,2025-09-29,2025/09,WE,1410,D,36400.00,NVK,36400.00,DN63059,,70012,Goods receipt P25-0059,WH01
E25-00203,1,2025-09-29,2025-09-25,2025/09,RE,3350,C,1504952.79,EUR,129687.00,MSC90054583,,79001,Meridia Supply Chain B.V,TBER
E25-00203,2,2025-09-29,2025-09-25,2025/09,RE,2815,D,660398.17,EUR,56908.80,MSC90054583,P25-0046/10,79001,Merinor crm 30 g,TBER
E25-00203,3,2025-09-29,2025-09-25,2025/09,RE,2815,D,47241.92,EUR,4071.00,MSC90054583,P25-0046/30,79001,Merigast inhal 120 dos,TBER
E25-00203,4,2025-09-29,2025-09-25,2025/09,RE,2815,D,797312.70,EUR,68707.20,MSC90054583,P25-0046/40,79001,Mericard 5 mg tbl 28x,TBER
E25-00205,1,2025-09-29,2025-09-24,2025/09,KG,3300,D,11040.00,NVK,11040.00,R/32738/25,,70041,,TBER
E25-00205,2,2025-09-29,2025-09-24,2025/09,KG,2810,C,9200.00,NVK,9200.00,R/32738/25,P25-0054/20,70041,Pallet collar,TBER
E25-00207,1,2025-09-29,2025-09-23,2025/09,RE,3350,C,178389.94,EUR,15372.48,MSC90054567,,79001,Meridia Supply Chain B.V,TBER
E25-00207,2,2025-09-29,2025-09-23,2025/09,RE,2815,D,114043.46,EUR,9827.52,MSC90054567,P25-0071/10,79001,Merilip crm 30 g,TBER
E25-00207,3,2025-09-29,2025-09-23,2025/09,RE,2815,D,47413.20,EUR,4085.76,MSC90054567,P25-0071/20,79001,Meritan 100 mg/5 ml susp 100,TBER
E25-00207,4,2025-09-29,2025-09-23,2025/09,RE,2815,D,16933.29,EUR,1459.20,MSC90054567,P25-0071/30,79001,Merinor crm 30 g,TBER
W25-00192,1,2025-09-30,2025-09-29,2025/09,WE,2810,C,19138.40,NVK,19138.40,OT983100,P25-0101/10,70021,Sample vials 2 ml,WH02
W25-00192,2,2025-09-30,2025-09-29,2025/09,WE,2810,C,12400.00,NVK,12400.00,OT983100,P25-0101/20,70021,Nitrile gloves M,WH02
W25-00192,3,2025-09-30,2025-09-29,2025/09,WE,2810,C,3920.00,NVK,3920.00,OT983100,P25-0101/30,70021,Pipette tips 200 ul,WH02
W25-00192,4,2025-09-30,2025-09-29,2025/09,WE,1410,D,35458.40,NVK,35458.40,OT983100,,70021,Goods receipt P25-0101,WH02
E25-00209,1,2025-09-30,2025-09-26,2025/09,RE,3350,C,266494.09,EUR,22964.72,MSC90054585,,79001,Meridia Supply Chain B.V,TBER
E25-00209,2,2025-09-30,2025-09-26,2025/09,RE,2815,D,22348.41,EUR,1925.84,MSC90054585,P25-0051/10,79001,Meriderm 250 mg inj 5 amp,TBER
E25-00209,3,2025-09-30,2025-09-26,2025/09,RE,2815,C,20.74,EUR,0.00,MSC90054585,P25-0051/10,79001,Diff. GR/IR,BATCH
E25-00209,4,2025-09-30,2025-09-26,2025/09,RE,2815,D,239876.16,EUR,20670.96,MSC90054585,P25-0051/20,79001,Mericard crm 30 g,TBER
E25-00209,5,2025-09-30,2025-09-26,2025/09,RE,2815,D,4269.53,EUR,367.92,MSC90054585,P25-0051/30,79001,Meriderm 100 mg/5 ml susp 10,TBER
E25-00209,6,2025-09-30,2025-09-26,2025/09,RE,2815,C,17.02,EUR,0.00,MSC90054585,P25-0051/30,79001,Diff. GR/IR,BATCH
E25-00209,7,2025-09-30,2025-09-26,2025/09,RE,6950,D,37.76,EUR,0.00,MSC90054585,,79001,Diff. GR/IR,BATCH
E25-00211,1,2025-09-30,2025-09-25,2025/09,RE,3300,C,79699.63,NVK,79699.63,R/27979/25,,70012,Brenko Pak d.o.o.,TBER
E25-00211,2,2025-09-30,2025-09-25,2025/09,RE,2810,D,22002.76,NVK,22002.76,R/27979/25,P25-0079/10,70012,Paper filler 70 g,TBER
E25-00211,3,2025-09-30,2025-09-25,2025/09,RE,2810,D,44413.60,NVK,44413.60,R/27979/25,P25-0079/20,70012,Bubble wrap 1.2 m,TBER
J25-0041,1,2025-09-30,2025-09-30,2025/09,SA,2810,D,807.52,NVK,807.52,,P25-0079/20,70012,Clear. GR/IR,DPET
J25-0041,2,2025-09-30,2025-09-30,2025/09,SA,5890,C,807.52,NVK,807.52,,P25-0079/20,,Clear. GR/IR,DPET
J25-0049,1,2025-09-30,2025-09-30,2025/09,SA,2810,D,2186.90,NVK,2186.90,,,,clearing GR/IR diff,DPET
J25-0049,2,2025-09-30,2025-09-30,2025/09,SA,5890,C,2186.90,NVK,2186.90,,,,clearing GR/IR diff,DPET
W25-00195,1,2025-10-01,2025-09-29,2025/10,WE,2810,C,12829.31,NVK,12829.31,OT345760,P25-0129/10,70015,Stretch film 500 mm 23 my,WH01
W25-00195,2,2025-10-01,2025-09-29,2025/10,WE,2810,C,27424.80,NVK,27424.80,OT345760,P25-0129/20,70015,Shrink hood pallet,WH01
W25-00195,3,2025-10-01,2025-09-29,2025/10,WE,1410,D,40254.11,NVK,40254.11,OT345760,,70015,Goods receipt P25-0129,WH01
E25-00213,1,2025-10-01,2025-09-28,2025/10,RE,3350,C,259888.76,EUR,22440.96,MSC90054599,,79001,Meridia Supply Chain B.V,DPET
E25-00213,2,2025-10-01,2025-09-28,2025/10,RE,2815,D,259888.76,EUR,22440.96,MSC90054599,P25-0036/20,79001,Meripain 20 mg tbl 56x,DPET
E25-00213,3,2025-10-01,2025-09-28,2025/10,RE,2815,C,563.72,EUR,0.00,MSC90054599,P25-0036/20,79001,Diff. GR/IR,BATCH
E25-00213,4,2025-10-01,2025-09-28,2025/10,RE,6950,D,563.72,EUR,0.00,MSC90054599,,79001,Diff. GR/IR,BATCH
E25-00215,1,2025-10-01,2025-09-24,2025/10,RE,3300,C,59040.48,NVK,59040.48,2025/38909,,70013,Etiketa Sorvin d.o.o.,TBER
E25-00215,2,2025-10-01,2025-09-24,2025/10,RE,2810,D,4704.00,NVK,4704.00,2025/38909,P25-0065/10,70013,Label cold-chain warning,TBER
E25-00215,3,2025-10-01,2025-09-24,2025/10,RE,2810,D,44496.40,NVK,44496.40,2025/38909,P25-0065/20,70013,Label serialisation blank 50,TBER
W25-00196,1,2025-10-02,2025-10-01,2025/10,WE,2810,C,11059.56,NVK,11059.56,LS113921,P25-0135/10,70031,Copy paper A4 80 g,WH01
W25-00196,2,2025-10-02,2025-10-01,2025/10,WE,2810,C,2948.00,NVK,2948.00,LS113921,P25-0135/20,70031,Envelopes C4,WH01
W25-00196,3,2025-10-02,2025-10-01,2025/10,WE,1410,D,14007.56,NVK,14007.56,LS113921,,70031,Goods receipt P25-0135,WH01
W25-00197,1,2025-10-03,2025-10-02,2025/10,WE,2815,C,314289.93,EUR,27138.41,MSC-DN-486694,P25-0092/10,79001,Merivent 40 mg caps 30x,WH01
W25-00197,2,2025-10-03,2025-10-02,2025/10,WE,2815,C,637.75,EUR,0.00,MSC-DN-486694,P25-0092/10,79001,Diff. GR/IR,BATCH
W25-00197,3,2025-10-03,2025-10-02,2025/10,WE,2815,C,822981.07,EUR,71063.04,MSC-DN-486694,P25-0092/20,79001,Meripain 20 mg tbl 56x,WH01
W25-00197,4,2025-10-03,2025-10-02,2025/10,WE,2815,C,1669.98,EUR,0.00,MSC-DN-486694,P25-0092/20,79001,Diff. GR/IR,BATCH
W25-00197,5,2025-10-03,2025-10-02,2025/10,WE,2815,C,374580.26,EUR,32344.38,MSC-DN-486694,P25-0092/30,79001,Meriderm 40 mg caps 30x,WH01
W25-00197,6,2025-10-03,2025-10-02,2025/10,WE,2815,C,760.10,EUR,0.00,MSC-DN-486694,P25-0092/30,79001,Diff. GR/IR,BATCH
W25-00197,7,2025-10-03,2025-10-02,2025/10,WE,1400,D,1511851.26,EUR,0.00,MSC-DN-486694,,79001,Goods receipt P25-0092,WH01
W25-00197,8,2025-10-03,2025-10-02,2025/10,WE,6950,D,3067.83,EUR,0.00,MSC-DN-486694,,79001,Diff. GR/IR,BATCH
W25-00198,1,2025-10-03,2025-09-29,2025/10,WE,2810,D,4700.00,NVK,4700.00,LS399686,P25-0099/10,70021,Sample vials 2 ml,WH01
W25-00198,2,2025-10-03,2025-09-29,2025/10,WE,1410,C,4700.00,NVK,4700.00,LS399686,,70021,Goods receipt P25-0099,WH01
W25-00200,1,2025-10-03,2025-09-29,2025/10,WE,2810,C,11750.00,NVK,11750.00,LS399686,P25-0099/10,70021,Sample vials 2 ml,WH01
W25-00200,2,2025-10-03,2025-09-29,2025/10,WE,1410,D,11750.00,NVK,11750.00,LS399686,,70021,Goods receipt P25-0099,WH01
W25-00203,1,2025-10-03,2025-09-30,2025/10,WE,2810,C,33249.36,NVK,33249.36,LS695066,P25-0125/10,70016,Gel pack 500 g,WH02
W25-00203,2,2025-10-03,2025-09-30,2025/10,WE,2810,C,1072.00,NVK,1072.00,LS695066,P25-0125/20,70016,Insulated shipper 12 l,WH02
W25-00203,3,2025-10-03,2025-09-30,2025/10,WE,1410,D,34321.36,NVK,34321.36,LS695066,,70016,Goods receipt P25-0125,WH02
E25-00216,1,2025-10-03,2025-09-29,2025/10,RE,3300,C,289389.36,NVK,289389.36,INV-2025-24921,,70011,Kartonaza Velmir d.o.o.,TBER
E25-00216,2,2025-10-03,2025-09-29,2025/10,RE,2810,D,99280.00,NVK,99280.00,INV-2025-24921,P25-0107/10,70011,Pallet box heavy duty,TBER
E25-00216,3,2025-10-03,2025-09-29,2025/10,RE,2810,D,80535.00,NVK,80535.00,INV-2025-24921,P25-0107/20,70011,Shipping carton 400x300x250,TBER
E25-00216,4,2025-10-03,2025-09-29,2025/10,RE,2810,D,61342.80,NVK,61342.80,INV-2025-24921,P25-0107/30,70011,Carton divider set,TBER
E25-00218,1,2025-10-03,2025-10-01,2025/10,RE,3350,C,839722.56,EUR,72508.64,MSC90054622,,79001,Meridia Supply Chain B.V,TBER
E25-00218,2,2025-10-03,2025-10-01,2025/10,RE,2815,D,397680.42,EUR,34339.04,MSC90054622,P25-0113/10,79001,Meripain 10 mg tbl 28x,TBER
E25-00218,3,2025-10-03,2025-10-01,2025/10,RE,2815,D,160495.98,EUR,13858.56,MSC90054622,P25-0113/20,79001,Meriflux 5 mg tbl 28x,TBER
E25-00218,4,2025-10-03,2025-10-01,2025/10,RE,2815,D,281546.15,EUR,24311.04,MSC90054622,P25-0113/30,79001,Meripain 20 mg tbl 56x,TBER
E25-00220,1,2025-10-03,2025-10-01,2025/10,RE,3350,C,1069194.98,EUR,92323.20,MSC90054621,,79001,Meridia Supply Chain B.V,TBER
E25-00220,2,2025-10-03,2025-10-01,2025/10,RE,2815,D,647943.05,EUR,55948.80,MSC90054621,P25-0122/20,79001,Merizol 20 mg tbl 56x,TBER
E25-00220,3,2025-10-03,2025-10-01,2025/10,RE,2815,D,421251.93,EUR,36374.40,MSC90054621,P25-0122/30,79001,Mericard 5 mg tbl 28x,TBER
W25-00205,1,2025-10-06,2025-10-02,2025/10,WE,2815,C,7849.14,EUR,677.76,MSC-DN-484655,P25-0071/10,79001,Merilip crm 30 g,WH01
W25-00205,2,2025-10-06,2025-10-02,2025/10,WE,2815,C,15.93,EUR,0.00,MSC-DN-484655,P25-0071/10,79001,Diff. GR/IR,BATCH
W25-00205,3,2025-10-06,2025-10-02,2025/10,WE,2815,C,34865.30,EUR,3010.56,MSC-DN-484655,P25-0071/20,79001,Meritan 100 mg/5 ml susp 100,WH01
W25-00205,4,2025-10-06,2025-10-02,2025/10,WE,2815,C,70.74,EUR,0.00,MSC-DN-484655,P25-0071/20,79001,Diff. GR/IR,BATCH
W25-00205,5,2025-10-06,2025-10-02,2025/10,WE,2815,C,540767.85,EUR,46694.40,MSC-DN-484655,P25-0071/30,79001,Merinor crm 30 g,WH01
W25-00205,6,2025-10-06,2025-10-02,2025/10,WE,2815,C,1097.31,EUR,0.00,MSC-DN-484655,P25-0071/30,79001,Diff. GR/IR,BATCH
W25-00205,7,2025-10-06,2025-10-02,2025/10,WE,1400,D,583482.29,EUR,0.00,MSC-DN-484655,,79001,Goods receipt P25-0071,WH01
W25-00205,8,2025-10-06,2025-10-02,2025/10,WE,6950,D,1183.98,EUR,0.00,MSC-DN-484655,,79001,Diff. GR/IR,BATCH
W25-00208,1,2025-10-06,2025-10-06,2025/10,WE,2810,C,65410.17,NVK,65410.17,DN873312,P25-0136/10,70016,Gel pack 500 g,WH01
W25-00208,2,2025-10-06,2025-10-06,2025/10,WE,2810,C,7772.00,NVK,7772.00,DN873312,P25-0136/20,70016,Insulated shipper 12 l,WH01
W25-00208,3,2025-10-06,2025-10-06,2025/10,WE,2810,C,39157.12,NVK,39157.12,DN873312,P25-0136/30,70016,Thermal blanket pallet,WH01
W25-00208,4,2025-10-06,2025-10-06,2025/10,WE,1410,D,112339.29,NVK,112339.29,DN873312,,70016,Goods receipt P25-0136,WH01
E25-00221,1,2025-10-06,2025-09-29,2025/10,RE,3350,C,383314.89,EUR,33098.60,MSC90054611,,79001,Meridia Supply Chain B.V,TBER
E25-00221,2,2025-10-06,2025-09-29,2025/10,RE,2815,D,14686.45,EUR,1268.15,MSC90054611,P25-0083/10,79001,Merivent 40 mg caps 30x,TBER
E25-00221,3,2025-10-06,2025-09-29,2025/10,RE,2815,D,351043.27,EUR,30312.00,MSC90054611,P25-0083/20,79001,,TBER
E25-00221,4,2025-10-06,2025-09-29,2025/10,RE,2815,D,17585.17,EUR,1518.45,MSC90054611,P25-0083/30,79001,Merinor 250 mg inj 5 amp,TBER
E25-00222,1,2025-10-06,2025-10-01,2025/10,RE,3350,C,315952.84,EUR,27282.00,MSC90054619,,79001,Meridia Supply Chain B.V,TBER
E25-00222,2,2025-10-06,2025-10-01,2025/10,RE,2815,D,36877.61,EUR,3184.32,MSC90054619,P25-0095/10,79001,Merigast 5 mg tbl 28x,TBER
E25-00222,3,2025-10-06,2025-10-01,2025/10,RE,2815,D,129944.38,EUR,11220.48,MSC90054619,P25-0095/20,79001,Meripain 20 mg tbl 56x,TBER
E25-00222,4,2025-10-06,2025-10-01,2025/10,RE,2815,D,149130.85,EUR,12877.20,MSC90054619,P25-0095/30,79001,Meriderm 100 mg/5 ml susp 10,TBER
E25-00223,1,2025-10-06,2025-10-01,2025/10,RE,3300,C,232027.20,NVK,232027.20,INV-2025-24933,,70011,Kartonaza Velmir d.o.o.,TBER
E25-00223,2,2025-10-06,2025-10-01,2025/10,RE,2810,D,100850.40,NVK,100850.40,INV-2025-24933,P25-0110/10,70011,Shipping carton 600x400x300,TBER
E25-00223,3,2025-10-06,2025-10-01,2025/10,RE,2810,D,92505.60,NVK,92505.60,INV-2025-24933,P25-0110/20,70011,Pallet box heavy duty,TBER
W25-00210,1,2025-10-07,2025-10-02,2025/10,WE,2815,D,314289.93,EUR,27138.41,MSC-DN-486694,P25-0092/10,79001,Merivent 40 mg caps 30x,WH01
W25-00210,2,2025-10-07,2025-10-02,2025/10,WE,2815,D,637.75,EUR,0.00,MSC-DN-486694,P25-0092/10,79001,Diff. GR/IR,BATCH
W25-00210,3,2025-10-07,2025-10-02,2025/10,WE,2815,D,822981.07,EUR,71063.04,MSC-DN-486694,P25-0092/20,79001,Meripain 20 mg tbl 56x,WH01
W25-00210,4,2025-10-07,2025-10-02,2025/10,WE,2815,D,1669.98,EUR,0.00,MSC-DN-486694,P25-0092/20,79001,Diff. GR/IR,BATCH
W25-00210,5,2025-10-07,2025-10-02,2025/10,WE,2815,D,374580.26,EUR,32344.38,MSC-DN-486694,P25-0092/30,79001,Meriderm 40 mg caps 30x,WH01
W25-00210,6,2025-10-07,2025-10-02,2025/10,WE,2815,D,760.10,EUR,0.00,MSC-DN-486694,P25-0092/30,79001,Diff. GR/IR,BATCH
W25-00210,7,2025-10-07,2025-10-02,2025/10,WE,1400,C,1511851.26,EUR,0.00,MSC-DN-486694,,79001,Goods receipt P25-0092,WH01
W25-00210,8,2025-10-07,2025-10-02,2025/10,WE,6950,C,3067.83,EUR,0.00,MSC-DN-486694,,79001,Diff. GR/IR,BATCH
W25-00213,1,2025-10-07,2025-10-02,2025/10,WE,2815,C,314289.93,EUR,27138.41,MSC-DN-486694,P25-0092/10,79001,Merivent 40 mg caps 30x,WH01
W25-00213,2,2025-10-07,2025-10-02,2025/10,WE,2815,C,637.75,EUR,0.00,MSC-DN-486694,P25-0092/10,79001,Diff. GR/IR,BATCH
W25-00213,3,2025-10-07,2025-10-02,2025/10,WE,2815,C,822981.07,EUR,71063.04,MSC-DN-486694,P25-0092/20,79001,Meripain 20 mg tbl 56x,WH01
W25-00213,4,2025-10-07,2025-10-02,2025/10,WE,2815,C,1669.98,EUR,0.00,MSC-DN-486694,P25-0092/20,79001,Diff. GR/IR,BATCH
W25-00213,5,2025-10-07,2025-10-02,2025/10,WE,2815,C,756097.20,EUR,65287.73,MSC-DN-486694,P25-0092/30,79001,Meriderm 40 mg caps 30x,WH01
W25-00213,6,2025-10-07,2025-10-02,2025/10,WE,2815,C,1534.26,EUR,0.00,MSC-DN-486694,P25-0092/30,79001,Diff. GR/IR,BATCH
W25-00213,7,2025-10-07,2025-10-02,2025/10,WE,1400,D,1893368.20,EUR,0.00,MSC-DN-486694,,79001,Goods receipt P25-0092,WH01
W25-00213,8,2025-10-07,2025-10-02,2025/10,WE,6950,D,3841.99,EUR,0.00,MSC-DN-486694,,79001,Diff. GR/IR,BATCH
E25-00225,1,2025-10-07,2025-10-05,2025/10,RE,3300,C,9360.00,NVK,9360.00,INV-2025-26579,,70055,Cisto Servis Malen d.o.o,TBER
E25-00227,1,2025-10-07,2025-10-03,2025/10,RE,3300,C,45312.00,NVK,45312.00,R/28034/25,,70012,Brenko Pak d.o.o.,TBER
E25-00227,2,2025-10-07,2025-10-03,2025/10,RE,2810,D,37760.00,NVK,37760.00,R/28034/25,P25-0116/10,70012,Packing tape 48 mm,TBER
W25-00214,1,2025-10-08,2025-10-06,2025/10,WE,2810,C,117656.55,NVK,117656.55,DN234429,P25-0128/10,70041,EUR pallet new,WH01
W25-00214,2,2025-10-08,2025-10-06,2025/10,WE,2810,C,19918.46,NVK,19918.46,DN234429,P25-0128/20,70041,Pallet collar,WH01
W25-00214,3,2025-10-08,2025-10-06,2025/10,WE,1410,D,137575.01,NVK,137575.01,DN234429,,70041,Goods receipt P25-0128,WH01
W25-00217,1,2025-10-08,2025-10-08,2025/10,WE,2810,C,87600.00,NVK,87600.00,OT768243,P25-0130/10,70011,Pallet box heavy duty,WH01
W25-00217,2,2025-10-08,2025-10-08,2025/10,WE,1410,D,87600.00,NVK,87600.00,OT768243,,70011,Goods receipt P25-0130,WH01
E25-00229,1,2025-10-08,2025-10-02,2025/10,RE,3300,C,41185.63,NVK,41185.63,INV-2025-58455,,70016,Ambalaza Krestov d.d.,TBER
E25-00229,2,2025-10-08,2025-10-02,2025/10,RE,2810,D,33249.36,NVK,33249.36,INV-2025-58455,P25-0125/10,70016,Gel pack 500 g,TBER
E25-00229,3,2025-10-08,2025-10-02,2025/10,RE,2810,D,1072.00,NVK,1072.00,INV-2025-58455,P25-0125/20,70016,Insulated shipper 12 l,TBER
E25-00231,1,2025-10-08,2025-10-04,2025/10,RE,3300,C,103200.00,NVK,103200.00,R/46059/25,,70051,Nepremicnine Castrum d.o,TBER
W25-00218,1,2025-10-09,2025-10-06,2025/10,WE,2815,C,958817.86,EUR,82792.32,MSC-DN-453112,P25-0095/10,79001,Merigast 5 mg tbl 28x,WH01
W25-00218,2,2025-10-09,2025-10-06,2025/10,WE,2815,C,1873.56,EUR,0.00,MSC-DN-453112,P25-0095/10,79001,Diff. GR/IR,BATCH
W25-00218,3,2025-10-09,2025-10-06,2025/10,WE,2815,C,54143.49,EUR,4675.20,MSC-DN-453112,P25-0095/20,79001,Meripain 20 mg tbl 56x,WH01
W25-00218,4,2025-10-09,2025-10-06,2025/10,WE,2815,C,32.32,EUR,0.00,MSC-DN-453112,P25-0095/20,79001,Diff. GR/IR,BATCH
W25-00218,5,2025-10-09,2025-10-06,2025/10,WE,2815,C,215193.74,EUR,18581.62,MSC-DN-453112,P25-0095/40,79001,Meritan 250 mg inj 5 amp,WH01
W25-00218,6,2025-10-09,2025-10-06,2025/10,WE,2815,C,436.67,EUR,0.00,MSC-DN-453112,P25-0095/40,79001,,BATCH
W25-00218,7,2025-10-09,2025-10-06,2025/10,WE,1400,D,1228155.09,EUR,0.00,MSC-DN-453112,,79001,Goods receipt P25-0095,WH01
W25-00218,8,2025-10-09,2025-10-06,2025/10,WE,6950,D,2342.55,EUR,0.00,MSC-DN-453112,,79001,Diff. GR/IR,BATCH
W25-00220,1,2025-10-09,2025-10-07,2025/10,WE,2810,C,15605.04,NVK,15605.04,D-32274,P25-0117/10,70011,Shipping carton 600x400x300,WH01
W25-00220,2,2025-10-09,2025-10-07,2025/10,WE,2810,C,11983.92,NVK,11983.92,D-32274,P25-0117/20,70011,Shipping carton 400x300x250,WH01
W25-00220,3,2025-10-09,2025-10-07,2025/10,WE,1410,D,27588.96,NVK,27588.96,D-32274,,70011,Goods receipt P25-0117,WH01
W25-00221,1,2025-10-09,2025-10-07,2025/10,WE,2810,C,141620.00,NVK,141620.00,LS78428,P25-0123/10,70011,Pallet box heavy duty,WH02
W25-00221,2,2025-10-09,2025-10-07,2025/10,WE,2810,C,86166.99,NVK,86166.99,LS78428,P25-0123/20,70011,Shipping carton 400x300x250,WH02
W25-00221,3,2025-10-09,2025-10-07,2025/10,WE,1410,D,227786.99,NVK,227786.99,LS78428,,70011,Goods receipt P25-0123,WH02
E25-00232,1,2025-10-09,2025-10-05,2025/10,RE,3350,C,2668364.31,EUR,230408.80,MSC90054651,,79001,Meridia Supply Chain B.V,TBER
E25-00232,2,2025-10-09,2025-10-05,2025/10,RE,2815,D,178612.37,EUR,15422.88,MSC90054651,P25-0098/10,79001,Merilip 100 mg/5 ml susp 100,TBER
E25-00232,3,2025-10-09,2025-10-05,2025/10,RE,2815,D,504320.12,EUR,43547.20,MSC90054651,P25-0098/20,79001,Merilip 250 mg inj 5 amp,TBER
E25-00232,4,2025-10-09,2025-10-05,2025/10,RE,2815,D,1450978.86,EUR,125289.60,MSC90054651,P25-0098/30,79001,Mericard 5 mg tbl 28x,TBER
E25-00232,5,2025-10-09,2025-10-05,2025/10,RE,2815,D,534452.96,EUR,46149.12,MSC90054651,P25-0098/40,79001,Mericard crm 30 g,TBER
E25-00233,1,2025-10-09,2025-10-05,2025/10,RE,3300,C,42550.08,NVK,42550.08,R/60651/25,,70021,Labtek Soran d.o.o.,TBER
E25-00233,2,2025-10-09,2025-10-05,2025/10,RE,2810,D,19138.40,NVK,19138.40,R/60651/25,P25-0101/10,70021,Sample vials 2 ml,TBER
E25-00233,3,2025-10-09,2025-10-05,2025/10,RE,2810,D,12400.00,NVK,12400.00,R/60651/25,P25-0101/20,70021,Nitrile gloves M,TBER
E25-00233,4,2025-10-09,2025-10-05,2025/10,RE,2810,D,3920.00,NVK,3920.00,R/60651/25,P25-0101/30,70021,Pipette tips 200 ul,TBER
E25-00235,1,2025-10-09,2025-10-07,2025/10,RE,3300,C,21519.89,NVK,21519.89,2025/56466,,70052,Energija Norvania d.d.,TBER
E25-00237,1,2025-10-09,2025-10-03,2025/10,RE,3300,C,8645.70,NVK,8645.70,0062203,,70053,Norvatel d.d.,DPET
E25-00239,1,2025-10-09,2025-10-04,2025/10,RE,3300,C,49800.00,NVK,49800.00,F-046985,,70054,Autolease Vendra d.o.o.,MHAL
W25-00223,1,2025-10-10,2025-10-10,2025/10,WE,2810,C,30573.84,EUR,2640.00,D-707439,P25-0142/10,70025,Calibration weight set,WH01
W25-00223,2,2025-10-10,2025-10-10,2025/10,WE,2810,C,74697.45,EUR,6450.00,D-707439,P25-0142/20,70025,Stability chamber sensor,WH01
W25-00223,3,2025-10-10,2025-10-10,2025/10,WE,2810,C,86278.45,EUR,7450.00,D-707439,P25-0142/30,70025,Analytical balance module,WH01
W25-00223,4,2025-10-10,2025-10-10,2025/10,WE,1410,D,191549.74,EUR,0.00,D-707439,,70025,Goods receipt P25-0142,WH01
E25-00241,1,2025-10-10,2025-10-07,2025/10,RE,3300,C,16809.07,NVK,16809.07,2025/26796,,70031,Papirnica Osrek d.o.o.,TBER
E25-00241,2,2025-10-10,2025-10-07,2025/10,RE,2810,D,11059.56,NVK,11059.56,2025/26796,P25-0135/10,70031,Copy paper A4 80 g,TBER
E25-00241,3,2025-10-10,2025-10-07,2025/10,RE,2810,D,2948.00,NVK,2948.00,2025/26796,P25-0135/20,70031,Envelopes C4,TBER
W25-00224,1,2025-10-13,2025-10-10,2025/10,WE,2815,C,14686.45,EUR,1268.15,MSC-DN-422627,P25-0083/10,79001,,WH01
W25-00224,2,2025-10-13,2025-10-10,2025/10,WE,2815,C,351043.27,EUR,30312.00,MSC-DN-422627,P25-0083/20,79001,Mericard 5 mg tbl 28x,WH01
W25-00224,3,2025-10-13,2025-10-10,2025/10,WE,2815,C,17585.17,EUR,1518.45,MSC-DN-422627,P25-0083/30,79001,Merinor 250 mg inj 5 amp,WH01
W25-00224,4,2025-10-13,2025-10-10,2025/10,WE,1400,D,383314.89,EUR,0.00,MSC-DN-422627,,79001,Goods receipt P25-0083,WH01
W25-00225,1,2025-10-13,2025-10-09,2025/10,WE,2810,C,9400.00,NVK,9400.00,DN157554,P25-0099/10,70021,Sample vials 2 ml,WH01
W25-00225,2,2025-10-13,2025-10-09,2025/10,WE,1410,D,9400.00,NVK,9400.00,DN157554,,70021,Goods receipt P25-0099,WH01
W25-00228,1,2025-10-13,2025-10-07,2025/10,WE,2810,D,15605.04,NVK,15605.04,D-32274,P25-0117/10,70011,Shipping carton 600x400x300,WH01
W25-00228,2,2025-10-13,2025-10-07,2025/10,WE,2810,D,11983.92,NVK,11983.92,D-32274,P25-0117/20,70011,Shipping carton 400x300x250,WH01
W25-00228,3,2025-10-13,2025-10-07,2025/10,WE,1410,C,27588.96,NVK,27588.96,D-32274,,70011,Goods receipt P25-0117,WH01
W25-00229,1,2025-10-13,2025-10-07,2025/10,WE,2810,C,14186.40,NVK,14186.40,D-32274,P25-0117/10,70011,Shipping carton 600x400x300,WH01
W25-00229,2,2025-10-13,2025-10-07,2025/10,WE,2810,C,11983.92,NVK,11983.92,D-32274,P25-0117/20,70011,Shipping carton 400x300x250,WH01
W25-00229,3,2025-10-13,2025-10-07,2025/10,WE,1410,D,26170.32,NVK,26170.32,D-32274,,70011,,WH01
E25-00242,1,2025-10-13,2025-10-07,2025/10,RE,3300,C,14100.00,NVK,14100.00,R/60661/25,,70021,Labtek Soran d.o.o.,TBER
E25-00242,2,2025-10-13,2025-10-07,2025/10,RE,2810,D,11750.00,NVK,11750.00,R/60661/25,P25-0099/10,70021,,TBER
E25-00244,1,2025-10-13,2025-10-09,2025/10,RE,3300,C,279547.37,NVK,279547.37,INV-2025-24986,,70011,Kartonaza Velmir d.o.o.,TBER
E25-00244,2,2025-10-13,2025-10-09,2025/10,RE,2810,D,141620.00,NVK,141620.00,INV-2025-24986,P25-0123/10,70011,Pallet box heavy duty,TBER
E25-00244,3,2025-10-13,2025-10-09,2025/10,RE,2810,D,91336.14,NVK,91336.14,INV-2025-24986,P25-0123/20,70011,Shipping carton 400x300x250,TBER
E25-00244,4,2025-10-13,2025-10-09,2025/10,RE,2810,C,5169.15,NVK,0.00,INV-2025-24986,P25-0123/20,70011,Diff. GR/IR,BATCH
E25-00244,5,2025-10-13,2025-10-09,2025/10,RE,5890,D,5169.15,NVK,0.00,INV-2025-24986,,70011,Diff. GR/IR,BATCH
E25-00246,1,2025-10-13,2025-10-08,2025/10,RE,3300,C,165090.01,NVK,165090.01,R/32838/25,,70041,Paleta Drovnik d.o.o.,TBER
E25-00246,2,2025-10-13,2025-10-08,2025/10,RE,2810,D,117656.55,NVK,117656.55,R/32838/25,P25-0128/10,70041,EUR pallet new,TBER
E25-00246,3,2025-10-13,2025-10-08,2025/10,RE,2810,D,19918.46,NVK,19918.46,R/32838/25,P25-0128/20,70041,Pallet collar,TBER
E25-00248,1,2025-10-13,2025-10-06,2025/10,RE,3300,C,48304.93,NVK,48304.93,0015577,,70015,Folia Trand d.o.o.,MHAL
E25-00248,2,2025-10-13,2025-10-06,2025/10,RE,2810,D,12829.31,NVK,12829.31,0015577,P25-0129/10,70015,Stretch film 500 mm 23 my,MHAL
E25-00248,3,2025-10-13,2025-10-06,2025/10,RE,2810,D,27424.80,NVK,27424.80,0015577,P25-0129/20,70015,Shrink hood pallet,MHAL
E25-00250,1,2025-10-13,2025-10-09,2025/10,RE,3300,C,14880.00,NVK,14880.00,R/19743/25,,70056,Varnost Tregal d.o.o.,DPET
E25-00251,1,2025-10-13,2025-10-06,2025/10,RE,3300,C,4019.63,NVK,4019.63,0024044,,70064,Prevodi Semra s.p.,TBER
W25-00232,1,2025-10-14,2025-10-13,2025/10,WE,2815,C,36877.61,EUR,3184.32,MSC-DN-473659,P25-0095/10,79001,Merigast 5 mg tbl 28x,WH02
W25-00232,2,2025-10-14,2025-10-13,2025/10,WE,2815,C,72.06,EUR,0.00,MSC-DN-473659,P25-0095/10,79001,Diff. GR/IR,BATCH
W25-00232,3,2025-10-14,2025-10-13,2025/10,WE,2815,C,129944.38,EUR,11220.48,MSC-DN-473659,P25-0095/20,79001,Meripain 20 mg tbl 56x,WH02
W25-00232,4,2025-10-14,2025-10-13,2025/10,WE,2815,C,77.55,EUR,0.00,MSC-DN-473659,P25-0095/20,79001,Diff. GR/IR,BATCH
W25-00232,5,2025-10-14,2025-10-13,2025/10,WE,2815,C,149130.85,EUR,12877.20,MSC-DN-473659,P25-0095/30,79001,Meriderm 100 mg/5 ml susp 10,WH02
W25-00232,6,2025-10-14,2025-10-13,2025/10,WE,1400,D,315952.84,EUR,0.00,MSC-DN-473659,,79001,,WH02
W25-00232,7,2025-10-14,2025-10-13,2025/10,WE,6950,D,149.61,EUR,0.00,MSC-DN-473659,,79001,Diff. GR/IR,BATCH
W25-00234,1,2025-10-14,2025-10-13,2025/10,WE,2810,C,44400.06,NVK,44400.06,LS485217,P25-0125/10,70016,Gel pack 500 g,WH01
W25-00234,2,2025-10-14,2025-10-13,2025/10,WE,2810,C,4288.00,NVK,4288.00,LS485217,P25-0125/20,70016,Insulated shipper 12 l,WH01
W25-00234,3,2025-10-14,2025-10-13,2025/10,WE,1410,D,48688.06,NVK,48688.06,LS485217,,70016,Goods receipt P25-0125,WH01
W25-00236,1,2025-10-14,2025-10-13,2025/10,WE,2810,C,10350.00,NVK,10350.00,D-680481,P25-0132/10,70011,Shipping carton 600x400x300,WH02
W25-00236,2,2025-10-14,2025-10-13,2025/10,WE,2810,C,2993.00,NVK,2993.00,D-680481,P25-0132/20,70011,Pallet box heavy duty,WH02
W25-00236,3,2025-10-14,2025-10-13,2025/10,WE,1410,D,13343.00,NVK,13343.00,D-680481,,70011,Goods receipt P25-0132,WH02
E25-00252,1,2025-10-14,2025-10-08,2025/10,RE,3300,C,130659.11,NVK,130659.11,INV-2025-56229,,70060,Agencija Pikto d.o.o.,TBER
W25-00239,1,2025-10-15,2025-10-13,2025/10,WE,2815,C,22303.15,EUR,1925.84,MSC-DN-412243,P25-0051/10,79001,Meriderm 250 mg inj 5 amp,WH01
W25-00239,2,2025-10-15,2025-10-13,2025/10,WE,2815,C,24.52,EUR,0.00,MSC-DN-412243,P25-0051/10,79001,Diff. GR/IR,BATCH
W25-00239,3,2025-10-15,2025-10-13,2025/10,WE,2815,C,239390.39,EUR,20670.96,MSC-DN-412243,P25-0051/20,79001,Mericard crm 30 g,WH01
W25-00239,4,2025-10-15,2025-10-13,2025/10,WE,2815,C,485.77,EUR,0.00,MSC-DN-412243,P25-0051/20,79001,Diff. GR/IR,BATCH
W25-00239,5,2025-10-15,2025-10-13,2025/10,WE,2815,C,4260.88,EUR,367.92,MSC-DN-412243,P25-0051/30,79001,Meriderm 100 mg/5 ml susp 10,WH01
W25-00239,6,2025-10-15,2025-10-13,2025/10,WE,2815,D,8.37,EUR,0.00,MSC-DN-412243,P25-0051/30,79001,Diff. GR/IR,BATCH
W25-00239,7,2025-10-15,2025-10-13,2025/10,WE,1400,D,265954.42,EUR,0.00,MSC-DN-412243,,79001,Goods receipt P25-0051,WH01
W25-00239,8,2025-10-15,2025-10-13,2025/10,WE,6950,D,501.92,EUR,0.00,MSC-DN-412243,,79001,Diff. GR/IR,BATCH
W25-00240,1,2025-10-15,2025-10-13,2025/10,WE,2810,C,16746.10,NVK,16746.10,LS166903,P25-0101/10,70021,Sample vials 2 ml,WH01
W25-00240,2,2025-10-15,2025-10-13,2025/10,WE,2810,C,9300.00,NVK,9300.00,LS166903,P25-0101/20,70021,Nitrile gloves M,WH01
W25-00240,3,2025-10-15,2025-10-13,2025/10,WE,2810,C,10780.00,NVK,10780.00,LS166903,P25-0101/30,70021,Pipette tips 200 ul,WH01
W25-00240,4,2025-10-15,2025-10-13,2025/10,WE,1410,D,36826.10,NVK,36826.10,LS166903,,70021,Goods receipt P25-0101,WH01
W25-00241,1,2025-10-15,2025-10-15,2025/10,WE,2810,C,1850.58,NVK,1850.58,D-901601,P25-0144/10,70032,Archive box,WH02
W25-00241,2,2025-10-15,2025-10-15,2025/10,WE,2810,C,2099.36,NVK,2099.36,D-901601,P25-0144/20,70032,Ring binder A4,WH02
W25-00241,3,2025-10-15,2025-10-15,2025/10,WE,1410,D,3949.94,NVK,3949.94,D-901601,,70032,Goods receipt P25-0144,WH02
E25-00254,1,2025-10-15,2025-10-09,2025/10,RE,3300,C,31404.38,NVK,31404.38,INV-2025-24989,,70011,Kartonaza Velmir d.o.o.,TBER
E25-00254,2,2025-10-15,2025-10-09,2025/10,RE,2810,D,14186.40,NVK,14186.40,INV-2025-24989,P25-0117/10,70011,Shipping carton 600x400x300,TBER
E25-00254,3,2025-10-15,2025-10-09,2025/10,RE,2810,D,11983.92,NVK,11983.92,INV-2025-24989,P25-0117/20,70011,Shipping carton 400x300x250,TBER
W25-00243,1,2025-10-16,2025-10-13,2025/10,WE,2815,C,397680.42,EUR,34339.04,MSC-DN-490477,P25-0113/10,79001,Meripain 10 mg tbl 28x,WH02
W25-00243,2,2025-10-16,2025-10-13,2025/10,WE,2815,C,160495.98,EUR,13858.56,MSC-DN-490477,P25-0113/20,79001,Meriflux 5 mg tbl 28x,WH02
W25-00243,3,2025-10-16,2025-10-13,2025/10,WE,2815,C,281546.15,EUR,24311.04,MSC-DN-490477,P25-0113/30,79001,Meripain 20 mg tbl 56x,WH02
W25-00243,4,2025-10-16,2025-10-13,2025/10,WE,1400,D,839722.55,EUR,0.00,MSC-DN-490477,,79001,Goods receipt P25-0113,WH02
W25-00244,1,2025-10-16,2025-10-13,2025/10,WE,2815,C,647943.05,EUR,55948.80,MSC-DN-438858,P25-0122/20,79001,Merizol 20 mg tbl 56x,WH02
W25-00244,2,2025-10-16,2025-10-13,2025/10,WE,2815,C,421251.93,EUR,36374.40,MSC-DN-438858,P25-0122/30,79001,Mericard 5 mg tbl 28x,WH02
W25-00244,3,2025-10-16,2025-10-13,2025/10,WE,1400,D,1069194.98,EUR,0.00,MSC-DN-438858,,79001,Goods receipt P25-0122,WH02
W25-00247,1,2025-10-16,2025-10-16,2025/10,WE,2810,C,9619.18,EUR,830.60,LS847254,P25-0141/10,70024,Desiccator 300 mm,WH01
W25-00247,2,2025-10-16,2025-10-16,2025/10,WE,2810,C,22948.21,EUR,1981.54,LS847254,P25-0141/20,70024,Glass burette 50 ml,WH01
W25-00247,3,2025-10-16,2025-10-16,2025/10,WE,1410,D,32567.39,EUR,0.00,LS847254,,70024,Goods receipt P25-0141,WH01
E25-00255,1,2025-10-16,2025-10-15,2025/10,RE,3300,C,16848.00,NVK,16848.00,R/28030/25,,70026,,TBER
E25-00255,2,2025-10-16,2025-10-15,2025/10,RE,2810,D,14040.00,NVK,14040.00,R/28030/25,P25-0155/10,70026,Culture media plates,TBER
E25-00256,1,2025-10-16,2025-10-10,2025/10,RE,3300,C,105120.00,NVK,105120.00,INV-2025-24992,,70011,Kartonaza Velmir d.o.o.,DPET
E25-00256,2,2025-10-16,2025-10-10,2025/10,RE,2810,D,87600.00,NVK,87600.00,INV-2025-24992,P25-0130/10,70011,Pallet box heavy duty,DPET
W25-00250,1,2025-10-17,2025-10-17,2025/10,WE,2810,C,20763.00,NVK,20763.00,D-295706,P25-0151/10,70022,Solvent HPLC grade 2.5 l,WH01
W25-00250,2,2025-10-17,2025-10-17,2025/10,WE,1410,D,20763.00,NVK,20763.00,D-295706,,70022,Goods receipt P25-0151,WH01
E25-00258,1,2025-10-17,2025-10-10,2025/10,RE,3300,C,134807.15,NVK,134807.15,INV-2025-58506,,70016,Ambalaza Krestov d.d.,TBER
E25-00258,2,2025-10-17,2025-10-10,2025/10,RE,2810,D,65410.17,NVK,65410.17,INV-2025-58506,P25-0136/10,70016,,TBER
E25-00258,3,2025-10-17,2025-10-10,2025/10,RE,2810,D,7772.00,NVK,7772.00,INV-2025-58506,P25-0136/20,70016,Insulated shipper 12 l,TBER
E25-00258,4,2025-10-17,2025-10-10,2025/10,RE,2810,D,39157.12,NVK,39157.12,INV-2025-58506,P25-0136/30,70016,Thermal blanket pallet,TBER
W25-00253,1,2025-10-20,2025-10-13,2025/10,WE,2810,D,10350.00,NVK,10350.00,D-680481,P25-0132/10,70011,,WH02
W25-00253,2,2025-10-20,2025-10-13,2025/10,WE,2810,D,2993.00,NVK,2993.00,D-680481,P25-0132/20,70011,Pallet box heavy duty,WH02
W25-00253,3,2025-10-20,2025-10-13,2025/10,WE,1410,C,13343.00,NVK,13343.00,D-680481,,70011,,WH02
W25-00254,1,2025-10-20,2025-10-13,2025/10,WE,2810,C,10350.00,NVK,10350.00,D-680481,P25-0132/10,70011,Shipping carton 600x400x300,WH02
W25-00254,2,2025-10-20,2025-10-13,2025/10,WE,2810,C,5986.00,NVK,5986.00,D-680481,P25-0132/20,70011,Pallet box heavy duty,WH02
W25-00254,3,2025-10-20,2025-10-13,2025/10,WE,1410,D,16336.00,NVK,16336.00,D-680481,,70011,Goods receipt P25-0132,WH02
W25-00257,1,2025-10-20,2025-10-20,2025/10,WE,2810,C,19200.00,NVK,19200.00,D-722437,P25-0149/10,70013,Label cold-chain warning,WH01
W25-00257,2,2025-10-20,2025-10-20,2025/10,WE,1410,D,19200.00,NVK,19200.00,D-722437,,70013,Goods receipt P25-0149,WH01
E25-00259,1,2025-10-20,2025-10-16,2025/10,RE,3350,C,875241.49,EUR,75575.64,MSC90054725,,79001,,TBER
E25-00259,2,2025-10-20,2025-10-16,2025/10,RE,2815,D,193861.08,EUR,16739.58,MSC90054725,P25-0083/10,79001,Merivent 40 mg caps 30x,TBER
E25-00259,3,2025-10-20,2025-10-16,2025/10,RE,2815,D,491460.58,EUR,42436.80,MSC90054725,P25-0083/20,79001,Mericard 5 mg tbl 28x,TBER
E25-00259,4,2025-10-20,2025-10-16,2025/10,RE,2815,D,189919.83,EUR,16399.26,MSC90054725,P25-0083/30,79001,Merinor 250 mg inj 5 amp,TBER
E25-00260,1,2025-10-20,2025-10-14,2025/10,RE,3300,C,11280.00,NVK,11280.00,R/60710/25,,70021,Labtek Soran d.o.o.,DPET
E25-00260,2,2025-10-20,2025-10-14,2025/10,RE,2810,D,9400.00,NVK,9400.00,R/60710/25,P25-0099/10,70021,,DPET
E25-00262,1,2025-10-20,2025-10-14,2025/10,RE,3300,C,58425.67,NVK,58425.67,INV-2025-58536,,70016,Ambalaza Krestov d.d.,TBER
E25-00262,2,2025-10-20,2025-10-14,2025/10,RE,2810,D,44400.06,NVK,44400.06,INV-2025-58536,P25-0125/10,70016,Gel pack 500 g,TBER
E25-00262,3,2025-10-20,2025-10-14,2025/10,RE,2810,D,4288.00,NVK,4288.00,INV-2025-58536,P25-0125/20,70016,Insulated shipper 12 l,TBER
E25-00264,1,2025-10-20,2025-10-11,2025/10,RE,3310,C,191549.74,EUR,16540.00,INV-2025-30173,,70025,Sciomed Instruments Kere,TBER
E25-00264,2,2025-10-20,2025-10-11,2025/10,RE,2810,D,30573.84,EUR,2640.00,INV-2025-30173,P25-0142/10,70025,Calibration weight set,TBER
E25-00264,3,2025-10-20,2025-10-11,2025/10,RE,2810,D,74697.45,EUR,6450.00,INV-2025-30173,P25-0142/20,70025,Stability chamber sensor,TBER
E25-00264,4,2025-10-20,2025-10-11,2025/10,RE,2810,D,86278.45,EUR,7450.00,INV-2025-30173,P25-0142/30,70025,Analytical balance module,TBER
E25-00266,1,2025-10-20,2025-10-13,2025/10,RE,3300,C,9085.91,NVK,9085.91,R/44442/25,,70066,Sistemi Datren d.o.o.,MHAL
W25-00259,1,2025-10-21,2025-10-20,2025/10,WE,2815,C,178612.37,EUR,15422.88,MSC-DN-450812,P25-0098/10,79001,Merilip 100 mg/5 ml susp 100,WH01
W25-00259,2,2025-10-21,2025-10-20,2025/10,WE,2815,C,504320.12,EUR,43547.20,MSC-DN-450812,P25-0098/20,79001,Merilip 250 mg inj 5 amp,WH01
W25-00259,3,2025-10-21,2025-10-20,2025/10,WE,2815,C,1497784.63,EUR,129331.20,MSC-DN-450812,P25-0098/30,79001,Mericard 5 mg tbl 28x,WH01
W25-00259,4,2025-10-21,2025-10-20,2025/10,WE,2815,C,534452.96,EUR,46149.12,MSC-DN-450812,P25-0098/40,79001,Mericard crm 30 g,WH01
W25-00259,5,2025-10-21,2025-10-20,2025/10,WE,1400,D,2715170.08,EUR,0.00,MSC-DN-450812,,79001,Goods receipt P25-0098,WH01
W25-00261,1,2025-10-21,2025-10-13,2025/10,WE,2810,D,16746.10,NVK,16746.10,LS166903,P25-0101/10,70021,Sample vials 2 ml,WH01
W25-00261,2,2025-10-21,2025-10-13,2025/10,WE,2810,D,9300.00,NVK,9300.00,LS166903,P25-0101/20,70021,Nitrile gloves M,WH01
W25-00261,3,2025-10-21,2025-10-13,2025/10,WE,2810,D,10780.00,NVK,10780.00,LS166903,P25-0101/30,70021,Pipette tips 200 ul,WH01
W25-00261,4,2025-10-21,2025-10-13,2025/10,WE,1410,C,36826.10,NVK,36826.10,LS166903,,70021,Goods receipt P25-0101,WH01
W25-00264,1,2025-10-21,2025-10-13,2025/10,WE,2810,C,16746.10,NVK,16746.10,LS166903,P25-0101/10,70021,Sample vials 2 ml,WH01
W25-00264,2,2025-10-21,2025-10-13,2025/10,WE,2810,C,9300.00,NVK,9300.00,LS166903,P25-0101/20,70021,Nitrile gloves M,WH01
W25-00264,3,2025-10-21,2025-10-13,2025/10,WE,2810,C,8820.00,NVK,8820.00,LS166903,P25-0101/30,70021,Pipette tips 200 ul,WH01
W25-00264,4,2025-10-21,2025-10-13,2025/10,WE,1410,D,34866.10,NVK,34866.10,LS166903,,70021,Goods receipt P25-0101,WH01
W25-00266,1,2025-10-21,2025-10-20,2025/10,WE,2810,C,106528.18,NVK,106528.18,OT685259,P25-0148/10,70012,Bubble wrap 1.2 m,WH01
W25-00266,2,2025-10-21,2025-10-20,2025/10,WE,2810,C,39716.58,NVK,39716.58,OT685259,P25-0148/20,70012,Paper filler 70 g,WH01
W25-00266,3,2025-10-21,2025-10-20,2025/10,WE,2810,C,33105.80,NVK,33105.80,OT685259,P25-0148/30,70012,Packing tape 48 mm,WH01
W25-00266,4,2025-10-21,2025-10-20,2025/10,WE,1410,D,179350.56,NVK,179350.56,OT685259,,70012,Goods receipt P25-0148,WH01
E25-00268,1,2025-10-21,2025-10-17,2025/10,RE,3350,C,61781.39,EUR,5334.72,MSC90054736,,79001,Meridia Supply Chain B.V,DPET
E25-00268,2,2025-10-21,2025-10-17,2025/10,RE,2815,D,40124.00,EUR,3464.64,MSC90054736,P25-0113/20,79001,Meriflux 5 mg tbl 28x,DPET
E25-00268,3,2025-10-21,2025-10-17,2025/10,RE,2815,D,21657.40,EUR,1870.08,MSC90054736,P25-0113/30,79001,Meripain 20 mg tbl 56x,DPET
E25-00270,1,2025-10-21,2025-10-16,2025/10,RE,3300,C,4739.93,NVK,4739.93,F-039372,,70032,,TBER
E25-00270,2,2025-10-21,2025-10-16,2025/10,RE,2810,D,1850.58,NVK,1850.58,F-039372,P25-0144/10,70032,Archive box,TBER
E25-00270,3,2025-10-21,2025-10-16,2025/10,RE,2810,D,2099.36,NVK,2099.36,F-039372,P25-0144/20,70032,Ring binder A4,TBER
W25-00269,1,2025-10-22,2025-10-20,2025/10,WE,2815,D,178612.37,EUR,15422.88,MSC-DN-450812,P25-0098/10,79001,Merilip 100 mg/5 ml susp 100,WH01
W25-00269,2,2025-10-22,2025-10-20,2025/10,WE,2815,D,504320.12,EUR,43547.20,MSC-DN-450812,P25-0098/20,79001,Merilip 250 mg inj 5 amp,WH01
W25-00269,3,2025-10-22,2025-10-20,2025/10,WE,2815,D,1497784.63,EUR,129331.20,MSC-DN-450812,P25-0098/30,79001,Mericard 5 mg tbl 28x,WH01
W25-00269,4,2025-10-22,2025-10-20,2025/10,WE,2815,D,534452.96,EUR,46149.12,MSC-DN-450812,P25-0098/40,79001,Mericard crm 30 g,WH01
W25-00269,5,2025-10-22,2025-10-20,2025/10,WE,1400,C,2715170.08,EUR,0.00,MSC-DN-450812,,79001,Goods receipt P25-0098,WH01
W25-00270,1,2025-10-22,2025-10-20,2025/10,WE,2815,C,178612.37,EUR,15422.88,MSC-DN-450812,P25-0098/10,79001,Merilip 100 mg/5 ml susp 100,WH01
W25-00270,2,2025-10-22,2025-10-20,2025/10,WE,2815,C,504320.12,EUR,43547.20,MSC-DN-450812,P25-0098/20,79001,Merilip 250 mg inj 5 amp,WH01
W25-00270,3,2025-10-22,2025-10-20,2025/10,WE,2815,C,1450978.86,EUR,125289.60,MSC-DN-450812,P25-0098/30,79001,Mericard 5 mg tbl 28x,WH01
W25-00270,4,2025-10-22,2025-10-20,2025/10,WE,2815,C,534452.96,EUR,46149.12,MSC-DN-450812,P25-0098/40,79001,Mericard crm 30 g,WH01
W25-00270,5,2025-10-22,2025-10-20,2025/10,WE,1400,D,2668364.31,EUR,0.00,MSC-DN-450812,,79001,Goods receipt P25-0098,WH01
W25-00272,1,2025-10-22,2025-10-20,2025/10,WE,2810,C,5100.00,NVK,5100.00,DN633606,P25-0138/10,70022,Buffer solution pH 7,WH01
W25-00272,2,2025-10-22,2025-10-20,2025/10,WE,1410,D,5100.00,NVK,5100.00,DN633606,,70022,Goods receipt P25-0138,WH01
E25-00272,1,2025-10-22,2025-10-20,2025/10,RE,3310,C,32567.39,EUR,2812.14,0019250,,70024,Vitrum Laborbedarf Halde,TBER
E25-00272,2,2025-10-22,2025-10-20,2025/10,RE,2810,D,9619.18,EUR,830.60,0019250,P25-0141/10,70024,Desiccator 300 mm,TBER
E25-00272,3,2025-10-22,2025-10-20,2025/10,RE,2810,D,22948.21,EUR,1981.54,0019250,P25-0141/20,70024,Glass burette 50 ml,TBER
W25-00273,1,2025-10-24,2025-10-21,2025/10,WE,2810,C,10968.88,NVK,10968.88,LS711332,P25-0153/10,70016,Gel pack 500 g,WH01
W25-00273,2,2025-10-24,2025-10-21,2025/10,WE,2810,C,6579.50,NVK,6579.50,LS711332,P25-0153/20,70016,Insulated shipper 12 l,WH01
W25-00273,3,2025-10-24,2025-10-21,2025/10,WE,1410,D,17548.38,NVK,17548.38,LS711332,,70016,Goods receipt P25-0153,WH01
E25-00273,1,2025-10-24,2025-10-18,2025/10,RE,3300,C,41521.80,NVK,41521.80,R/60743/25,,70021,Labtek Soran d.o.o.,TBER
E25-00273,2,2025-10-24,2025-10-18,2025/10,RE,2810,D,16746.10,NVK,16746.10,R/60743/25,P25-0101/10,70021,Sample vials 2 ml,TBER
E25-00273,3,2025-10-24,2025-10-18,2025/10,RE,2810,D,9300.00,NVK,9300.00,R/60743/25,P25-0101/20,70021,Nitrile gloves M,TBER
E25-00273,4,2025-10-24,2025-10-18,2025/10,RE,2810,D,8555.40,NVK,8555.40,R/60743/25,P25-0101/30,70021,Pipette tips 200 ul,TBER
E25-00273,5,2025-10-24,2025-10-18,2025/10,RE,2810,D,264.60,NVK,0.00,R/60743/25,P25-0101/30,70021,Diff. GR/IR,BATCH
E25-00273,6,2025-10-24,2025-10-18,2025/10,RE,5890,C,264.60,NVK,0.00,R/60743/25,,70021,Diff. GR/IR,BATCH
E25-00275,1,2025-10-24,2025-10-18,2025/10,RE,3300,C,19603.20,NVK,19603.20,INV-2025-25051,,70011,Kartonaza Velmir d.o.o.,TBER
E25-00275,2,2025-10-24,2025-10-18,2025/10,RE,2810,D,10350.00,NVK,10350.00,INV-2025-25051,P25-0132/10,70011,Shipping carton 600x400x300,TBER
E25-00275,3,2025-10-24,2025-10-18,2025/10,RE,2810,D,5986.00,NVK,5986.00,INV-2025-25051,P25-0132/20,70011,Pallet box heavy duty,TBER
E25-00277,1,2025-10-24,2025-10-21,2025/10,RE,3350,C,1556580.90,EUR,134408.16,MSC90054765,,79001,Meridia Supply Chain B.V,TBER
E25-00277,2,2025-10-24,2025-10-21,2025/10,RE,2815,D,1295348.28,EUR,111851.16,MSC90054765,P25-0147/10,79001,Meriflux 10 mg tbl 28x,TBER
E25-00277,3,2025-10-24,2025-10-21,2025/10,RE,2815,D,261232.62,EUR,22557.00,MSC90054765,P25-0147/20,79001,Mericard inhal 120 dos,TBER
E25-00278,1,2025-10-24,2025-10-20,2025/10,RE,3300,C,23254.56,NVK,23254.56,2025/20852,,70022,Reagens Mivor d.o.o.,TBER
E25-00278,2,2025-10-24,2025-10-20,2025/10,RE,2810,D,19378.80,NVK,19378.80,2025/20852,P25-0151/10,70022,Solvent HPLC grade 2.5 l,TBER
W25-00276,1,2025-10-27,2025-10-23,2025/10,WE,2810,C,44650.00,NVK,44650.00,D-659922,P25-0099/10,70021,Sample vials 2 ml,WH02
W25-00276,2,2025-10-27,2025-10-23,2025/10,WE,2810,C,10424.06,NVK,10424.06,D-659922,P25-0099/20,70021,Nitrile gloves M,WH02
W25-00276,3,2025-10-27,2025-10-23,2025/10,WE,1410,D,55074.06,NVK,55074.06,D-659922,,70021,Goods receipt P25-0099,WH02
E25-00280,1,2025-10-27,2025-10-24,2025/10,KG,3300,D,2220.13,NVK,2220.13,INV-2025-25095,,70011,Kartonaza Velmir d.o.o.,TBER
E25-00280,2,2025-10-27,2025-10-24,2025/10,KG,2810,C,1850.11,NVK,1850.11,INV-2025-25095,P25-0110/20,70011,Pallet box heavy duty,TBER
E25-00280,3,2025-10-27,2025-10-24,2025/10,KG,2810,D,1850.11,NVK,0.00,INV-2025-25095,P25-0110/20,70011,Diff. GR/IR,BATCH
E25-00280,4,2025-10-27,2025-10-24,2025/10,KG,5890,C,1850.11,NVK,0.00,INV-2025-25095,,70011,Diff. GR/IR,BATCH
E25-00282,1,2025-10-27,2025-10-23,2025/10,RE,3350,C,1048126.82,EUR,90504.00,MSC90054775,,79001,Meridia Supply Chain B.V,MHAL
E25-00282,2,2025-10-27,2025-10-23,2025/10,RE,2815,D,41802.78,EUR,3609.60,MSC90054775,P25-0122/20,79001,Merizol 20 mg tbl 56x,MHAL
E25-00282,3,2025-10-27,2025-10-23,2025/10,RE,2815,D,1006324.05,EUR,86894.40,MSC90054775,P25-0122/30,79001,Mericard 5 mg tbl 28x,MHAL
E25-00284,1,2025-10-27,2025-10-22,2025/10,RE,3300,C,6120.00,NVK,6120.00,2025/20867,,70022,Reagens Mivor d.o.o.,TBER
E25-00284,2,2025-10-27,2025-10-22,2025/10,RE,2810,D,5100.00,NVK,5100.00,2025/20867,P25-0138/10,70022,Buffer solution pH 7,TBER
E25-00285,1,2025-10-27,2025-10-20,2025/10,RE,3300,C,26839.61,NVK,26839.61,R/44491/25,,70066,Sistemi Datren d.o.o.,TBER
E25-00286,1,2025-10-28,2025-10-24,2025/10,RE,3300,C,23040.00,NVK,23040.00,2025/39118,,70013,Etiketa Sorvin d.o.o.,TBER
E25-00286,2,2025-10-28,2025-10-24,2025/10,RE,2810,D,19200.00,NVK,19200.00,2025/39118,P25-0149/10,70013,Label cold-chain warning,TBER
W25-00278,1,2025-10-29,2025-10-28,2025/10,WE,2810,C,19138.40,NVK,19138.40,DN933855,P25-0101/10,70021,Sample vials 2 ml,WH02
W25-00278,2,2025-10-29,2025-10-28,2025/10,WE,2810,C,3100.00,NVK,3100.00,DN933855,P25-0101/20,70021,Nitrile gloves M,WH02
W25-00278,3,2025-10-29,2025-10-28,2025/10,WE,2810,C,41160.00,NVK,41160.00,DN933855,P25-0101/30,70021,Pipette tips 200 ul,WH02
W25-00278,4,2025-10-29,2025-10-28,2025/10,WE,1410,D,63398.40,NVK,63398.40,DN933855,,70021,Goods receipt P25-0101,WH02
E25-00288,1,2025-10-29,2025-10-25,2025/10,RE,3350,C,81616.63,EUR,7047.46,MSC90054787,,79001,Meridia Supply Chain B.V,TBER
E25-00288,2,2025-10-29,2025-10-25,2025/10,RE,2815,D,9012.10,EUR,778.18,MSC90054787,P25-0119/10,79001,Merinor inhal 120 dos,TBER
E25-00288,3,2025-10-29,2025-10-25,2025/10,RE,2815,D,72604.53,EUR,6269.28,MSC90054787,P25-0119/20,79001,Merilip crm 30 g,TBER
E25-00290,1,2025-10-29,2025-10-24,2025/10,RE,3300,C,215220.67,NVK,215220.67,R/28180/25,,70012,Brenko Pak d.o.o.,TBER
E25-00290,2,2025-10-29,2025-10-24,2025/10,RE,2810,D,106528.18,NVK,106528.18,R/28180/25,P25-0148/10,70012,Bubble wrap 1.2 m,TBER
E25-00290,3,2025-10-29,2025-10-24,2025/10,RE,2810,D,39716.58,NVK,39716.58,R/28180/25,P25-0148/20,70012,Paper filler 70 g,TBER
E25-00290,4,2025-10-29,2025-10-24,2025/10,RE,2810,D,33105.80,NVK,33105.80,R/28180/25,P25-0148/30,70012,Packing tape 48 mm,TBER
W25-00281,1,2025-10-30,2025-10-30,2025/10,WE,2810,C,6900.00,NVK,6900.00,D-337566,P25-0132/10,70011,Shipping carton 600x400x300,WH01
W25-00281,2,2025-10-30,2025-10-30,2025/10,WE,2810,C,7482.50,NVK,7482.50,D-337566,P25-0132/20,70011,Pallet box heavy duty,WH01
W25-00281,3,2025-10-30,2025-10-30,2025/10,WE,1410,D,14382.50,NVK,14382.50,D-337566,,70011,Goods receipt P25-0132,WH01
E25-00292,1,2025-10-30,2025-10-26,2025/10,RE,3300,C,21058.06,NVK,21058.06,INV-2025-58617,,70016,Ambalaza Krestov d.d.,TBER
E25-00292,2,2025-10-30,2025-10-26,2025/10,RE,2810,D,10968.88,NVK,10968.88,INV-2025-58617,P25-0153/10,70016,Gel pack 500 g,TBER
E25-00292,3,2025-10-30,2025-10-26,2025/10,RE,2810,D,6579.50,NVK,6579.50,INV-2025-58617,P25-0153/20,70016,Insulated shipper 12 l,TBER
J25-0054,1,2025-10-31,2025-10-31,2025/10,SA,2810,D,1348.20,NVK,1348.20,,P25-0151/10,70022,clearing GR/IR diff,DPET
J25-0054,2,2025-10-31,2025-10-31,2025/10,SA,5890,C,1348.20,NVK,1348.20,,P25-0151/10,,clearing GR/IR diff,DPET
J25-0057,1,2025-10-31,2025-10-31,2025/10,SA,2810,D,38400.00,NVK,38400.00,,P25-0031/10,70014,GR/IR clearing,DPET
J25-0057,2,2025-10-31,2025-10-31,2025/10,SA,5890,C,38400.00,NVK,38400.00,,P25-0031/10,,GR/IR clearing,DPET
W25-00284,1,2025-11-03,2025-11-03,2025/11,WE,2815,C,195384.38,EUR,16739.58,MSC-DN-459675,P25-0083/10,79001,Merivent 40 mg caps 30x,WH01
W25-00284,2,2025-11-03,2025-11-03,2025/11,WE,2815,D,1523.30,EUR,0.00,MSC-DN-459675,P25-0083/10,79001,Diff. GR/IR,BATCH
W25-00284,3,2025-11-03,2025-11-03,2025/11,WE,2815,C,495322.33,EUR,42436.80,MSC-DN-459675,P25-0083/20,79001,Mericard 5 mg tbl 28x,WH01
W25-00284,4,2025-11-03,2025-11-03,2025/11,WE,2815,D,3861.75,EUR,0.00,MSC-DN-459675,P25-0083/20,79001,Diff. GR/IR,BATCH
W25-00284,5,2025-11-03,2025-11-03,2025/11,WE,2815,C,191412.16,EUR,16399.26,MSC-DN-459675,P25-0083/30,79001,Merinor 250 mg inj 5 amp,WH01
W25-00284,6,2025-11-03,2025-11-03,2025/11,WE,2815,D,1492.33,EUR,0.00,MSC-DN-459675,P25-0083/30,79001,Diff. GR/IR,BATCH
W25-00284,7,2025-11-03,2025-11-03,2025/11,WE,1400,D,882118.87,EUR,0.00,MSC-DN-459675,,79001,Goods receipt P25-0083,WH01
W25-00284,8,2025-11-03,2025-11-03,2025/11,WE,6950,C,6877.38,EUR,0.00,MSC-DN-459675,,79001,Diff. GR/IR,BATCH
W25-00286,1,2025-11-03,2025-10-31,2025/11,WE,2810,C,36680.00,NVK,36680.00,OT931922,P25-0168/10,70012,Paper filler 70 g,WH01
W25-00286,2,2025-11-03,2025-10-31,2025/11,WE,2810,C,19824.00,NVK,19824.00,OT931922,P25-0168/20,70012,Packing tape 48 mm,WH01
W25-00286,3,2025-11-03,2025-10-31,2025/11,WE,1410,D,56504.00,NVK,56504.00,OT931922,,70012,Goods receipt P25-0168,WH01
E25-00293,1,2025-11-03,2025-11-02,2025/11,RE,3300,C,49800.00,NVK,49800.00,F-047192,,70054,Autolease Vendra d.o.o.,TBER
E25-00294,1,2025-11-03,2025-10-29,2025/11,RE,3300,C,97548.64,NVK,97548.64,2025/19203,,70057,Konsalt Ribar d.o.o.,TBER
W25-00289,1,2025-11-04,2025-11-04,2025/11,WE,2815,C,9082.92,EUR,778.18,MSC-DN-438225,P25-0119/10,79001,Merinor inhal 120 dos,WH01
W25-00289,2,2025-11-04,2025-11-04,2025/11,WE,2815,D,70.82,EUR,0.00,MSC-DN-438225,P25-0119/10,79001,Diff. GR/IR,BATCH
W25-00289,3,2025-11-04,2025-11-04,2025/11,WE,2815,C,73175.04,EUR,6269.28,MSC-DN-438225,P25-0119/20,79001,Merilip crm 30 g,WH01
W25-00289,4,2025-11-04,2025-11-04,2025/11,WE,2815,D,570.51,EUR,0.00,MSC-DN-438225,P25-0119/20,79001,Diff. GR/IR,BATCH
W25-00289,5,2025-11-04,2025-11-04,2025/11,WE,1400,D,82257.96,EUR,0.00,MSC-DN-438225,,79001,Goods receipt P25-0119,WH01
W25-00289,6,2025-11-04,2025-11-04,2025/11,WE,6950,C,641.33,EUR,0.00,MSC-DN-438225,,79001,Diff. GR/IR,BATCH
W25-00290,1,2025-11-04,2025-11-04,2025/11,WE,2810,C,14040.00,NVK,14040.00,D-895268,P25-0155/10,70026,Culture media plates,WH01
W25-00290,2,2025-11-04,2025-11-04,2025/11,WE,1410,D,14040.00,NVK,14040.00,D-895268,,70026,Goods receipt P25-0155,WH01
E25-00295,1,2025-11-04,2025-10-31,2025/11,RE,3300,C,66088.87,NVK,66088.87,R/60833/25,,70021,Labtek Soran d.o.o.,TBER
E25-00295,2,2025-11-04,2025-10-31,2025/11,RE,2810,D,44650.00,NVK,44650.00,R/60833/25,P25-0099/10,70021,Sample vials 2 ml,TBER
E25-00295,3,2025-11-04,2025-10-31,2025/11,RE,2810,D,10424.06,NVK,10424.06,R/60833/25,P25-0099/20,70021,Nitrile gloves M,TBER
W25-00292,1,2025-11-05,2025-11-05,2025/11,WE,2810,C,11263.48,EUR,965.00,DN257470,P25-0158/10,70042,PCM panel set,WH01
W25-00292,2,2025-11-05,2025-11-05,2025/11,WE,1410,D,11263.48,EUR,0.00,DN257470,,70042,Goods receipt P25-0158,WH01
E25-00296,1,2025-11-05,2025-10-10,2025/11,RE,3300,C,105120.00,NVK,105120.00,INV202524992,,70011,Kartonaza Velmir d.o.o.,TBER
E25-00296,2,2025-11-05,2025-10-10,2025/11,RE,2810,D,87600.00,NVK,87600.00,INV202524992,P25-0130/10,70011,Pallet box heavy duty,TBER
W25-00294,1,2025-11-06,2025-11-06,2025/11,WE,2810,C,11040.00,NVK,11040.00,DN461007,P25-0132/10,70011,Shipping carton 600x400x300,WH02
W25-00294,2,2025-11-06,2025-11-06,2025/11,WE,2810,C,71832.00,NVK,71832.00,DN461007,P25-0132/20,70011,Pallet box heavy duty,WH02
W25-00294,3,2025-11-06,2025-11-06,2025/11,WE,1410,D,82872.00,NVK,82872.00,DN461007,,70011,Goods receipt P25-0132,WH02
W25-00296,1,2025-11-06,2025-11-06,2025/11,WE,2810,C,15520.00,NVK,15520.00,D-689897,P25-0167/10,70041,EUR pallet new,WH01
W25-00296,2,2025-11-06,2025-11-06,2025/11,WE,2810,C,6900.00,NVK,6900.00,D-689897,P25-0167/20,70041,Pallet collar,WH01
W25-00296,3,2025-11-06,2025-11-06,2025/11,WE,1410,D,22420.00,NVK,22420.00,D-689897,,70041,Goods receipt P25-0167,WH01
E25-00297,1,2025-11-06,2025-11-04,2025/11,RE,3300,C,76078.08,NVK,76078.08,R/60860/25,,70021,Labtek Soran d.o.o.,MHAL
E25-00297,2,2025-11-06,2025-11-04,2025/11,RE,2810,D,19138.40,NVK,19138.40,R/60860/25,P25-0101/10,70021,Sample vials 2 ml,MHAL
E25-00297,3,2025-11-06,2025-11-04,2025/11,RE,2810,D,3100.00,NVK,3100.00,R/60860/25,P25-0101/20,70021,Nitrile gloves M,MHAL
E25-00297,4,2025-11-06,2025-11-04,2025/11,RE,2810,D,41160.00,NVK,41160.00,R/60860/25,P25-0101/30,70021,Pipette tips 200 ul,MHAL
W25-00297,1,2025-11-07,2025-11-04,2025/11,WE,2815,C,40439.28,EUR,3464.64,MSC-DN-485546,P25-0113/20,79001,Meriflux 5 mg tbl 28x,WH01
W25-00297,2,2025-11-07,2025-11-04,2025/11,WE,2815,D,315.28,EUR,0.00,MSC-DN-485546,P25-0113/20,79001,Diff. GR/IR,BATCH
W25-00297,3,2025-11-07,2025-11-04,2025/11,WE,2815,C,21827.57,EUR,1870.08,MSC-DN-485546,P25-0113/30,79001,Meripain 20 mg tbl 56x,WH01
W25-00297,4,2025-11-07,2025-11-04,2025/11,WE,2815,D,170.17,EUR,0.00,MSC-DN-485546,P25-0113/30,79001,Diff. GR/IR,BATCH
W25-00297,5,2025-11-07,2025-11-04,2025/11,WE,1400,D,62266.85,EUR,0.00,MSC-DN-485546,,79001,Goods receipt P25-0113,WH01
W25-00297,6,2025-11-07,2025-11-04,2025/11,WE,6950,C,485.45,EUR,0.00,MSC-DN-485546,,79001,,BATCH
W25-00300,1,2025-11-07,2025-11-04,2025/11,WE,2815,C,42131.25,EUR,3609.60,MSC-DN-484255,P25-0122/20,79001,Merizol 20 mg tbl 56x,WH02
W25-00300,2,2025-11-07,2025-11-04,2025/11,WE,2815,D,328.47,EUR,0.00,MSC-DN-484255,P25-0122/20,79001,Diff. GR/IR,BATCH
W25-00300,3,2025-11-07,2025-11-04,2025/11,WE,2815,C,1014231.44,EUR,86894.40,MSC-DN-484255,P25-0122/30,79001,Mericard 5 mg tbl 28x,WH02
W25-00300,4,2025-11-07,2025-11-04,2025/11,WE,2815,D,7907.39,EUR,0.00,MSC-DN-484255,P25-0122/30,79001,Diff. GR/IR,BATCH
W25-00300,5,2025-11-07,2025-11-04,2025/11,WE,1400,D,1056362.69,EUR,0.00,MSC-DN-484255,,79001,Goods receipt P25-0122,WH02
W25-00300,6,2025-11-07,2025-11-04,2025/11,WE,6950,C,8235.86,EUR,0.00,MSC-DN-484255,,79001,Diff. GR/IR,BATCH
W25-00302,1,2025-11-07,2025-11-07,2025/11,WE,2810,C,5586.25,NVK,5586.25,LS663138,P25-0164/10,70033,Toner cartridge black,WH02
W25-00302,2,2025-11-07,2025-11-07,2025/11,WE,2810,C,13606.80,NVK,13606.80,LS663138,P25-0164/20,70033,Toner cartridge colour set,WH02
W25-00302,3,2025-11-07,2025-11-07,2025/11,WE,1410,D,19193.05,NVK,19193.05,LS663138,,70033,,WH02
W25-00304,1,2025-11-07,2025-11-04,2025/11,WE,2810,C,9095.40,NVK,9095.40,DN965235,P25-0175/10,70021,,WH01
W25-00304,2,2025-11-07,2025-11-04,2025/11,WE,1410,D,9095.40,NVK,9095.40,DN965235,,70021,Goods receipt P25-0175,WH01
E25-00299,1,2025-11-07,2025-11-02,2025/11,RE,3300,C,67804.80,NVK,67804.80,R/28240/25,,70012,,TBER
E25-00299,2,2025-11-07,2025-11-02,2025/11,RE,2810,D,36680.00,NVK,36680.00,R/28240/25,P25-0168/10,70012,Paper filler 70 g,TBER
E25-00299,3,2025-11-07,2025-11-02,2025/11,RE,2810,D,19824.00,NVK,19824.00,R/28240/25,P25-0168/20,70012,Packing tape 48 mm,TBER
E25-00300,1,2025-11-07,2025-11-02,2025/11,RE,3300,C,103200.00,NVK,103200.00,R/46263/25,,70051,Nepremicnine Castrum d.o,TBER
E25-00301,1,2025-11-07,2025-11-05,2025/11,RE,3300,C,8573.92,NVK,8573.92,0062434,,70053,Norvatel d.d.,TBER
W25-00305,1,2025-11-10,2025-11-07,2025/11,WE,2810,C,17850.00,NVK,17850.00,LS976274,P25-0138/10,70022,Buffer solution pH 7,WH01
W25-00305,2,2025-11-10,2025-11-07,2025/11,WE,1410,D,17850.00,NVK,17850.00,LS976274,,70022,Goods receipt P25-0138,WH01
W25-00308,1,2025-11-10,2025-11-05,2025/11,WE,2815,C,1305526.74,EUR,111851.16,MSC-DN-418149,P25-0147/10,79001,Meriflux 10 mg tbl 28x,WH01
W25-00308,2,2025-11-10,2025-11-05,2025/11,WE,2815,D,10178.46,EUR,0.00,MSC-DN-418149,P25-0147/10,79001,Diff. GR/IR,BATCH
W25-00308,3,2025-11-10,2025-11-05,2025/11,WE,2815,C,263285.30,EUR,22557.00,MSC-DN-418149,P25-0147/20,79001,Mericard inhal 120 dos,WH01
W25-00308,4,2025-11-10,2025-11-05,2025/11,WE,2815,D,2052.68,EUR,0.00,MSC-DN-418149,P25-0147/20,79001,Diff. GR/IR,BATCH
W25-00308,5,2025-11-10,2025-11-05,2025/11,WE,1400,D,1568812.04,EUR,0.00,MSC-DN-418149,,79001,Goods receipt P25-0147,WH01
W25-00308,6,2025-11-10,2025-11-05,2025/11,WE,6950,C,12231.14,EUR,0.00,MSC-DN-418149,,79001,Diff. GR/IR,BATCH
W25-00309,1,2025-11-10,2025-11-10,2025/11,WE,2810,C,37250.00,NVK,37250.00,LS798188,P25-0169/10,70045,Temperature data logger,WH01
W25-00309,2,2025-11-10,2025-11-10,2025/11,WE,2810,C,21400.00,NVK,21400.00,LS798188,P25-0169/20,70045,Logger docking station,WH01
W25-00309,3,2025-11-10,2025-11-10,2025/11,WE,1410,D,58650.00,NVK,58650.00,LS798188,,70045,Goods receipt P25-0169,WH01
E25-00303,1,2025-11-10,2025-11-07,2025/11,RE,3300,C,17755.80,NVK,17755.80,INV-2025-25190,,70011,Kartonaza Velmir d.o.o.,MHAL
E25-00303,2,2025-11-10,2025-11-07,2025/11,RE,2810,D,7314.00,NVK,7314.00,INV-2025-25190,P25-0132/10,70011,Shipping carton 600x400x300,MHAL
E25-00303,3,2025-11-10,2025-11-07,2025/11,RE,2810,C,414.00,NVK,0.00,INV-2025-25190,P25-0132/10,70011,Diff. GR/IR,BATCH
E25-00303,4,2025-11-10,2025-11-07,2025/11,RE,2810,D,7482.50,NVK,7482.50,INV-2025-25190,P25-0132/20,70011,Pallet box heavy duty,MHAL
E25-00303,5,2025-11-10,2025-11-07,2025/11,RE,5890,D,414.00,NVK,0.00,INV-2025-25190,,70011,Diff. GR/IR,BATCH
E25-00305,1,2025-11-10,2025-11-07,2025/11,RE,3300,C,99446.40,NVK,99446.40,INV-2025-25194,,70011,Kartonaza Velmir d.o.o.,TBER
E25-00305,2,2025-11-10,2025-11-07,2025/11,RE,2810,D,11040.00,NVK,11040.00,INV-2025-25194,P25-0132/10,70011,Shipping carton 600x400x300,TBER
E25-00305,3,2025-11-10,2025-11-07,2025/11,RE,2810,D,71832.00,NVK,71832.00,INV-2025-25194,P25-0132/20,70011,Pallet box heavy duty,TBER
E25-00307,1,2025-11-10,2025-11-06,2025/11,RE,3300,C,10914.48,NVK,10914.48,R/60877/25,,70021,Labtek Soran d.o.o.,TBER
E25-00307,2,2025-11-10,2025-11-06,2025/11,RE,2810,D,9095.40,NVK,9095.40,R/60877/25,P25-0175/10,70021,Nitrile gloves M,TBER
E25-00308,1,2025-11-10,2025-11-07,2025/11,RE,3300,C,9360.00,NVK,9360.00,INV-2025-26812,,70055,Cisto Servis Malen d.o.o,TBER
E25-00309,1,2025-11-10,2025-11-04,2025/11,RE,3300,C,14880.00,NVK,14880.00,R/19927/25,,70056,Varnost Tregal d.o.o.,TBER
E25-00311,1,2025-11-10,2025-11-07,2025/11,RE,3300,C,5895.59,NVK,5895.59,2025/23527,,70067,Farma Odpad Rekol d.o.o.,TBER
E25-00313,1,2025-11-10,2025-11-06,2025/11,RE,3300,C,143040.00,NVK,143040.00,INV-2025-11969,,70045,Senzor Tehnika Olvar d.o,TBER
E25-00313,2,2025-11-10,2025-11-06,2025/11,RE,2810,D,119200.00,NVK,119200.00,INV-2025-11969,P25-0178/10,70045,Temperature data logger,TBER
W25-00312,1,2025-11-11,2025-11-10,2025/11,WE,2810,C,35950.32,NVK,35950.32,DN894342,P25-0174/10,70021,Pipette tips 200 ul,WH02
W25-00312,2,2025-11-11,2025-11-10,2025/11,WE,2810,C,49350.00,NVK,49350.00,DN894342,P25-0174/20,70021,Sample vials 2 ml,WH02
W25-00312,3,2025-11-11,2025-11-10,2025/11,WE,1410,D,85300.32,NVK,85300.32,DN894342,,70021,Goods receipt P25-0174,WH02
E25-00314,1,2025-11-11,2025-11-06,2025/11,RE,3300,C,20510.69,NVK,20510.69,2025/56674,,70052,Energija Norvania d.d.,TBER
W25-00313,1,2025-11-12,2025-11-11,2025/11,WE,2810,C,39867.66,NVK,39867.66,DN91388,P25-0177/10,70016,Gel pack 500 g,WH01
W25-00313,2,2025-11-12,2025-11-11,2025/11,WE,1410,D,39867.66,NVK,39867.66,DN91388,,70016,Goods receipt P25-0177,WH01
W25-00316,1,2025-11-12,2025-11-10,2025/11,WE,2810,C,14720.00,NVK,14720.00,D-360619,P25-0181/10,70014,Outer sticker NVK price,WH01
W25-00316,2,2025-11-12,2025-11-10,2025/11,WE,2810,C,57390.00,NVK,57390.00,D-360619,P25-0181/20,70014,Patient leaflet reprint type,WH01
W25-00316,3,2025-11-12,2025-11-10,2025/11,WE,1410,D,72110.00,NVK,72110.00,D-360619,,70014,Goods receipt P25-0181,WH01
E25-00316,1,2025-11-12,2025-11-06,2025/11,RE,3310,C,11263.48,EUR,965.00,2025/40218,,70042,Coldbox Systems Fennvik ,MHAL
E25-00316,2,2025-11-12,2025-11-06,2025/11,RE,2810,D,11263.48,EUR,965.00,2025/40218,P25-0158/10,70042,PCM panel set,MHAL
W25-00319,1,2025-11-13,2025-11-12,2025/11,WE,2810,C,4640.68,NVK,4640.68,LS648693,P25-0153/10,70016,Gel pack 500 g,WH01
W25-00319,2,2025-11-13,2025-11-12,2025/11,WE,1410,D,4640.68,NVK,4640.68,LS648693,,70016,Goods receipt P25-0153,WH01
E25-00318,1,2025-11-14,2025-11-10,2025/11,RE,3300,C,26904.00,NVK,26904.00,R/33067/25,,70041,Paleta Drovnik d.o.o.,TBER
E25-00318,2,2025-11-14,2025-11-10,2025/11,RE,2810,D,15520.00,NVK,15520.00,R/33067/25,P25-0167/10,70041,EUR pallet new,TBER
E25-00318,3,2025-11-14,2025-11-10,2025/11,RE,2810,D,6900.00,NVK,6900.00,R/33067/25,P25-0167/20,70041,Pallet collar,TBER
W25-00322,1,2025-11-17,2025-11-17,2025/11,WE,2810,C,41033.48,NVK,41033.48,OT546768,P25-0182/10,70012,Paper filler 70 g,WH02
W25-00322,2,2025-11-17,2025-11-17,2025/11,WE,2810,C,38704.00,NVK,38704.00,OT546768,P25-0182/20,70012,Packing tape 48 mm,WH02
W25-00322,3,2025-11-17,2025-11-17,2025/11,WE,1410,D,79737.48,NVK,79737.48,OT546768,,70012,Goods receipt P25-0182,WH02
W25-00325,1,2025-11-17,2025-11-17,2025/11,WE,2810,C,5435.00,NVK,5435.00,OT906656,P25-0190/10,70031,Envelopes C4,WH01
W25-00325,2,2025-11-17,2025-11-17,2025/11,WE,2810,C,10850.00,NVK,10850.00,OT906656,P25-0190/20,70031,Copy paper A4 80 g,WH01
W25-00325,3,2025-11-17,2025-11-17,2025/11,WE,1410,D,16285.00,NVK,16285.00,OT906656,,70031,Goods receipt P25-0190,WH01
E25-00320,1,2025-11-17,2025-11-10,2025/11,RE,3300,C,72040.07,NVK,72040.07,F-050911,,70068,Zavarovalnica Tirna d.d.,TBER
E25-00322,1,2025-11-17,2025-11-12,2025/11,RE,3300,C,70380.00,NVK,70380.00,INV-2025-12006,,70045,Senzor Tehnika Olvar d.o,TBER
E25-00322,2,2025-11-17,2025-11-12,2025/11,RE,2810,D,37250.00,NVK,37250.00,INV-2025-12006,P25-0169/10,70045,Temperature data logger,TBER
E25-00322,3,2025-11-17,2025-11-12,2025/11,RE,2810,D,21400.00,NVK,21400.00,INV-2025-12006,P25-0169/20,70045,,TBER
W25-00326,1,2025-11-18,2025-11-17,2025/11,WE,2810,C,35530.00,NVK,35530.00,DN612176,P25-0171/10,70014,Patient leaflet reprint type,WH01
W25-00326,2,2025-11-18,2025-11-17,2025/11,WE,2810,C,10744.08,NVK,10744.08,DN612176,P25-0171/20,70014,Patient leaflet reprint type,WH01
W25-00326,3,2025-11-18,2025-11-17,2025/11,WE,1410,D,46274.08,NVK,46274.08,DN612176,,70014,Goods receipt P25-0171,WH01
E25-00324,1,2025-11-18,2025-11-14,2025/11,RE,3300,C,21420.00,NVK,21420.00,2025/21022,,70022,Reagens Mivor d.o.o.,TBER
E25-00324,2,2025-11-18,2025-11-14,2025/11,RE,2810,D,17850.00,NVK,17850.00,2025/21022,P25-0138/10,70022,Buffer solution pH 7,TBER
E25-00326,1,2025-11-18,2025-11-13,2025/11,RE,3300,C,47841.19,NVK,47841.19,INV-2025-58745,,70016,Ambalaza Krestov d.d.,DPET
E25-00326,2,2025-11-18,2025-11-13,2025/11,RE,2810,D,39867.66,NVK,39867.66,INV-2025-58745,P25-0177/10,70016,Gel pack 500 g,DPET
E25-00328,1,2025-11-18,2025-11-16,2025/11,RE,3300,C,85384.20,NVK,85384.20,F-006754,,70014,Tisk Lumar d.o.o.,TBER
E25-00328,2,2025-11-18,2025-11-16,2025/11,RE,2810,D,14720.00,NVK,14720.00,F-006754,P25-0181/10,70014,Outer sticker NVK price,TBER
E25-00328,3,2025-11-18,2025-11-16,2025/11,RE,2810,D,56433.50,NVK,56433.50,F-006754,P25-0181/20,70014,Patient leaflet reprint type,TBER
E25-00330,1,2025-11-18,2025-08-12,2025/11,RE,3300,C,46080.00,NVK,46080.00,F-006076,,70014,Tisk Lumar d.o.o.,TBER
E25-00330,2,2025-11-18,2025-08-12,2025/11,RE,2810,D,38400.00,NVK,38400.00,F-006076,P25-0031/10,70014,Outer sticker NVK price,TBER
E25-00332,1,2025-11-19,2025-11-16,2025/11,RE,3300,C,5568.82,NVK,5568.82,INV-2025-58766,,70016,Ambalaza Krestov d.d.,TBER
E25-00332,2,2025-11-19,2025-11-16,2025/11,RE,2810,D,4640.68,NVK,4640.68,INV-2025-58766,P25-0153/10,70016,Gel pack 500 g,TBER
E25-00334,1,2025-11-19,2025-11-16,2025/11,RE,3350,C,763552.94,EUR,65417.49,MSC90054943,,79001,Meridia Supply Chain B.V,TBER
E25-00334,2,2025-11-19,2025-11-16,2025/11,RE,2815,D,514262.72,EUR,44059.52,MSC90054943,P25-0159/10,79001,Merilip 250 mg inj 5 amp,TBER
E25-00334,3,2025-11-19,2025-11-16,2025/11,RE,2815,D,20722.59,EUR,1775.41,MSC90054943,P25-0159/20,79001,Merivent 40 mg caps 30x,TBER
E25-00334,4,2025-11-19,2025-11-16,2025/11,RE,2815,D,228567.64,EUR,19582.56,MSC90054943,P25-0159/30,79001,Meripain 5 mg tbl 28x,TBER
E25-00336,1,2025-11-19,2025-11-17,2025/11,RE,3300,C,71370.12,NVK,71370.12,INV-2025-56509,,70060,Agencija Pikto d.o.o.,TBER
E25-00337,1,2025-11-19,2025-11-17,2025/11,RE,3300,C,131020.69,NVK,131020.69,INV-2025-56508,,70060,Agencija Pikto d.o.o.,MHAL
E25-00339,1,2025-11-20,2025-11-15,2025/11,RE,3350,C,999069.74,EUR,85595.42,MSC90054936,,79001,Meridia Supply Chain B.V,DPET
E25-00339,2,2025-11-20,2025-11-15,2025/11,RE,2815,D,304969.75,EUR,26128.32,MSC90054936,P25-0161/10,79001,Merilip 250 mg inj 5 amp,DPET
E25-00339,3,2025-11-20,2025-11-15,2025/11,RE,2815,D,311705.90,EUR,26705.44,MSC90054936,P25-0161/20,79001,Merigast 10 mg tbl 28x,DPET
E25-00339,4,2025-11-20,2025-11-15,2025/11,RE,2815,D,204722.91,EUR,17539.66,MSC90054936,P25-0161/30,79001,,DPET
E25-00339,5,2025-11-20,2025-11-15,2025/11,RE,2815,D,177671.18,EUR,15222.00,MSC90054936,P25-0161/40,79001,Merigast inhal 120 dos,DPET
E25-00341,1,2025-11-20,2025-11-13,2025/11,RE,3300,C,102360.38,NVK,102360.38,R/60923/25,,70021,Labtek Soran d.o.o.,TBER
E25-00341,2,2025-11-20,2025-11-13,2025/11,RE,2810,D,35950.32,NVK,35950.32,R/60923/25,P25-0174/10,70021,Pipette tips 200 ul,TBER
E25-00341,3,2025-11-20,2025-11-13,2025/11,RE,2810,D,49350.00,NVK,49350.00,R/60923/25,P25-0174/20,70021,Sample vials 2 ml,TBER
W25-00327,1,2025-11-21,2025-11-21,2025/11,WE,2810,C,138504.36,NVK,138504.36,LS115004,P25-0201/10,70011,Pallet box heavy duty,WH01
W25-00327,2,2025-11-21,2025-11-21,2025/11,WE,2810,C,28520.00,NVK,28520.00,LS115004,P25-0201/20,70011,Shipping carton 400x300x250,WH01
W25-00327,3,2025-11-21,2025-11-21,2025/11,WE,2810,C,74884.00,NVK,74884.00,LS115004,P25-0201/30,70011,Carton divider set,WH01
W25-00327,4,2025-11-21,2025-11-21,2025/11,WE,1410,D,241908.36,NVK,241908.36,LS115004,,70011,Goods receipt P25-0201,WH01
E25-00343,1,2025-11-21,2025-11-16,2025/11,RE,3350,C,645790.28,EUR,55328.16,MSC90054941,,79001,Meridia Supply Chain B.V,TBER
E25-00343,2,2025-11-21,2025-11-16,2025/11,RE,2815,D,213216.63,EUR,18267.36,MSC90054941,P25-0122/10,79001,Mericard crm 30 g,TBER
E25-00343,3,2025-11-21,2025-11-16,2025/11,RE,2815,D,31598.44,EUR,2707.20,MSC90054941,P25-0122/20,79001,Merizol 20 mg tbl 56x,TBER
E25-00343,4,2025-11-21,2025-11-16,2025/11,RE,2815,C,235.65,EUR,0.00,MSC90054941,P25-0122/20,79001,Diff. GR/IR,BATCH
E25-00343,5,2025-11-21,2025-11-16,2025/11,RE,2815,D,400975.22,EUR,34353.60,MSC90054941,P25-0122/30,79001,Mericard 5 mg tbl 28x,TBER
E25-00343,6,2025-11-21,2025-11-16,2025/11,RE,2815,C,2444.83,EUR,0.00,MSC90054941,P25-0122/30,79001,Diff. GR/IR,BATCH
E25-00343,7,2025-11-21,2025-11-16,2025/11,RE,6950,D,2680.48,EUR,0.00,MSC90054941,,79001,Diff. GR/IR,BATCH
W25-00329,1,2025-11-24,2025-11-24,2025/11,WE,2815,C,186199.80,EUR,15952.69,MSC-DN-462728,P25-0119/10,79001,Merinor inhal 120 dos,WH01
W25-00329,2,2025-11-24,2025-11-24,2025/11,WE,2815,C,47464.89,EUR,4066.56,MSC-DN-462728,P25-0119/20,79001,Merilip crm 30 g,WH01
W25-00329,3,2025-11-24,2025-11-24,2025/11,WE,1400,D,233664.69,EUR,0.00,MSC-DN-462728,,79001,Goods receipt P25-0119,WH01
W25-00330,1,2025-11-24,2025-11-24,2025/11,WE,2810,C,4374.35,NVK,4374.35,D-192327,P25-0189/10,70045,Humidity indicator card,WH01
W25-00330,2,2025-11-24,2025-11-24,2025/11,WE,2810,C,140760.30,NVK,140760.30,D-192327,P25-0189/20,70045,Temperature data logger,WH01
W25-00330,3,2025-11-24,2025-11-24,2025/11,WE,1410,D,145134.65,NVK,145134.65,D-192327,,70045,Goods receipt P25-0189,WH01
W25-00331,1,2025-11-24,2025-11-24,2025/11,WE,2810,C,1416.00,NVK,1416.00,LS346915,P25-0207/20,70012,,WH01
W25-00331,2,2025-11-24,2025-11-24,2025/11,WE,1410,D,1416.00,NVK,1416.00,LS346915,,70012,Goods receipt P25-0207,WH01
E25-00345,1,2025-11-24,2025-11-15,2025/11,RE,3300,C,23031.66,NVK,23031.66,0008462,,70033,Toner Servis Plavic d.o.,MHAL
E25-00345,2,2025-11-24,2025-11-15,2025/11,RE,2810,D,5586.25,NVK,5586.25,0008462,P25-0164/10,70033,Toner cartridge black,MHAL
E25-00345,3,2025-11-24,2025-11-15,2025/11,RE,2810,D,13606.80,NVK,13606.80,0008462,P25-0164/20,70033,Toner cartridge colour set,MHAL
E25-00346,1,2025-11-24,2025-11-17,2025/11,RE,3300,C,95684.98,NVK,95684.98,R/28345/25,,70012,Brenko Pak d.o.o.,TBER
E25-00346,2,2025-11-24,2025-11-17,2025/11,RE,2810,D,41033.48,NVK,41033.48,R/28345/25,P25-0182/10,70012,Paper filler 70 g,TBER
E25-00346,3,2025-11-24,2025-11-17,2025/11,RE,2810,D,38704.00,NVK,38704.00,R/28345/25,P25-0182/20,70012,Packing tape 48 mm,TBER
E25-00347,1,2025-11-25,2025-11-20,2025/11,RE,3300,C,19151.40,NVK,19151.40,2025/27109,,70031,Papirnica Osrek d.o.o.,TBER
E25-00347,2,2025-11-25,2025-11-20,2025/11,RE,2810,D,5435.00,NVK,5435.00,2025/27109,P25-0190/10,70031,Envelopes C4,TBER
E25-00347,3,2025-11-25,2025-11-20,2025/11,RE,2810,D,10524.50,NVK,10524.50,2025/27109,P25-0190/20,70031,Copy paper A4 80 g,TBER
E25-00347,4,2025-11-25,2025-11-20,2025/11,RE,2810,D,325.50,NVK,0.00,2025/27109,P25-0190/20,70031,Diff. GR/IR,BATCH
E25-00347,5,2025-11-25,2025-11-20,2025/11,RE,5890,C,325.50,NVK,0.00,2025/27109,,70031,,BATCH
W25-00332,1,2025-11-26,2025-11-26,2025/11,WE,2810,C,9010.78,EUR,772.00,LS623170,P25-0158/10,70042,PCM panel set,WH01
W25-00332,2,2025-11-26,2025-11-26,2025/11,WE,1410,D,9010.78,EUR,0.00,LS623170,,70042,Goods receipt P25-0158,WH01
W25-00333,1,2025-11-27,2025-11-25,2025/11,WE,2810,C,1117.25,NVK,1117.25,D-706149,P25-0164/10,70033,Toner cartridge black,WH01
W25-00333,2,2025-11-27,2025-11-25,2025/11,WE,2810,C,2721.36,NVK,2721.36,D-706149,P25-0164/20,70033,Toner cartridge colour set,WH01
W25-00333,3,2025-11-27,2025-11-25,2025/11,WE,1410,D,3838.61,NVK,3838.61,D-706149,,70033,Goods receipt P25-0164,WH01
W25-00335,1,2025-11-27,2025-11-21,2025/11,WE,2810,D,138504.36,NVK,138504.36,LS115004,P25-0201/10,70011,Pallet box heavy duty,WH01
W25-00335,2,2025-11-27,2025-11-21,2025/11,WE,2810,D,28520.00,NVK,28520.00,LS115004,P25-0201/20,70011,Shipping carton 400x300x250,WH01
W25-00335,3,2025-11-27,2025-11-21,2025/11,WE,2810,D,74884.00,NVK,74884.00,LS115004,P25-0201/30,70011,Carton divider set,WH01
W25-00335,4,2025-11-27,2025-11-21,2025/11,WE,1410,C,241908.36,NVK,241908.36,LS115004,,70011,Goods receipt P25-0201,WH01
W25-00338,1,2025-11-27,2025-11-21,2025/11,WE,2810,C,138504.36,NVK,138504.36,LS115004,P25-0201/10,70011,Pallet box heavy duty,WH01
W25-00338,2,2025-11-27,2025-11-21,2025/11,WE,2810,C,23920.00,NVK,23920.00,LS115004,P25-0201/20,70011,Shipping carton 400x300x250,WH01
W25-00338,3,2025-11-27,2025-11-21,2025/11,WE,2810,C,74884.00,NVK,74884.00,LS115004,P25-0201/30,70011,Carton divider set,WH01
W25-00338,4,2025-11-27,2025-11-21,2025/11,WE,1410,D,237308.36,NVK,237308.36,LS115004,,70011,Goods receipt P25-0201,WH01
E25-00348,1,2025-11-27,2025-11-22,2025/11,RE,3300,C,284770.03,NVK,284770.03,INV-2025-25294,,70011,,DPET
E25-00348,2,2025-11-27,2025-11-22,2025/11,RE,2810,D,138504.36,NVK,138504.36,INV-2025-25294,P25-0201/10,70011,Pallet box heavy duty,DPET
E25-00348,3,2025-11-27,2025-11-22,2025/11,RE,2810,D,23920.00,NVK,23920.00,INV-2025-25294,P25-0201/20,70011,Shipping carton 400x300x250,DPET
E25-00348,4,2025-11-27,2025-11-22,2025/11,RE,2810,D,74884.00,NVK,74884.00,INV-2025-25294,P25-0201/30,70011,Carton divider set,DPET
W25-00340,1,2025-11-28,2025-11-28,2025/11,WE,2815,C,514262.72,EUR,44059.52,MSC-DN-476650,P25-0159/10,79001,Merilip 250 mg inj 5 amp,WH01
W25-00340,2,2025-11-28,2025-11-28,2025/11,WE,2815,C,20722.59,EUR,1775.41,MSC-DN-476650,P25-0159/20,79001,,WH01
W25-00340,3,2025-11-28,2025-11-28,2025/11,WE,2815,C,228567.64,EUR,19582.56,MSC-DN-476650,P25-0159/30,79001,Meripain 5 mg tbl 28x,WH01
W25-00340,4,2025-11-28,2025-11-28,2025/11,WE,1400,D,763552.95,EUR,0.00,MSC-DN-476650,,79001,Goods receipt P25-0159,WH01
J25-0059,1,2025-11-28,2025-11-28,2025/11,SA,2810,D,956.50,NVK,956.50,,P25-0181/20,70014,clearing GR/IR diff,DPET
J25-0059,2,2025-11-28,2025-11-28,2025/11,SA,5890,C,956.50,NVK,956.50,,P25-0181/20,,clearing GR/IR diff,DPET
W25-00342,1,2025-12-01,2025-12-01,2025/12,WE,2815,C,214522.74,EUR,18267.36,MSC-DN-419338,P25-0122/10,79001,Mericard crm 30 g,WH01
W25-00342,2,2025-12-01,2025-12-01,2025/12,WE,2815,D,1306.11,EUR,0.00,MSC-DN-419338,P25-0122/10,79001,Diff. GR/IR,BATCH
W25-00342,3,2025-12-01,2025-12-01,2025/12,WE,2815,C,31792.00,EUR,2707.20,MSC-DN-419338,P25-0122/20,79001,Merizol 20 mg tbl 56x,WH01
W25-00342,4,2025-12-01,2025-12-01,2025/12,WE,2815,D,429.21,EUR,0.00,MSC-DN-419338,P25-0122/20,79001,Diff. GR/IR,BATCH
W25-00342,5,2025-12-01,2025-12-01,2025/12,WE,2815,C,403431.50,EUR,34353.60,MSC-DN-419338,P25-0122/30,79001,Mericard 5 mg tbl 28x,WH01
W25-00342,6,2025-12-01,2025-12-01,2025/12,WE,2815,D,4901.11,EUR,0.00,MSC-DN-419338,P25-0122/30,79001,Diff. GR/IR,BATCH
W25-00342,7,2025-12-01,2025-12-01,2025/12,WE,1400,D,649746.24,EUR,0.00,MSC-DN-419338,,79001,Goods receipt P25-0122,WH01
W25-00342,8,2025-12-01,2025-12-01,2025/12,WE,6950,C,6636.43,EUR,0.00,MSC-DN-419338,,79001,Diff. GR/IR,BATCH
W25-00345,1,2025-12-01,2025-11-28,2025/12,WE,2815,C,306837.93,EUR,26128.32,MSC-DN-491644,P25-0161/10,79001,Merilip 250 mg inj 5 amp,WH02
W25-00345,2,2025-12-01,2025-11-28,2025/12,WE,2815,D,1868.18,EUR,0.00,MSC-DN-491644,P25-0161/10,79001,Diff. GR/IR,BATCH
W25-00345,3,2025-12-01,2025-11-28,2025/12,WE,2815,C,313615.33,EUR,26705.44,MSC-DN-491644,P25-0161/20,79001,Merigast 10 mg tbl 28x,WH02
W25-00345,4,2025-12-01,2025-11-28,2025/12,WE,2815,D,1909.43,EUR,0.00,MSC-DN-491644,P25-0161/20,79001,Diff. GR/IR,BATCH
W25-00345,5,2025-12-01,2025-11-28,2025/12,WE,2815,C,205977.00,EUR,17539.66,MSC-DN-491644,P25-0161/30,79001,Meritan 250 mg inj 5 amp,WH02
W25-00345,6,2025-12-01,2025-11-28,2025/12,WE,2815,D,1254.09,EUR,0.00,MSC-DN-491644,P25-0161/30,79001,Diff. GR/IR,BATCH
W25-00345,7,2025-12-01,2025-11-28,2025/12,WE,2815,C,178759.56,EUR,15222.00,MSC-DN-491644,P25-0161/40,79001,Merigast inhal 120 dos,WH02
W25-00345,8,2025-12-01,2025-11-28,2025/12,WE,2815,D,1088.38,EUR,0.00,MSC-DN-491644,P25-0161/40,79001,Diff. GR/IR,BATCH
W25-00345,9,2025-12-01,2025-11-28,2025/12,WE,1400,D,1005189.82,EUR,0.00,MSC-DN-491644,,79001,Goods receipt P25-0161,WH02
W25-00345,10,2025-12-01,2025-11-28,2025/12,WE,6950,C,6120.08,EUR,0.00,MSC-DN-491644,,79001,Diff. GR/IR,BATCH
E25-00350,1,2025-12-01,2025-11-25,2025/12,RE,3300,C,53823.46,NVK,53823.46,F-006812,,70014,Tisk Lumar d.o.o.,TBER
E25-00350,2,2025-12-01,2025-11-25,2025/12,RE,2810,D,34108.80,NVK,34108.80,F-006812,P25-0171/10,70014,Patient leaflet reprint type,TBER
E25-00350,3,2025-12-01,2025-11-25,2025/12,RE,2810,D,1421.20,NVK,0.00,F-006812,P25-0171/10,70014,Diff. GR/IR,BATCH
E25-00350,4,2025-12-01,2025-11-25,2025/12,RE,2810,D,10744.08,NVK,10744.08,F-006812,P25-0171/20,70014,Patient leaflet reprint type,TBER
E25-00350,5,2025-12-01,2025-11-25,2025/12,RE,5890,C,1421.20,NVK,0.00,F-006812,,70014,Diff. GR/IR,BATCH
E25-00351,1,2025-12-01,2025-11-27,2025/12,RE,3300,C,174161.58,NVK,174161.58,INV-2025-12113,,70045,Senzor Tehnika Olvar d.o,TBER
E25-00351,2,2025-12-01,2025-11-27,2025/12,RE,2810,D,4374.35,NVK,4374.35,INV-2025-12113,P25-0189/10,70045,Humidity indicator card,TBER
E25-00351,3,2025-12-01,2025-11-27,2025/12,RE,2810,D,140760.30,NVK,140760.30,INV-2025-12113,P25-0189/20,70045,,TBER
W25-00347,1,2025-12-02,2025-12-01,2025/12,WE,2810,C,120770.46,NVK,120770.46,OT25256,P25-0233/10,70045,Temperature data logger,WH02
W25-00347,2,2025-12-02,2025-12-01,2025/12,WE,2810,C,10700.00,NVK,10700.00,OT25256,P25-0233/20,70045,Logger docking station,WH02
W25-00347,3,2025-12-02,2025-12-01,2025/12,WE,1410,D,131470.46,NVK,131470.46,OT25256,,70045,,WH02
W25-00349,1,2025-12-03,2025-12-01,2025/12,WE,2810,C,1640.00,NVK,1640.00,OT467672,P25-0186/10,70032,Archive box,WH02
W25-00349,2,2025-12-03,2025-12-01,2025/12,WE,2810,C,5403.50,NVK,5403.50,OT467672,P25-0186/20,70032,Ring binder A4,WH02
W25-00349,3,2025-12-03,2025-12-01,2025/12,WE,1410,D,7043.50,NVK,7043.50,OT467672,,70032,Goods receipt P25-0186,WH02
E25-00353,1,2025-12-03,2025-12-01,2025/12,RE,3310,C,9065.98,EUR,772.00,2025/40393,,70042,Coldbox Systems Fennvik ,MHAL
E25-00353,2,2025-12-03,2025-12-01,2025/12,RE,2810,D,9065.98,EUR,772.00,2025/40393,P25-0158/10,70042,PCM panel set,MHAL
E25-00353,3,2025-12-03,2025-12-01,2025/12,RE,2810,C,55.20,EUR,0.00,2025/40393,P25-0158/10,70042,Diff. GR/IR,BATCH
E25-00353,4,2025-12-03,2025-12-01,2025/12,RE,6950,D,55.20,EUR,0.00,2025/40393,,70042,Diff. GR/IR,BATCH
E25-00355,1,2025-12-03,2025-11-30,2025/12,RE,3350,C,706050.46,EUR,60122.66,MSC90055041,,79001,Meridia Supply Chain B.V,TBER
E25-00355,2,2025-12-03,2025-11-30,2025/12,RE,2815,D,41699.05,EUR,3550.82,MSC90055041,P25-0159/20,79001,Merivent 40 mg caps 30x,TBER
E25-00355,3,2025-12-03,2025-11-30,2025/12,RE,2815,C,84.62,EUR,0.00,MSC90055041,P25-0159/20,79001,Diff. GR/IR,BATCH
E25-00355,4,2025-12-03,2025-11-30,2025/12,RE,2815,D,664351.40,EUR,56571.84,MSC90055041,P25-0159/30,79001,Meripain 5 mg tbl 28x,TBER
E25-00355,5,2025-12-03,2025-11-30,2025/12,RE,2815,C,1040.11,EUR,0.00,MSC90055041,P25-0159/30,79001,Diff. GR/IR,BATCH
E25-00355,6,2025-12-03,2025-11-30,2025/12,RE,6950,D,1124.73,EUR,0.00,MSC90055041,,79001,Diff. GR/IR,BATCH
E25-00357,1,2025-12-03,2025-12-01,2025/12,RE,3300,C,19166.99,NVK,19166.99,INV-2025-39634,,70065,Spedicija Karvel d.o.o.,TBER
E25-00358,1,2025-12-04,2025-12-02,2025/12,RE,3300,C,8711.52,NVK,8711.52,F-039698,,70032,Biro Dalven d.o.o.,TBER
E25-00358,2,2025-12-04,2025-12-02,2025/12,RE,2810,D,1640.00,NVK,1640.00,F-039698,P25-0186/10,70032,Archive box,TBER
E25-00358,3,2025-12-04,2025-12-02,2025/12,RE,2810,D,5619.60,NVK,5619.60,F-039698,P25-0186/20,70032,Ring binder A4,TBER
E25-00358,4,2025-12-04,2025-12-02,2025/12,RE,2810,C,216.10,NVK,0.00,F-039698,P25-0186/20,70032,Diff. GR/IR,BATCH
E25-00358,5,2025-12-04,2025-12-02,2025/12,RE,5890,D,216.10,NVK,0.00,F-039698,,70032,Diff. GR/IR,BATCH
E25-00359,1,2025-12-04,2025-12-01,2025/12,RE,3300,C,1699.20,NVK,1699.20,R/28446/25,,70012,Brenko Pak d.o.o.,TBER
E25-00359,2,2025-12-04,2025-12-01,2025/12,RE,2810,D,1416.00,NVK,1416.00,R/28446/25,P25-0207/20,70012,Packing tape 48 mm,TBER
E25-00360,1,2025-12-04,2025-12-03,2025/12,RE,3300,C,32160.00,NVK,32160.00,0022016,,70044,Logistika Materijal Benk,TBER
E25-00360,2,2025-12-04,2025-12-03,2025/12,RE,2810,D,26800.00,NVK,26800.00,0022016,P25-0243/10,70044,Roll container,TBER
W25-00352,1,2025-12-05,2025-12-04,2025/12,WE,2810,C,30068.20,NVK,30068.20,LS768273,P25-0196/10,70023,HPLC column C18,WH02
W25-00352,2,2025-12-05,2025-12-04,2025/12,WE,2810,C,34987.68,NVK,34987.68,LS768273,P25-0196/20,70023,Syringe filters,WH02
W25-00352,3,2025-12-05,2025-12-04,2025/12,WE,2810,C,34918.40,NVK,34918.40,LS768273,P25-0196/30,70023,Filter membranes 0.45,WH02
W25-00352,4,2025-12-05,2025-12-04,2025/12,WE,1410,D,99974.28,NVK,99974.28,LS768273,,70023,Goods receipt P25-0196,WH02
E25-00362,1,2025-12-05,2025-12-04,2025/12,RE,3300,C,49800.00,NVK,49800.00,F-047417,,70054,Autolease Vendra d.o.o.,TBER
W25-00353,1,2025-12-08,2025-12-04,2025/12,WE,2810,D,30068.20,NVK,30068.20,LS768273,P25-0196/10,70023,HPLC column C18,WH02
W25-00353,2,2025-12-08,2025-12-04,2025/12,WE,2810,D,34987.68,NVK,34987.68,LS768273,P25-0196/20,70023,Syringe filters,WH02
W25-00353,3,2025-12-08,2025-12-04,2025/12,WE,2810,D,34918.40,NVK,34918.40,LS768273,P25-0196/30,70023,Filter membranes 0.45,WH02
W25-00353,4,2025-12-08,2025-12-04,2025/12,WE,1410,C,99974.28,NVK,99974.28,LS768273,,70023,Goods receipt P25-0196,WH02
W25-00355,1,2025-12-08,2025-12-04,2025/12,WE,2810,C,30068.20,NVK,30068.20,LS768273,P25-0196/10,70023,HPLC column C18,WH02
W25-00355,2,2025-12-08,2025-12-04,2025/12,WE,2810,C,34987.68,NVK,34987.68,LS768273,P25-0196/20,70023,Syringe filters,WH02
W25-00355,3,2025-12-08,2025-12-04,2025/12,WE,2810,C,23654.40,NVK,23654.40,LS768273,P25-0196/30,70023,Filter membranes 0.45,WH02
W25-00355,4,2025-12-08,2025-12-04,2025/12,WE,1410,D,88710.28,NVK,88710.28,LS768273,,70023,Goods receipt P25-0196,WH02
W25-00358,1,2025-12-08,2025-12-08,2025/12,WE,2810,C,1416.00,NVK,1416.00,OT971646,P25-0207/20,70012,Packing tape 48 mm,WH02
W25-00358,2,2025-12-08,2025-12-08,2025/12,WE,1410,D,1416.00,NVK,1416.00,OT971646,,70012,Goods receipt P25-0207,WH02
W25-00360,1,2025-12-08,2025-12-08,2025/12,WE,2810,C,3544.64,NVK,3544.64,OT311370,P25-0209/10,70034,Desk organiser set,WH01
W25-00360,2,2025-12-08,2025-12-08,2025/12,WE,1410,D,3544.64,NVK,3544.64,OT311370,,70034,Goods receipt P25-0209,WH01
W25-00363,1,2025-12-08,2025-12-08,2025/12,WE,2810,C,53332.64,EUR,4541.46,OT882272,P25-0236/10,70024,Volumetric flask set,WH02
W25-00363,2,2025-12-08,2025-12-08,2025/12,WE,2810,C,41630.94,EUR,3545.02,OT882272,P25-0236/20,70024,Glass burette 50 ml,WH02
W25-00363,3,2025-12-08,2025-12-08,2025/12,WE,1410,D,94963.58,EUR,0.00,OT882272,,70024,Goods receipt P25-0236,WH02
W25-00365,1,2025-12-08,2025-12-08,2025/12,WE,2810,C,45207.72,NVK,45207.72,LS788120,P25-0248/10,70012,,WH01
W25-00365,2,2025-12-08,2025-12-08,2025/12,WE,2810,C,79622.40,NVK,79622.40,LS788120,P25-0248/20,70012,Paper filler 70 g,WH01
W25-00365,3,2025-12-08,2025-12-08,2025/12,WE,1410,D,124830.12,NVK,124830.12,LS788120,,70012,Goods receipt P25-0248,WH01
E25-00364,1,2025-12-08,2025-12-01,2025/12,RE,3300,C,4606.33,NVK,4606.33,0008580,,70033,Toner Servis Plavic d.o.,TBER
E25-00364,2,2025-12-08,2025-12-01,2025/12,RE,2810,D,1117.25,NVK,1117.25,0008580,P25-0164/10,70033,Toner cartridge black,TBER
E25-00364,3,2025-12-08,2025-12-01,2025/12,RE,2810,D,2721.36,NVK,2721.36,0008580,P25-0164/20,70033,,TBER
E25-00365,1,2025-12-08,2025-12-04,2025/12,RE,3300,C,108723.11,NVK,108723.11,F-049182,,70023,Analitika Preles d.o.o.,TBER
E25-00365,2,2025-12-08,2025-12-04,2025/12,RE,2810,D,30068.20,NVK,30068.20,F-049182,P25-0196/10,70023,HPLC column C18,TBER
E25-00365,3,2025-12-08,2025-12-04,2025/12,RE,2810,D,34987.68,NVK,34987.68,F-049182,P25-0196/20,70023,Syringe filters,TBER
E25-00365,4,2025-12-08,2025-12-04,2025/12,RE,2810,D,25546.71,NVK,25546.71,F-049182,P25-0196/30,70023,Filter membranes 0.45,TBER
E25-00365,5,2025-12-08,2025-12-04,2025/12,RE,2810,C,1892.31,NVK,0.00,F-049182,P25-0196/30,70023,Diff. GR/IR,BATCH
E25-00365,6,2025-12-08,2025-12-04,2025/12,RE,5890,D,1892.31,NVK,0.00,F-049182,,70023,Diff. GR/IR,BATCH
E25-00367,1,2025-12-08,2025-12-04,2025/12,RE,3300,C,103200.00,NVK,103200.00,R/46489/25,,70051,Nepremicnine Castrum d.o,TBER
E25-00369,1,2025-12-08,2025-12-03,2025/12,RE,3300,C,9360.00,NVK,9360.00,INV-2025-26992,,70055,Cisto Servis Malen d.o.o,TBER
E25-00371,1,2025-12-08,2025-12-04,2025/12,RE,3300,C,14880.00,NVK,14880.00,R/20131/25,,70056,Varnost Tregal d.o.o.,TBER
W25-00366,1,2025-12-09,2025-12-08,2025/12,WE,2810,C,19788.00,NVK,19788.00,D-887097,P25-0215/10,70041,EUR pallet new,WH01
W25-00366,2,2025-12-09,2025-12-08,2025/12,WE,2810,C,17480.00,NVK,17480.00,D-887097,P25-0215/20,70041,Pallet collar,WH01
W25-00366,3,2025-12-09,2025-12-08,2025/12,WE,1410,D,37268.00,NVK,37268.00,D-887097,,70041,Goods receipt P25-0215,WH01
W25-00368,1,2025-12-09,2025-12-08,2025/12,WE,2810,C,12028.00,NVK,12028.00,DN662477,P25-0224/10,70011,Carton divider set,WH02
W25-00368,2,2025-12-09,2025-12-08,2025/12,WE,1410,D,12028.00,NVK,12028.00,DN662477,,70011,Goods receipt P25-0224,WH02
W25-00369,1,2025-12-09,2025-12-09,2025/12,WE,2810,C,29800.00,NVK,29800.00,DN420661,P25-0203/10,70025,Analytical balance module,WH01
W25-00369,2,2025-12-09,2025-12-09,2025/12,WE,2810,C,6600.00,NVK,6600.00,DN420661,P25-0203/20,70025,Calibration weight set,WH01
W25-00369,3,2025-12-09,2025-12-09,2025/12,WE,1410,D,36400.00,NVK,36400.00,DN420661,,70025,Goods receipt P25-0203,WH01
W25-00370,1,2025-12-10,2025-12-10,2025/12,WE,2810,C,42480.00,NVK,42480.00,OT565318,P25-0195/10,70016,Thermal blanket pallet,WH01
W25-00370,2,2025-12-10,2025-12-10,2025/12,WE,1410,D,42480.00,NVK,42480.00,OT565318,,70016,Goods receipt P25-0195,WH01
W25-00372,1,2025-12-10,2025-12-08,2025/12,WE,2810,C,95103.70,NVK,95103.70,D-381772,P25-0206/10,70012,Bubble wrap 1.2 m,WH02
W25-00372,2,2025-12-10,2025-12-08,2025/12,WE,2810,C,31588.26,NVK,31588.26,D-381772,P25-0206/20,70012,Packing tape 48 mm,WH02
W25-00372,3,2025-12-10,2025-12-08,2025/12,WE,1410,D,126691.96,NVK,126691.96,D-381772,,70012,Goods receipt P25-0206,WH02
W25-00374,1,2025-12-10,2025-12-10,2025/12,WE,2810,C,17165.36,NVK,17165.36,DN477309,P25-0213/10,70041,Pallet collar,WH01
W25-00374,2,2025-12-10,2025-12-10,2025/12,WE,1410,D,17165.36,NVK,17165.36,DN477309,,70041,Goods receipt P25-0213,WH01
W25-00377,1,2025-12-10,2025-12-08,2025/12,WE,2810,C,263779.56,EUR,22461.75,OT994327,P25-0245/10,70025,Analytical balance module,WH01
W25-00377,2,2025-12-10,2025-12-08,2025/12,WE,2810,C,62377.71,EUR,5311.68,OT994327,P25-0245/20,70025,Calibration weight set,WH01
W25-00377,3,2025-12-10,2025-12-08,2025/12,WE,2810,C,30843.60,EUR,2626.44,OT994327,P25-0245/30,70025,,WH01
W25-00377,4,2025-12-10,2025-12-08,2025/12,WE,1410,D,357000.87,EUR,0.00,OT994327,,70025,Goods receipt P25-0245,WH01
W25-00380,1,2025-12-10,2025-12-10,2025/12,WE,2810,C,123600.00,NVK,123600.00,LS515398,P25-0222/10,70012,Bubble wrap 1.2 m,WH01
W25-00380,2,2025-12-10,2025-12-10,2025/12,WE,2810,C,78600.00,NVK,78600.00,LS515398,P25-0222/20,70012,Paper filler 70 g,WH01
W25-00380,3,2025-12-10,2025-12-10,2025/12,WE,1410,D,202200.00,NVK,202200.00,LS515398,,70012,Goods receipt P25-0222,WH01
E25-00373,1,2025-12-10,2025-12-07,2025/12,RE,3300,C,16882.73,NVK,16882.73,2025/56893,,70052,,TBER
E25-00375,1,2025-12-10,2025-12-05,2025/12,RE,3300,C,8350.10,NVK,8350.10,0062644,,70053,Norvatel d.d.,TBER
W25-00382,1,2025-12-11,2025-12-11,2025/12,WE,2810,C,58400.00,NVK,58400.00,D-921059,P25-0130/10,70011,Pallet box heavy duty,WH01
W25-00382,2,2025-12-11,2025-12-11,2025/12,WE,1410,D,58400.00,NVK,58400.00,D-921059,,70011,Goods receipt P25-0130,WH01
W25-00385,1,2025-12-12,2025-12-12,2025/12,WE,2810,C,10199.23,EUR,868.50,D-37089,P25-0158/10,70042,PCM panel set,WH01
W25-00385,2,2025-12-12,2025-12-12,2025/12,WE,2810,D,41.40,EUR,0.00,D-37089,P25-0158/10,70042,Diff. GR/IR,BATCH
W25-00385,3,2025-12-12,2025-12-12,2025/12,WE,2810,C,204160.16,EUR,17384.95,D-37089,P25-0158/20,70042,Cold box 60 l validated,WH01
W25-00385,4,2025-12-12,2025-12-12,2025/12,WE,1410,D,214359.39,EUR,0.00,D-37089,,70042,Goods receipt P25-0158,WH01
W25-00385,5,2025-12-12,2025-12-12,2025/12,WE,6950,C,41.40,EUR,0.00,D-37089,,70042,Diff. GR/IR,BATCH
W25-00387,1,2025-12-12,2025-12-12,2025/12,WE,2815,C,151519.33,EUR,12902.40,MSC-DN-427237,P25-0184/10,79001,Meritan 100 mg/5 ml susp 100,WH01
W25-00387,2,2025-12-12,2025-12-12,2025/12,WE,2815,C,330166.15,EUR,28114.80,MSC-DN-427237,P25-0184/20,79001,Merizol 40 mg caps 30x,WH01
W25-00387,3,2025-12-12,2025-12-12,2025/12,WE,2815,C,96390.65,EUR,8208.00,MSC-DN-427237,P25-0184/30,79001,Merivent 100 mg/5 ml susp 10,WH01
W25-00387,4,2025-12-12,2025-12-12,2025/12,WE,1400,D,578076.13,EUR,0.00,MSC-DN-427237,,79001,Goods receipt P25-0184,WH01
W25-00388,1,2025-12-12,2025-12-10,2025/12,WE,2810,C,123600.00,NVK,123600.00,LS515398,P25-0222/10,70012,Bubble wrap 1.2 m,WH02
W25-00388,2,2025-12-12,2025-12-10,2025/12,WE,2810,C,78600.00,NVK,78600.00,LS515398,P25-0222/20,70012,Paper filler 70 g,WH02
W25-00388,3,2025-12-12,2025-12-10,2025/12,WE,1410,D,202200.00,NVK,202200.00,LS515398,,70012,Goods receipt P25-0222,WH02
E25-00376,1,2025-12-12,2025-12-08,2025/12,RE,3350,C,154575.93,EUR,13162.68,MSC90055100,,79001,Meridia Supply Chain B.V,TBER
E25-00376,2,2025-12-12,2025-12-08,2025/12,RE,2815,D,29847.28,EUR,2541.60,MSC90055100,P25-0192/10,79001,Merilip crm 30 g,TBER
E25-00376,3,2025-12-12,2025-12-08,2025/12,RE,2815,D,47462.53,EUR,4041.60,MSC90055100,P25-0192/20,79001,Mericard 5 mg tbl 28x,TBER
E25-00376,4,2025-12-12,2025-12-08,2025/12,RE,2815,D,77266.12,EUR,6579.48,MSC90055100,P25-0192/30,79001,Meriflux 10 mg tbl 28x,TBER
E25-00378,1,2025-12-12,2025-12-07,2025/12,RE,3300,C,157764.55,NVK,157764.55,INV-2025-12183,,70045,Senzor Tehnika Olvar d.o,TBER
E25-00378,2,2025-12-12,2025-12-07,2025/12,RE,2810,D,120770.46,NVK,120770.46,INV-2025-12183,P25-0233/10,70045,Temperature data logger,TBER
E25-00378,3,2025-12-12,2025-12-07,2025/12,RE,2810,D,10700.00,NVK,10700.00,INV-2025-12183,P25-0233/20,70045,Logger docking station,TBER
E25-00379,1,2025-12-12,2025-11-10,2025/12,RE,3300,C,26904.00,NVK,26904.00,R-33067-25,,70041,Paleta Drovnik d.o.o.,MHAL
E25-00379,2,2025-12-12,2025-11-10,2025/12,RE,2810,D,15520.00,NVK,15520.00,R-33067-25,P25-0167/10,70041,EUR pallet new,MHAL
E25-00379,3,2025-12-12,2025-11-10,2025/12,RE,2810,D,6900.00,NVK,6900.00,R-33067-25,P25-0167/20,70041,Pallet collar,MHAL
W25-00390,1,2025-12-15,2025-12-08,2025/12,WE,2810,D,19788.00,NVK,19788.00,D-887097,P25-0215/10,70041,EUR pallet new,WH01
W25-00390,2,2025-12-15,2025-12-08,2025/12,WE,2810,D,17480.00,NVK,17480.00,D-887097,P25-0215/20,70041,Pallet collar,WH01
W25-00390,3,2025-12-15,2025-12-08,2025/12,WE,1410,C,37268.00,NVK,37268.00,D-887097,,70041,Goods receipt P25-0215,WH01
W25-00393,1,2025-12-15,2025-12-08,2025/12,WE,2810,C,19788.00,NVK,19788.00,D-887097,P25-0215/10,70041,EUR pallet new,WH01
W25-00393,2,2025-12-15,2025-12-08,2025/12,WE,2810,C,16560.00,NVK,16560.00,D-887097,P25-0215/20,70041,Pallet collar,WH01
W25-00393,3,2025-12-15,2025-12-08,2025/12,WE,1410,D,36348.00,NVK,36348.00,D-887097,,70041,Goods receipt P25-0215,WH01
W25-00394,1,2025-12-15,2025-12-12,2025/12,WE,2810,C,866.86,NVK,866.86,LS178087,P25-0249/10,70045,Humidity indicator card,WH01
W25-00394,2,2025-12-15,2025-12-12,2025/12,WE,2810,C,2204.20,NVK,2204.20,LS178087,P25-0249/20,70045,Logger docking station,WH01
W25-00394,3,2025-12-15,2025-12-12,2025/12,WE,1410,D,3071.06,NVK,3071.06,LS178087,,70045,Goods receipt P25-0249,WH01
W25-00397,1,2025-12-15,2025-12-15,2025/12,WE,2810,C,89400.00,NVK,89400.00,DN899801,P25-0169/10,70045,Humidity indicator card,WH02
W25-00397,2,2025-12-15,2025-12-15,2025/12,WE,1410,D,89400.00,NVK,89400.00,DN899801,,70045,Goods receipt P25-0169,WH02
E25-00381,1,2025-12-15,2025-12-08,2025/12,RE,3350,C,235096.06,EUR,20019.25,MSC90055097,,79001,Meridia Supply Chain B.V,TBER
E25-00381,2,2025-12-15,2025-12-08,2025/12,RE,2815,D,187340.42,EUR,15952.69,MSC90055097,P25-0119/10,79001,Merinor inhal 120 dos,TBER
E25-00381,3,2025-12-15,2025-12-08,2025/12,RE,2815,C,1140.62,EUR,0.00,MSC90055097,P25-0119/10,79001,Diff. GR/IR,BATCH
E25-00381,4,2025-12-15,2025-12-08,2025/12,RE,2815,D,47755.65,EUR,4066.56,MSC90055097,P25-0119/20,79001,Merilip crm 30 g,TBER
E25-00381,5,2025-12-15,2025-12-08,2025/12,RE,2815,C,290.76,EUR,0.00,MSC90055097,P25-0119/20,79001,Diff. GR/IR,BATCH
E25-00381,6,2025-12-15,2025-12-08,2025/12,RE,6950,D,1431.38,EUR,0.00,MSC90055097,,79001,Diff. GR/IR,BATCH
E25-00382,1,2025-12-15,2025-12-09,2025/12,RE,3300,C,1699.20,NVK,1699.20,R/28498/25,,70012,,TBER
E25-00382,2,2025-12-15,2025-12-09,2025/12,RE,2810,D,1416.00,NVK,1416.00,R/28498/25,P25-0207/20,70012,Packing tape 48 mm,TBER
E25-00383,1,2025-12-15,2025-12-08,2025/12,RE,3300,C,43617.60,NVK,43617.60,R/33261/25,,70041,Paleta Drovnik d.o.o.,TBER
E25-00383,2,2025-12-15,2025-12-08,2025/12,RE,2810,D,19788.00,NVK,19788.00,R/33261/25,P25-0215/10,70041,EUR pallet new,TBER
E25-00383,3,2025-12-15,2025-12-08,2025/12,RE,2810,D,16560.00,NVK,16560.00,R/33261/25,P25-0215/20,70041,Pallet collar,TBER
E25-00384,1,2025-12-15,2025-12-11,2025/12,RE,3310,C,357000.87,EUR,30399.87,INV-2025-30602,,70025,Sciomed Instruments Kere,TBER
E25-00384,2,2025-12-15,2025-12-11,2025/12,RE,2810,D,263779.56,EUR,22461.75,INV-2025-30602,P25-0245/10,70025,Analytical balance module,TBER
E25-00384,3,2025-12-15,2025-12-11,2025/12,RE,2810,D,62377.71,EUR,5311.68,INV-2025-30602,P25-0245/20,70025,Calibration weight set,TBER
E25-00384,4,2025-12-15,2025-12-11,2025/12,RE,2810,D,30843.60,EUR,2626.44,INV-2025-30602,P25-0245/30,70025,Stability chamber sensor,TBER
E25-00385,1,2025-12-15,2025-12-12,2025/12,RE,3300,C,3685.27,NVK,3685.27,INV-2025-12216,,70045,Senzor Tehnika Olvar d.o,TBER
E25-00385,2,2025-12-15,2025-12-12,2025/12,RE,2810,D,866.86,NVK,866.86,INV-2025-12216,P25-0249/10,70045,Humidity indicator card,TBER
E25-00385,3,2025-12-15,2025-12-12,2025/12,RE,2810,D,2204.20,NVK,2204.20,INV-2025-12216,P25-0249/20,70045,Logger docking station,TBER
W25-00399,1,2025-12-16,2025-12-16,2025/12,WE,2810,C,5520.00,NVK,5520.00,OT244868,P25-0251/10,70033,Toner cartridge colour set,WH01
W25-00399,2,2025-12-16,2025-12-16,2025/12,WE,2810,C,5450.00,NVK,5450.00,OT244868,P25-0251/20,70033,Toner cartridge black,WH01
W25-00399,3,2025-12-16,2025-12-16,2025/12,WE,1410,D,10970.00,NVK,10970.00,OT244868,,70033,Goods receipt P25-0251,WH01
W25-00401,1,2025-12-16,2025-12-16,2025/12,WE,2810,D,4800.00,NVK,4800.00,D-722437,P25-0149/10,70013,Label cold-chain warning,WH01
W25-00401,2,2025-12-16,2025-12-16,2025/12,WE,1410,C,4800.00,NVK,4800.00,D-722437,,70013,Goods receipt P25-0149,WH01
W25-00402,1,2025-12-18,2025-12-17,2025/12,WE,2815,C,41699.05,EUR,3550.82,MSC-DN-433758,P25-0159/20,79001,Merivent 40 mg caps 30x,WH02
W25-00402,2,2025-12-18,2025-12-17,2025/12,WE,2815,D,84.62,EUR,0.00,MSC-DN-433758,P25-0159/20,79001,Diff. GR/IR,BATCH
W25-00402,3,2025-12-18,2025-12-17,2025/12,WE,2815,C,664351.40,EUR,56571.84,MSC-DN-433758,P25-0159/30,79001,Meripain 5 mg tbl 28x,WH02
W25-00402,4,2025-12-18,2025-12-17,2025/12,WE,2815,D,1040.11,EUR,0.00,MSC-DN-433758,P25-0159/30,79001,Diff. GR/IR,BATCH
W25-00402,5,2025-12-18,2025-12-17,2025/12,WE,1400,D,706050.45,EUR,0.00,MSC-DN-433758,,79001,Goods receipt P25-0159,WH02
W25-00402,6,2025-12-18,2025-12-17,2025/12,WE,6950,C,1124.73,EUR,0.00,MSC-DN-433758,,79001,Diff. GR/IR,BATCH
W25-00403,1,2025-12-18,2025-12-16,2025/12,WE,2810,C,2255.68,NVK,2255.68,D-64041,P25-0209/10,70034,Desk organiser set,WH01
W25-00403,2,2025-12-18,2025-12-16,2025/12,WE,1410,D,2255.68,NVK,2255.68,D-64041,,70034,,WH01
E25-00387,1,2025-12-18,2025-12-11,2025/12,RE,3310,C,94963.58,EUR,8086.48,0019613,,70024,Vitrum Laborbedarf Halde,TBER
E25-00387,2,2025-12-18,2025-12-11,2025/12,RE,2810,D,53332.64,EUR,4541.46,0019613,P25-0236/10,70024,Volumetric flask set,TBER
E25-00387,3,2025-12-18,2025-12-11,2025/12,RE,2810,D,41630.94,EUR,3545.02,0019613,P25-0236/20,70024,Glass burette 50 ml,TBER
W25-00406,1,2025-12-19,2025-12-19,2025/12,WE,2810,C,6420.00,NVK,6420.00,OT780322,P25-0212/10,70045,Logger docking station,WH01
W25-00406,2,2025-12-19,2025-12-19,2025/12,WE,1410,D,6420.00,NVK,6420.00,OT780322,,70045,,WH01
W25-00409,1,2025-12-19,2025-12-19,2025/12,WE,2815,C,231464.38,EUR,19710.00,MSC-DN-434582,P25-0199/10,79001,Mericard inhal 120 dos,WH01
W25-00409,2,2025-12-19,2025-12-19,2025/12,WE,2815,C,448740.74,EUR,38211.84,MSC-DN-434582,P25-0199/20,79001,Merigast 5 mg tbl 28x,WH01
W25-00409,3,2025-12-19,2025-12-19,2025/12,WE,1400,D,680205.12,EUR,0.00,MSC-DN-434582,,79001,Goods receipt P25-0199,WH01
E25-00389,1,2025-12-19,2025-12-15,2025/12,RE,3300,C,40866.64,NVK,40866.64,INV-2025-56701,,70060,Agencija Pikto d.o.o.,TBER
J25-0065,1,2025-12-19,2025-12-19,2025/12,SA,2810,D,239800.00,NVK,239800.00,,P25-0076/10,70043,GR/IR diff cleared,DPET
J25-0065,2,2025-12-19,2025-12-19,2025/12,SA,5890,C,239800.00,NVK,239800.00,,P25-0076/10,,GR/IR diff cleared,DPET
J25-0065,3,2025-12-19,2025-12-19,2025/12,SA,2810,D,73200.00,NVK,73200.00,,P25-0076/20,70043,GR/IR diff cleared,DPET
J25-0065,4,2025-12-19,2025-12-19,2025/12,SA,5890,C,73200.00,NVK,73200.00,,P25-0076/20,,GR/IR diff cleared,DPET
W25-00412,1,2025-12-22,2025-12-19,2025/12,WE,2810,C,1117.25,NVK,1117.25,OT339159,P25-0164/10,70033,Toner cartridge black,WH01
W25-00412,2,2025-12-22,2025-12-19,2025/12,WE,2810,C,2721.36,NVK,2721.36,OT339159,P25-0164/20,70033,Toner cartridge colour set,WH01
W25-00412,3,2025-12-22,2025-12-19,2025/12,WE,1410,D,3838.61,NVK,3838.61,OT339159,,70033,Goods receipt P25-0164,WH01
E25-00391,1,2025-12-22,2025-12-18,2025/12,RE,3310,C,215175.33,EUR,18322.93,2025/40513,,70042,,TBER
E25-00391,2,2025-12-22,2025-12-18,2025/12,RE,2810,D,11015.17,EUR,937.98,2025/40513,P25-0158/10,70042,PCM panel set,TBER
E25-00391,3,2025-12-22,2025-12-18,2025/12,RE,2810,C,857.34,EUR,0.00,2025/40513,P25-0158/10,70042,Diff. GR/IR,BATCH
E25-00391,4,2025-12-22,2025-12-18,2025/12,RE,2810,D,204160.16,EUR,17384.95,2025/40513,P25-0158/20,70042,Cold box 60 l validated,TBER
E25-00391,5,2025-12-22,2025-12-18,2025/12,RE,6950,D,857.34,EUR,0.00,2025/40513,,70042,Diff. GR/IR,BATCH
E25-00392,1,2025-12-22,2025-12-14,2025/12,RE,3300,C,152030.35,NVK,152030.35,R/28539/25,,70012,Brenko Pak d.o.o.,TBER
E25-00392,2,2025-12-22,2025-12-14,2025/12,RE,2810,D,95103.70,NVK,95103.70,R/28539/25,P25-0206/10,70012,Bubble wrap 1.2 m,TBER
E25-00392,3,2025-12-22,2025-12-14,2025/12,RE,2810,D,31588.26,NVK,31588.26,R/28539/25,P25-0206/20,70012,Packing tape 48 mm,TBER
E25-00393,1,2025-12-22,2025-12-16,2025/12,RE,3300,C,4083.42,NVK,4083.42,INV-2025-34727,,70034,,MHAL
E25-00393,2,2025-12-22,2025-12-16,2025/12,RE,2810,D,3402.85,NVK,3402.85,INV-2025-34727,P25-0209/10,70034,Desk organiser set,MHAL
E25-00393,3,2025-12-22,2025-12-16,2025/12,RE,2810,D,141.79,NVK,0.00,INV-2025-34727,P25-0209/10,70034,Diff. GR/IR,BATCH
E25-00393,4,2025-12-22,2025-12-16,2025/12,RE,5890,C,141.79,NVK,0.00,INV-2025-34727,,70034,Diff. GR/IR,BATCH
E25-00395,1,2025-12-22,2025-12-15,2025/12,RE,3300,C,14433.60,NVK,14433.60,INV-2025-25459,,70011,Kartonaza Velmir d.o.o.,TBER
E25-00395,2,2025-12-22,2025-12-15,2025/12,RE,2810,D,12028.00,NVK,12028.00,INV-2025-25459,P25-0224/10,70011,Carton divider set,TBER
E25-00396,1,2025-12-22,2025-12-14,2025/12,RE,3300,C,149796.14,NVK,149796.14,R/28536/25,,70012,Brenko Pak d.o.o.,TBER
E25-00396,2,2025-12-22,2025-12-14,2025/12,RE,2810,D,45207.72,NVK,45207.72,R/28536/25,P25-0248/10,70012,Bubble wrap 1.2 m,TBER
E25-00396,3,2025-12-22,2025-12-14,2025/12,RE,2810,D,79622.40,NVK,79622.40,R/28536/25,P25-0248/20,70012,Paper filler 70 g,TBER
E25-00397,1,2025-12-22,2025-12-15,2025/12,RE,3300,C,29870.44,NVK,29870.44,INV-2025-39734,,70065,Spedicija Karvel d.o.o.,TBER
E25-00398,1,2025-12-23,2025-12-18,2025/12,RE,3300,C,50976.00,NVK,50976.00,INV-2025-58994,,70016,Ambalaza Krestov d.d.,TBER
E25-00398,2,2025-12-23,2025-12-18,2025/12,RE,2810,D,42480.00,NVK,42480.00,INV-2025-58994,P25-0195/10,70016,Thermal blanket pallet,TBER
E25-00399,1,2025-12-23,2025-12-20,2025/12,RE,3350,C,1051724.37,EUR,89558.00,MSC90055183,,79001,Meridia Supply Chain B.V,TBER
E25-00399,2,2025-12-23,2025-12-20,2025/12,RE,2815,D,255519.77,EUR,21758.40,MSC90055183,P25-0240/10,79001,Meripain 5 mg tbl 28x,TBER
E25-00399,3,2025-12-23,2025-12-20,2025/12,RE,2815,D,682298.41,EUR,58100.09,MSC90055183,P25-0240/20,79001,Meriderm 40 mg caps 30x,TBER
E25-00399,4,2025-12-23,2025-12-20,2025/12,RE,2815,D,113906.20,EUR,9699.51,MSC90055183,P25-0240/30,79001,Mericard inhal 120 dos,TBER
W25-00414,1,2025-12-24,2025-12-23,2025/12,WE,2815,C,29847.28,EUR,2541.60,MSC-DN-451647,P25-0192/10,79001,Merilip crm 30 g,WH01
W25-00414,2,2025-12-24,2025-12-23,2025/12,WE,2815,C,47462.53,EUR,4041.60,MSC-DN-451647,P25-0192/20,79001,Mericard 5 mg tbl 28x,WH01
W25-00414,3,2025-12-24,2025-12-23,2025/12,WE,2815,C,77266.12,EUR,6579.48,MSC-DN-451647,P25-0192/30,79001,Meriflux 10 mg tbl 28x,WH01
W25-00414,4,2025-12-24,2025-12-23,2025/12,WE,1400,D,154575.93,EUR,0.00,MSC-DN-451647,,79001,Goods receipt P25-0192,WH01
W25-00415,1,2025-12-24,2025-12-22,2025/12,WE,2810,C,15008.00,NVK,15008.00,DN395415,P25-0234/10,70016,Insulated shipper 12 l,WH01
W25-00415,2,2025-12-24,2025-12-22,2025/12,WE,2810,C,14386.56,NVK,14386.56,DN395415,P25-0234/30,70016,Thermal blanket pallet,WH01
W25-00415,3,2025-12-24,2025-12-22,2025/12,WE,1410,D,29394.56,NVK,29394.56,DN395415,,70016,Goods receipt P25-0234,WH01
W25-00416,1,2025-12-24,2025-12-23,2025/12,WE,2810,C,62440.65,NVK,62440.65,DN311099,P25-0254/10,70043,Cool container liner,WH01
W25-00416,2,2025-12-24,2025-12-23,2025/12,WE,2810,C,13420.00,NVK,13420.00,DN311099,P25-0254/20,70043,Transport seal numbered,WH01
W25-00416,3,2025-12-24,2025-12-23,2025/12,WE,1410,D,75860.65,NVK,75860.65,DN311099,,70043,Goods receipt P25-0254,WH01
E25-00401,1,2025-12-24,2025-12-19,2025/12,RE,3300,C,4606.33,NVK,4606.33,0008705,,70033,Toner Servis Plavic d.o.,DPET
E25-00401,2,2025-12-24,2025-12-19,2025/12,RE,2810,D,1117.25,NVK,1117.25,0008705,P25-0164/10,70033,Toner cartridge black,DPET
E25-00401,3,2025-12-24,2025-12-19,2025/12,RE,2810,D,2721.36,NVK,2721.36,0008705,P25-0164/20,70033,Toner cartridge colour set,DPET
W25-00418,1,2025-12-25,2025-12-25,2025/12,WE,2810,C,19788.00,NVK,19788.00,LS790761,P25-0215/10,70041,EUR pallet new,WH01
W25-00418,2,2025-12-25,2025-12-25,2025/12,WE,1410,D,19788.00,NVK,19788.00,LS790761,,70041,Goods receipt P25-0215,WH01
W25-00421,1,2025-12-25,2025-12-22,2025/12,WE,2810,C,4404.12,NVK,4404.12,OT416098,P25-0218/10,70045,Logger docking station,WH02
W25-00421,2,2025-12-25,2025-12-22,2025/12,WE,2810,C,13536.90,NVK,13536.90,OT416098,P25-0218/20,70045,Humidity indicator card,WH02
W25-00421,3,2025-12-25,2025-12-22,2025/12,WE,2810,C,26739.54,NVK,26739.54,OT416098,P25-0218/30,70045,Temperature data logger,WH02
W25-00421,4,2025-12-25,2025-12-22,2025/12,WE,1410,D,44680.56,NVK,44680.56,OT416098,,70045,Goods receipt P25-0218,WH02
W25-00422,1,2025-12-25,2025-12-25,2025/12,WE,2810,C,26772.00,NVK,26772.00,DN590842,P25-0224/10,70011,Carton divider set,WH02
W25-00422,2,2025-12-25,2025-12-25,2025/12,WE,2810,C,146563.56,NVK,146563.56,DN590842,P25-0224/20,70011,Pallet box heavy duty,WH02
W25-00422,3,2025-12-25,2025-12-25,2025/12,WE,2810,C,61594.23,NVK,61594.23,DN590842,P25-0224/30,70011,Shipping carton 600x400x300,WH02
W25-00422,4,2025-12-25,2025-12-25,2025/12,WE,1410,D,234929.79,NVK,234929.79,DN590842,,70011,Goods receipt P25-0224,WH02
W25-00425,1,2025-12-25,2025-12-23,2025/12,WE,2810,C,50960.00,NVK,50960.00,D-55398,P25-0228/10,70021,Pipette tips 200 ul,WH01
W25-00425,2,2025-12-25,2025-12-23,2025/12,WE,2810,C,21080.00,NVK,21080.00,D-55398,P25-0228/20,70021,Nitrile gloves M,WH01
W25-00425,3,2025-12-25,2025-12-23,2025/12,WE,1410,D,72040.00,NVK,72040.00,D-55398,,70021,Goods receipt P25-0228,WH01
W25-00428,1,2025-12-25,2025-12-25,2025/12,WE,2810,C,9535.46,NVK,9535.46,LS252900,P25-0249/10,70045,Humidity indicator card,WH02
W25-00428,2,2025-12-25,2025-12-25,2025/12,WE,2810,C,13225.20,NVK,13225.20,LS252900,P25-0249/20,70045,Logger docking station,WH02
W25-00428,3,2025-12-25,2025-12-25,2025/12,WE,1410,D,22760.66,NVK,22760.66,LS252900,,70045,Goods receipt P25-0249,WH02
E25-00402,1,2025-12-25,2025-12-18,2025/12,RE,3300,C,20598.43,NVK,20598.43,R/33337/25,,70041,Paleta Drovnik d.o.o.,TBER
E25-00402,2,2025-12-25,2025-12-18,2025/12,RE,2810,D,17165.36,NVK,17165.36,R/33337/25,P25-0213/10,70041,Pallet collar,TBER
E25-00404,1,2025-12-26,2025-12-22,2025/12,RE,3350,C,2051916.27,EUR,174727.83,MSC90055198,,79001,Meridia Supply Chain B.V,TBER
E25-00404,2,2025-12-26,2025-12-22,2025/12,RE,2815,D,1134170.20,EUR,96578.55,MSC90055198,P25-0227/10,79001,Meripain 10 mg tbl 28x,TBER
E25-00404,3,2025-12-26,2025-12-22,2025/12,RE,2815,D,822691.36,EUR,70055.04,MSC90055198,P25-0227/20,79001,Merigast 5 mg tbl 28x,TBER
E25-00404,4,2025-12-26,2025-12-22,2025/12,RE,2815,D,95054.71,EUR,8094.24,MSC90055198,P25-0227/30,79001,Meriderm 100 mg/5 ml susp 10,TBER
E25-00405,1,2025-12-29,2025-12-22,2025/12,RE,3300,C,2706.82,NVK,2706.82,INV-2025-34771,,70034,,TBER
E25-00405,2,2025-12-29,2025-12-22,2025/12,RE,2810,D,2255.68,NVK,2255.68,INV-2025-34771,P25-0209/10,70034,Desk organiser set,TBER
E25-00407,1,2025-12-29,2025-12-24,2025/12,RE,3350,C,1643515.39,EUR,139951.07,MSC90055211,,79001,Meridia Supply Chain B.V,TBER
E25-00407,2,2025-12-29,2025-12-24,2025/12,RE,2815,D,101851.38,EUR,8673.00,MSC90055211,P25-0219/10,79001,Merigast inhal 120 dos,TBER
E25-00407,3,2025-12-29,2025-12-24,2025/12,RE,2815,D,196478.97,EUR,16730.87,MSC90055211,P25-0219/20,79001,Merinor inhal 120 dos,TBER
E25-00407,4,2025-12-29,2025-12-24,2025/12,RE,2815,D,1123666.93,EUR,95684.16,MSC90055211,P25-0219/30,79001,Meritan 40 mg caps 30x,TBER
E25-00407,5,2025-12-29,2025-12-24,2025/12,RE,2815,D,221518.11,EUR,18863.04,MSC90055211,P25-0219/40,79001,Meriflux 5 mg tbl 28x,TBER
E25-00409,1,2025-12-29,2025-12-25,2025/12,RE,3300,C,35273.47,NVK,35273.47,INV-2025-59039,,70016,Ambalaza Krestov d.d.,TBER
E25-00409,2,2025-12-29,2025-12-25,2025/12,RE,2810,D,15008.00,NVK,15008.00,INV-2025-59039,P25-0234/10,70016,Insulated shipper 12 l,TBER
E25-00409,3,2025-12-29,2025-12-25,2025/12,RE,2810,D,14386.56,NVK,14386.56,INV-2025-59039,P25-0234/30,70016,Thermal blanket pallet,TBER
E25-00410,1,2025-12-29,2025-12-23,2025/12,RE,3300,C,12967.80,NVK,12967.80,0008732,,70033,Toner Servis Plavic d.o.,TBER
E25-00410,2,2025-12-29,2025-12-23,2025/12,RE,2810,D,5520.00,NVK,5520.00,0008732,P25-0251/10,70033,Toner cartridge colour set,TBER
E25-00410,3,2025-12-29,2025-12-23,2025/12,RE,2810,D,5286.50,NVK,5286.50,0008732,P25-0251/20,70033,Toner cartridge black,TBER
E25-00410,4,2025-12-29,2025-12-23,2025/12,RE,2810,D,163.50,NVK,0.00,0008732,P25-0251/20,70033,Diff. GR/IR,BATCH
E25-00410,5,2025-12-29,2025-12-23,2025/12,RE,5890,C,163.50,NVK,0.00,0008732,,70033,Diff. GR/IR,BATCH
E25-00411,1,2025-12-30,2025-12-23,2025/12,RE,3300,C,7704.00,NVK,7704.00,INV-2025-12294,,70045,Senzor Tehnika Olvar d.o,TBER
E25-00411,2,2025-12-30,2025-12-23,2025/12,RE,2810,D,6420.00,NVK,6420.00,INV-2025-12294,P25-0212/10,70045,Logger docking station,TBER
E25-00413,1,2025-12-30,2025-12-25,2025/12,RE,3300,C,86448.00,NVK,86448.00,R/61218/25,,70021,Labtek Soran d.o.o.,TBER
E25-00413,2,2025-12-30,2025-12-25,2025/12,RE,2810,D,50960.00,NVK,50960.00,R/61218/25,P25-0228/10,70021,Pipette tips 200 ul,TBER
E25-00413,3,2025-12-30,2025-12-25,2025/12,RE,2810,D,21080.00,NVK,21080.00,R/61218/25,P25-0228/20,70021,Nitrile gloves M,TBER
E25-00414,1,2025-12-30,2025-12-25,2025/12,RE,3300,C,28582.44,NVK,28582.44,INV-2025-12310,,70045,Senzor Tehnika Olvar d.o,TBER
E25-00414,2,2025-12-30,2025-12-25,2025/12,RE,2810,D,9535.46,NVK,9535.46,INV-2025-12310,P25-0249/10,70045,Humidity indicator card,TBER
E25-00414,3,2025-12-30,2025-12-25,2025/12,RE,2810,D,14283.24,NVK,14283.24,INV-2025-12310,P25-0249/20,70045,Logger docking station,TBER
E25-00414,4,2025-12-30,2025-12-25,2025/12,RE,2810,C,1058.04,NVK,0.00,INV-2025-12310,P25-0249/20,70045,Diff. GR/IR,BATCH
E25-00414,5,2025-12-30,2025-12-25,2025/12,RE,5890,D,1058.04,NVK,0.00,INV-2025-12310,,70045,Diff. GR/IR,BATCH
E25-00415,1,2025-12-30,2025-12-28,2025/12,RE,3300,C,91032.78,NVK,91032.78,F-015904,,70043,Termo Log Savrin d.o.o.,TBER
E25-00415,2,2025-12-30,2025-12-28,2025/12,RE,2810,D,62440.65,NVK,62440.65,F-015904,P25-0254/10,70043,Cool container liner,TBER
E25-00415,3,2025-12-30,2025-12-28,2025/12,RE,2810,D,13420.00,NVK,13420.00,F-015904,P25-0254/20,70043,,TBER
E25-00417,1,2025-12-31,2025-12-28,2025/12,RE,3350,C,1466359.64,EUR,124865.64,MSC90055236,,79001,Meridia Supply Chain B.V,TBER
E25-00417,2,2025-12-31,2025-12-28,2025/12,RE,2815,D,191941.40,EUR,16344.48,MSC90055236,P25-0255/10,79001,Mericard crm 30 g,TBER
E25-00417,3,2025-12-31,2025-12-28,2025/12,RE,2815,D,945423.15,EUR,80506.08,MSC90055236,P25-0255/20,79001,Meripain 5 mg tbl 28x,TBER
E25-00417,4,2025-12-31,2025-12-28,2025/12,RE,2815,D,114124.27,EUR,9718.08,MSC90055236,P25-0255/30,79001,Merinor 250 mg inj 5 amp,TBER
E25-00417,5,2025-12-31,2025-12-28,2025/12,RE,2815,D,214870.82,EUR,18297.00,MSC90055236,P25-0255/40,79001,Merivent 100 mg/5 ml susp 10,TBER
J25-0066,1,2025-12-31,2025-12-31,2025/12,SA,2815,C,101851.38,NVK,101851.38,,P25-0219/10,79001,Goods in transit group,MHAL
J25-0066,2,2025-12-31,2025-12-31,2025/12,SA,2815,C,196478.97,NVK,196478.97,,P25-0219/20,79001,Goods in transit group,MHAL
J25-0066,3,2025-12-31,2025-12-31,2025/12,SA,2815,C,1123666.93,NVK,1123666.93,,P25-0219/30,79001,Goods in transit group,MHAL
J25-0066,4,2025-12-31,2025-12-31,2025/12,SA,2815,C,221518.11,NVK,221518.11,,P25-0219/40,79001,Goods in transit group,MHAL
J25-0066,5,2025-12-31,2025-12-31,2025/12,SA,2815,C,1134170.20,NVK,1134170.20,,P25-0227/10,79001,Goods in transit group,MHAL
J25-0066,6,2025-12-31,2025-12-31,2025/12,SA,2815,C,822691.36,NVK,822691.36,,P25-0227/20,79001,Goods in transit group,MHAL
J25-0066,7,2025-12-31,2025-12-31,2025/12,SA,2815,C,95054.71,NVK,95054.71,,P25-0227/30,79001,Goods in transit group,MHAL
J25-0066,8,2025-12-31,2025-12-31,2025/12,SA,2815,C,255519.77,NVK,255519.77,,P25-0240/10,79001,Goods in transit group,MHAL
J25-0066,9,2025-12-31,2025-12-31,2025/12,SA,2815,C,682298.41,NVK,682298.41,,P25-0240/20,79001,Goods in transit group,MHAL
J25-0066,10,2025-12-31,2025-12-31,2025/12,SA,2815,C,113906.20,NVK,113906.20,,P25-0240/30,79001,Goods in transit group,MHAL
J25-0066,11,2025-12-31,2025-12-31,2025/12,SA,2815,C,191941.40,NVK,191941.40,,P25-0255/10,79001,Goods in transit group,MHAL
J25-0066,12,2025-12-31,2025-12-31,2025/12,SA,2815,C,945423.15,NVK,945423.15,,P25-0255/20,79001,Goods in transit group,MHAL
J25-0066,13,2025-12-31,2025-12-31,2025/12,SA,2815,C,114124.27,NVK,114124.27,,P25-0255/30,79001,Goods in transit group,MHAL
J25-0066,14,2025-12-31,2025-12-31,2025/12,SA,2815,C,214870.82,NVK,214870.82,,P25-0255/40,79001,Goods in transit group,MHAL
J25-0066,15,2025-12-31,2025-12-31,2025/12,SA,1450,D,6213515.68,NVK,6213515.68,,,,Goods in transit group,MHAL
